ISO-10303-21;
HEADER;
FILE_DESCRIPTION(('SolidDesigner STEP Export'),'2;1');
FILE_NAME('smkds_2.5-2-5.08.stp','2011-02-08T 8:37:03',(''),(''),
'CoCreate Modeling STEP processor for AP214 (Solid Model)',
'CoCreate Modeling 16.00A  16-Aug-2008 (C) Parametric Technology GmbH',
'');
FILE_SCHEMA(('AUTOMOTIVE_DESIGN { 1 0 10303 214 1 1 1 1 }'));
ENDSEC;
DATA;
#10=CARTESIAN_POINT('',(-74.8696426382196,46.6490283340259,-5.08));
#20=DIRECTION('',(0.,-1.,0.));
#30=DIRECTION('',(-1.,0.,0.));
#40=AXIS2_PLACEMENT_3D('',#10,#20,#30);
#50=CYLINDRICAL_SURFACE('',#40,2.);
#60=CARTESIAN_POINT('',(-72.8696426382196,46.6490283340259,-5.08));
#70=DIRECTION('',(0.,-1.,0.));
#80=VECTOR('',#70,1.);
#90=LINE('',#60,#80);
#100=CARTESIAN_POINT('',(-72.8696426382196,48.1546907667285,-5.08));
#110=VERTEX_POINT('',#100);
#120=CARTESIAN_POINT('',(-72.8696426382196,45.1433659013233,-5.08));
#130=VERTEX_POINT('',#120);
#140=EDGE_CURVE('',#110,#130,#90,.T.);
#150=ORIENTED_EDGE('',*,*,#140,.F.);
#160=CARTESIAN_POINT('',(-74.8696426382196,45.1433659013233,-5.08));
#170=DIRECTION('',(0.,1.,0.));
#180=DIRECTION('',(-1.,0.,0.));
#190=AXIS2_PLACEMENT_3D('',#160,#170,#180);
#200=CIRCLE('',#190,2.);
#210=CARTESIAN_POINT('',(-76.8696426382196,45.1433659013233,-5.08));
#220=VERTEX_POINT('',#210);
#230=EDGE_CURVE('',#130,#220,#200,.T.);
#240=ORIENTED_EDGE('',*,*,#230,.F.);
#250=CARTESIAN_POINT('',(-76.8696426382196,46.6490283340259,-5.08));
#260=DIRECTION('',(0.,-1.,0.));
#270=VECTOR('',#260,1.);
#280=LINE('',#250,#270);
#290=CARTESIAN_POINT('',(-76.8696426382196,48.1546907667285,-5.08));
#300=VERTEX_POINT('',#290);
#310=EDGE_CURVE('',#300,#220,#280,.T.);
#320=ORIENTED_EDGE('',*,*,#310,.T.);
#330=CARTESIAN_POINT('',(-74.8696426382196,48.1546907667285,-5.08));
#340=DIRECTION('',(0.,-1.,0.));
#350=DIRECTION('',(-1.,0.,0.));
#360=AXIS2_PLACEMENT_3D('',#330,#340,#350);
#370=CIRCLE('',#360,2.);
#380=EDGE_CURVE('',#300,#110,#370,.T.);
#390=ORIENTED_EDGE('',*,*,#380,.F.);
#400=EDGE_LOOP('',(#390,#320,#240,#150));
#410=FACE_OUTER_BOUND('',#400,.T.);
#420=ADVANCED_FACE('',(#410),#50,.F.);
#430=COLOUR_RGB('',0.501960813999176,1.,0.501960813999176);
#440=FILL_AREA_STYLE_COLOUR('',#430);
#450=FILL_AREA_STYLE('',(#440));
#460=SURFACE_STYLE_FILL_AREA(#450);
#470=SURFACE_SIDE_STYLE('',(#460));
#480=SURFACE_STYLE_USAGE(.BOTH.,#470);
#490=PRESENTATION_STYLE_ASSIGNMENT((#480));
#500=CARTESIAN_POINT('',(-68.5833611172451,37.1991819096845,1.4));
#510=DIRECTION('',(-0.33259505071329,-0.279080384384898,
0.900829990227125));
#520=DIRECTION('',(-0.690075808208426,-0.579042356152026,
-0.43417200359696));
#530=AXIS2_PLACEMENT_3D('',#500,#510,#520);
#540=PLANE('',#530);
#550=CARTESIAN_POINT('',(-74.2521015510357,0.,-12.2173941046553));
#560=DIRECTION('',(0.0824964598005999,0.942938850313625,
0.322584343528306));
#570=VECTOR('',#560,1.);
#580=LINE('',#550,#570);
#590=CARTESIAN_POINT('',(-70.7696425094339,39.8046906132475,1.4));
#600=VERTEX_POINT('',#590);
#610=CARTESIAN_POINT('',(-70.6034139199488,41.7046904597667,2.05));
#620=VERTEX_POINT('',#610);
#630=EDGE_CURVE('',#600,#620,#580,.T.);
#640=ORIENTED_EDGE('',*,*,#630,.T.);
#650=CARTESIAN_POINT('',(-37.3695412967334,0.,1.4));
#660=DIRECTION('',(-0.642787609686525,0.76604444311899,0.));
#670=VECTOR('',#660,1.);
#680=LINE('',#650,#670);
#690=CARTESIAN_POINT('',(-68.5833611172451,37.1991819096845,1.4));
#700=VERTEX_POINT('',#690);
#710=EDGE_CURVE('',#700,#600,#680,.T.);
#720=ORIENTED_EDGE('',*,*,#710,.T.);
#730=CARTESIAN_POINT('',(0.,81.737765927531,40.5198472507033));
#740=DIRECTION('',(-0.75655926528349,-0.491315646424862,
-0.431540280497459));
#750=VECTOR('',#740,1.);
#760=LINE('',#730,#750);
#770=CARTESIAN_POINT('',(-67.4438069558876,37.9392175091609,
2.05000000000003));
#780=VERTEX_POINT('',#770);
#790=EDGE_CURVE('',#780,#700,#760,.T.);
#800=ORIENTED_EDGE('',*,*,#790,.T.);
#810=CARTESIAN_POINT('',(-35.6090235367975,0.,2.05));
#820=DIRECTION('',(0.642787609686522,-0.766044443118993,0.));
#830=VECTOR('',#820,1.);
#840=LINE('',#810,#830);
#850=EDGE_CURVE('',#620,#780,#840,.T.);
#860=ORIENTED_EDGE('',*,*,#850,.T.);
#870=EDGE_LOOP('',(#860,#800,#720,#640));
#880=FACE_OUTER_BOUND('',#870,.T.);
#890=ADVANCED_FACE('',(#880),#540,.F.);
#900=COLOUR_RGB('',0.501960813999176,1.,0.501960813999176);
#910=FILL_AREA_STYLE_COLOUR('',#900);
#920=FILL_AREA_STYLE('',(#910));
#930=SURFACE_STYLE_FILL_AREA(#920);
#940=SURFACE_SIDE_STYLE('',(#930));
#950=SURFACE_STYLE_USAGE(.BOTH.,#940);
#960=PRESENTATION_STYLE_ASSIGNMENT((#950));
#970=CARTESIAN_POINT('',(-74.8696426382196,44.987308870613,-5.08));
#980=DIRECTION('',(0.,1.,0.));
#990=DIRECTION('',(-1.,0.,0.));
#1000=AXIS2_PLACEMENT_3D('',#970,#980,#990);
#1010=CYLINDRICAL_SURFACE('',#1000,1.9);
#1020=CARTESIAN_POINT('',(-72.9696426382196,44.987308870613,-5.08));
#1030=DIRECTION('',(0.,1.,0.));
#1040=VECTOR('',#1030,1.);
#1050=LINE('',#1020,#1040);
#1060=CARTESIAN_POINT('',(-72.9696426382196,45.1433659013233,-5.08));
#1070=VERTEX_POINT('',#1060);
#1080=CARTESIAN_POINT('',(-72.9696426382196,46.4433659013232,-5.08));
#1090=VERTEX_POINT('',#1080);
#1100=EDGE_CURVE('',#1070,#1090,#1050,.T.);
#1110=ORIENTED_EDGE('',*,*,#1100,.F.);
#1120=CARTESIAN_POINT('',(-74.8696426382196,46.4433659013232,-5.08));
#1130=DIRECTION('',(0.,1.,0.));
#1140=DIRECTION('',(-1.,0.,0.));
#1150=AXIS2_PLACEMENT_3D('',#1120,#1130,#1140);
#1160=CIRCLE('',#1150,1.9);
#1170=CARTESIAN_POINT('',(-75.9426665294287,46.4433659013232,
-6.64799863803974));
#1180=VERTEX_POINT('',#1170);
#1190=EDGE_CURVE('',#1090,#1180,#1160,.T.);
#1200=ORIENTED_EDGE('',*,*,#1190,.F.);
#1210=CARTESIAN_POINT('',(-75.9426665294287,44.987308870613,
-6.64799863803974));
#1220=DIRECTION('',(0.,1.,0.));
#1230=VECTOR('',#1220,1.);
#1240=LINE('',#1210,#1230);
#1250=CARTESIAN_POINT('',(-75.9426665294287,45.4433659013232,
-6.64799863803975));
#1260=VERTEX_POINT('',#1250);
#1270=EDGE_CURVE('',#1260,#1180,#1240,.T.);
#1280=ORIENTED_EDGE('',*,*,#1270,.T.);
#1290=CARTESIAN_POINT('',(-74.8696426382196,45.4433659013232,-5.08));
#1300=DIRECTION('',(0.,1.,0.));
#1310=DIRECTION('',(-1.,0.,0.));
#1320=AXIS2_PLACEMENT_3D('',#1290,#1300,#1310);
#1330=CIRCLE('',#1320,1.9);
#1340=CARTESIAN_POINT('',(-76.4376412762593,45.4433659013232,
-6.15302389120914));
#1350=VERTEX_POINT('',#1340);
#1360=EDGE_CURVE('',#1260,#1350,#1330,.T.);
#1370=ORIENTED_EDGE('',*,*,#1360,.F.);
#1380=CARTESIAN_POINT('',(-76.4376412762593,44.987308870613,
-6.15302389120914));
#1390=DIRECTION('',(0.,1.,0.));
#1400=VECTOR('',#1390,1.);
#1410=LINE('',#1380,#1400);
#1420=CARTESIAN_POINT('',(-76.4376412762594,46.4433659013232,
-6.15302389120908));
#1430=VERTEX_POINT('',#1420);
#1440=EDGE_CURVE('',#1350,#1430,#1410,.T.);
#1450=ORIENTED_EDGE('',*,*,#1440,.F.);
#1460=CARTESIAN_POINT('',(-74.8696426382196,46.4433659013232,-5.08));
#1470=DIRECTION('',(0.,1.,0.));
#1480=DIRECTION('',(-1.,0.,0.));
#1490=AXIS2_PLACEMENT_3D('',#1460,#1470,#1480);
#1500=CIRCLE('',#1490,1.9);
#1510=CARTESIAN_POINT('',(-76.7696426382196,46.4433659013232,-5.08));
#1520=VERTEX_POINT('',#1510);
#1530=EDGE_CURVE('',#1430,#1520,#1500,.T.);
#1540=ORIENTED_EDGE('',*,*,#1530,.F.);
#1550=CARTESIAN_POINT('',(-76.7696426382196,44.987308870613,-5.08));
#1560=DIRECTION('',(0.,1.,0.));
#1570=VECTOR('',#1560,1.);
#1580=LINE('',#1550,#1570);
#1590=CARTESIAN_POINT('',(-76.7696426382196,45.1433659013233,-5.08));
#1600=VERTEX_POINT('',#1590);
#1610=EDGE_CURVE('',#1600,#1520,#1580,.T.);
#1620=ORIENTED_EDGE('',*,*,#1610,.T.);
#1630=CARTESIAN_POINT('',(-74.8696426382196,45.1433659013233,-5.08));
#1640=DIRECTION('',(0.,1.,0.));
#1650=DIRECTION('',(-1.,0.,0.));
#1660=AXIS2_PLACEMENT_3D('',#1630,#1640,#1650);
#1670=CIRCLE('',#1660,1.9);
#1680=EDGE_CURVE('',#1070,#1600,#1670,.T.);
#1690=ORIENTED_EDGE('',*,*,#1680,.T.);
#1700=EDGE_LOOP('',(#1690,#1620,#1540,#1450,#1370,#1280,#1200,#1110));
#1710=FACE_OUTER_BOUND('',#1700,.T.);
#1720=ADVANCED_FACE('',(#1710),#1010,.T.);
#1730=COLOUR_RGB('',0.94901967048645,0.94901967048645,1.);
#1740=FILL_AREA_STYLE_COLOUR('',#1730);
#1750=FILL_AREA_STYLE('',(#1740));
#1760=SURFACE_STYLE_FILL_AREA(#1750);
#1770=SURFACE_SIDE_STYLE('',(#1760));
#1780=SURFACE_STYLE_USAGE(.BOTH.,#1770);
#1790=PRESENTATION_STYLE_ASSIGNMENT((#1780));
#1800=CARTESIAN_POINT('',(-74.6221552648043,45.4433659013232,
-5.32748737341532));
#1810=DIRECTION('',(0.,1.,0.));
#1820=DIRECTION('',(0.707106781186547,0.,-0.707106781186548));
#1830=AXIS2_PLACEMENT_3D('',#1800,#1810,#1820);
#1840=PLANE('',#1830);
#1850=ORIENTED_EDGE('',*,*,#1360,.T.);
#1860=CARTESIAN_POINT('',(-127.966313878952,45.4433659013232,
-58.6716459875626));
#1870=DIRECTION('',(-0.707106781186548,0.,-0.707106781186547));
#1880=VECTOR('',#1870,1.);
#1890=LINE('',#1860,#1880);
#1900=CARTESIAN_POINT('',(-75.0508159697909,45.4433659013232,
-5.75614807840282));
#1910=VERTEX_POINT('',#1900);
#1920=EDGE_CURVE('',#1910,#1260,#1890,.T.);
#1930=ORIENTED_EDGE('',*,*,#1920,.T.);
#1940=CARTESIAN_POINT('',(-74.8696426382209,45.4433659013232,-5.08));
#1950=DIRECTION('',(0.,-1.,0.));
#1960=DIRECTION('',(1.,0.,0.));
#1970=AXIS2_PLACEMENT_3D('',#1940,#1950,#1960);
#1980=CIRCLE('',#1970,0.7);
#1990=CARTESIAN_POINT('',(-75.5457907166232,45.4433659013232,
-5.26117333157195));
#2000=VERTEX_POINT('',#1990);
#2010=EDGE_CURVE('',#2000,#1910,#1980,.T.);
#2020=ORIENTED_EDGE('',*,*,#2010,.T.);
#2030=CARTESIAN_POINT('',(-127.966313878952,45.4433659013232,
-57.6816964939014));
#2040=DIRECTION('',(-0.707106781186548,0.,-0.707106781186547));
#2050=VECTOR('',#2040,1.);
#2060=LINE('',#2030,#2050);
#2070=EDGE_CURVE('',#2000,#1350,#2060,.T.);
#2080=ORIENTED_EDGE('',*,*,#2070,.F.);
#2090=EDGE_LOOP('',(#2080,#2020,#1930,#1850));
#2100=FACE_OUTER_BOUND('',#2090,.T.);
#2110=ADVANCED_FACE('',(#2100),#1840,.T.);
#2120=COLOUR_RGB('',0.94901967048645,0.94901967048645,1.);
#2130=FILL_AREA_STYLE_COLOUR('',#2120);
#2140=FILL_AREA_STYLE('',(#2130));
#2150=SURFACE_STYLE_FILL_AREA(#2140);
#2160=SURFACE_SIDE_STYLE('',(#2150));
#2170=SURFACE_STYLE_USAGE(.BOTH.,#2160);
#2180=PRESENTATION_STYLE_ASSIGNMENT((#2170));
#2190=CARTESIAN_POINT('',(-75.1171300116349,46.4433659013232,
-4.83251262658472));
#2200=DIRECTION('',(0.707106781186547,0.,-0.707106781186548));
#2210=DIRECTION('',(0.,-1.,0.));
#2220=AXIS2_PLACEMENT_3D('',#2190,#2200,#2210);
#2230=PLANE('',#2220);
#2240=CARTESIAN_POINT('',(-127.966313878952,46.4433659013232,
-57.6816964939014));
#2250=DIRECTION('',(-0.707106781186548,0.,-0.707106781186547));
#2260=VECTOR('',#2250,1.);
#2270=LINE('',#2240,#2260);
#2280=CARTESIAN_POINT('',(-73.7966187470105,46.4433659013232,
-3.51200136196025));
#2290=VERTEX_POINT('',#2280);
#2300=CARTESIAN_POINT('',(-74.6884693066481,46.4433659013232,
-4.40385192159794));
#2310=VERTEX_POINT('',#2300);
#2320=EDGE_CURVE('',#2290,#2310,#2270,.T.);
#2330=ORIENTED_EDGE('',*,*,#2320,.F.);
#2340=CARTESIAN_POINT('',(-74.6884693066481,58.1546907667285,
-4.40385192159794));
#2350=DIRECTION('',(0.,-1.,0.));
#2360=VECTOR('',#2350,1.);
#2370=LINE('',#2340,#2360);
#2380=CARTESIAN_POINT('',(-74.688469306649,45.4433659013232,
-4.4038519215977));
#2390=VERTEX_POINT('',#2380);
#2400=EDGE_CURVE('',#2310,#2390,#2370,.T.);
#2410=ORIENTED_EDGE('',*,*,#2400,.F.);
#2420=CARTESIAN_POINT('',(-73.7966187470105,45.4433659013232,
-3.51200136196029));
#2430=VERTEX_POINT('',#2420);
#2440=EDGE_CURVE('',#2430,#2390,#2060,.T.);
#2450=ORIENTED_EDGE('',*,*,#2440,.T.);
#2460=CARTESIAN_POINT('',(-73.7966187470105,44.987308870613,
-3.51200136196029));
#2470=DIRECTION('',(0.,1.,0.));
#2480=VECTOR('',#2470,1.);
#2490=LINE('',#2460,#2480);
#2500=EDGE_CURVE('',#2430,#2290,#2490,.T.);
#2510=ORIENTED_EDGE('',*,*,#2500,.F.);
#2520=EDGE_LOOP('',(#2510,#2450,#2410,#2330));
#2530=FACE_OUTER_BOUND('',#2520,.T.);
#2540=ADVANCED_FACE('',(#2530),#2230,.T.);
#2550=COLOUR_RGB('',0.94901967048645,0.94901967048645,1.);
#2560=FILL_AREA_STYLE_COLOUR('',#2550);
#2570=FILL_AREA_STYLE('',(#2560));
#2580=SURFACE_STYLE_FILL_AREA(#2570);
#2590=SURFACE_SIDE_STYLE('',(#2580));
#2600=SURFACE_STYLE_USAGE(.BOTH.,#2590);
#2610=PRESENTATION_STYLE_ASSIGNMENT((#2600));
#2620=CARTESIAN_POINT('',(-74.8696426382209,25.7546907667286,
-4.76397459621556));
#2630=DIRECTION('',(0.,-0.25881904510252,0.965925826289068));
#2640=DIRECTION('',(0.,0.965925826289068,0.25881904510252));
#2650=AXIS2_PLACEMENT_3D('',#2620,#2630,#2640);
#2660=PLANE('',#2650);
#2670=CARTESIAN_POINT('',(-75.3696426382209,-4.81172608782059,
-12.9542213079051));
#2680=DIRECTION('',(0.,-0.965925826289068,-0.25881904510252));
#2690=VECTOR('',#2680,1.);
#2700=LINE('',#2670,#2690);
#2710=CARTESIAN_POINT('',(-75.3696426382209,26.2546907667286,-4.63));
#2720=VERTEX_POINT('',#2710);
#2730=CARTESIAN_POINT('',(-75.3696426382209,25.2546907667286,
-4.89794919243112));
#2740=VERTEX_POINT('',#2730);
#2750=EDGE_CURVE('',#2720,#2740,#2700,.T.);
#2760=ORIENTED_EDGE('',*,*,#2750,.T.);
#2770=CARTESIAN_POINT('',(-127.966313878952,26.2546907667286,-4.63));
#2780=DIRECTION('',(-1.,0.,0.));
#2790=VECTOR('',#2780,1.);
#2800=LINE('',#2770,#2790);
#2810=CARTESIAN_POINT('',(-74.3696426382209,26.2546907667287,-4.63));
#2820=VERTEX_POINT('',#2810);
#2830=EDGE_CURVE('',#2820,#2720,#2800,.T.);
#2840=ORIENTED_EDGE('',*,*,#2830,.T.);
#2850=CARTESIAN_POINT('',(-74.3696426382209,-4.81172608782059,
-12.9542213079051));
#2860=DIRECTION('',(0.,0.965925826289068,0.25881904510252));
#2870=VECTOR('',#2860,1.);
#2880=LINE('',#2850,#2870);
#2890=CARTESIAN_POINT('',(-74.3696426382209,25.2546907667286,
-4.89794919243112));
#2900=VERTEX_POINT('',#2890);
#2910=EDGE_CURVE('',#2900,#2820,#2880,.T.);
#2920=ORIENTED_EDGE('',*,*,#2910,.T.);
#2930=CARTESIAN_POINT('',(-127.966313878952,25.2546907667286,
-4.89794919243112));
#2940=DIRECTION('',(1.,0.,0.));
#2950=VECTOR('',#2940,1.);
#2960=LINE('',#2930,#2950);
#2970=EDGE_CURVE('',#2740,#2900,#2960,.T.);
#2980=ORIENTED_EDGE('',*,*,#2970,.T.);
#2990=EDGE_LOOP('',(#2980,#2920,#2840,#2760));
#3000=FACE_OUTER_BOUND('',#2990,.T.);
#3010=ADVANCED_FACE('',(#3000),#2660,.T.);
#3020=COLOUR_RGB('',0.94901967048645,0.94901967048645,1.);
#3030=FILL_AREA_STYLE_COLOUR('',#3020);
#3040=FILL_AREA_STYLE('',(#3030));
#3050=SURFACE_STYLE_FILL_AREA(#3040);
#3060=SURFACE_SIDE_STYLE('',(#3050));
#3070=SURFACE_STYLE_USAGE(.BOTH.,#3060);
#3080=PRESENTATION_STYLE_ASSIGNMENT((#3070));
#3090=CARTESIAN_POINT('',(-74.6221552648043,45.4433659013232,
-0.247487373415318));
#3100=DIRECTION('',(0.,1.,0.));
#3110=DIRECTION('',(0.707106781186547,0.,-0.707106781186548));
#3120=AXIS2_PLACEMENT_3D('',#3090,#3100,#3110);
#3130=PLANE('',#3120);
#3140=CARTESIAN_POINT('',(-127.966313878952,45.4433659013232,
-53.5916459875626));
#3150=DIRECTION('',(-0.707106781186548,0.,-0.707106781186547));
#3160=VECTOR('',#3150,1.);
#3170=LINE('',#3140,#3160);
#3180=CARTESIAN_POINT('',(-75.0508159697909,45.4433659013232,
-0.676148078402823));
#3190=VERTEX_POINT('',#3180);
#3200=CARTESIAN_POINT('',(-75.9426665294287,45.4433659013232,
-1.56799863803975));
#3210=VERTEX_POINT('',#3200);
#3220=EDGE_CURVE('',#3190,#3210,#3170,.T.);
#3230=ORIENTED_EDGE('',*,*,#3220,.T.);
#3240=CARTESIAN_POINT('',(-74.8696426382209,45.4433659013232,0.));
#3250=DIRECTION('',(0.,-1.,0.));
#3260=DIRECTION('',(1.,0.,0.));
#3270=AXIS2_PLACEMENT_3D('',#3240,#3250,#3260);
#3280=CIRCLE('',#3270,0.7);
#3290=CARTESIAN_POINT('',(-75.5457907166232,45.4433659013232,
-0.181173331571955));
#3300=VERTEX_POINT('',#3290);
#3310=EDGE_CURVE('',#3300,#3190,#3280,.T.);
#3320=ORIENTED_EDGE('',*,*,#3310,.T.);
#3330=CARTESIAN_POINT('',(-127.966313878952,45.4433659013232,
-52.6016964939014));
#3340=DIRECTION('',(-0.707106781186548,0.,-0.707106781186547));
#3350=VECTOR('',#3340,1.);
#3360=LINE('',#3330,#3350);
#3370=CARTESIAN_POINT('',(-76.4376412762593,45.4433659013232,
-1.07302389120914));
#3380=VERTEX_POINT('',#3370);
#3390=EDGE_CURVE('',#3300,#3380,#3360,.T.);
#3400=ORIENTED_EDGE('',*,*,#3390,.F.);
#3410=CARTESIAN_POINT('',(-74.8696426382196,45.4433659013232,0.));
#3420=DIRECTION('',(0.,1.,0.));
#3430=DIRECTION('',(-1.,0.,0.));
#3440=AXIS2_PLACEMENT_3D('',#3410,#3420,#3430);
#3450=CIRCLE('',#3440,1.9);
#3460=EDGE_CURVE('',#3210,#3380,#3450,.T.);
#3470=ORIENTED_EDGE('',*,*,#3460,.T.);
#3480=EDGE_LOOP('',(#3470,#3400,#3320,#3230));
#3490=FACE_OUTER_BOUND('',#3480,.T.);
#3500=ADVANCED_FACE('',(#3490),#3130,.T.);
#3510=COLOUR_RGB('',0.94901967048645,0.94901967048645,1.);
#3520=FILL_AREA_STYLE_COLOUR('',#3510);
#3530=FILL_AREA_STYLE('',(#3520));
#3540=SURFACE_STYLE_FILL_AREA(#3530);
#3550=SURFACE_SIDE_STYLE('',(#3540));
#3560=SURFACE_STYLE_USAGE(.BOTH.,#3550);
#3570=PRESENTATION_STYLE_ASSIGNMENT((#3560));
#3580=CARTESIAN_POINT('',(-75.1171300116349,46.4433659013232,
0.247487373415282));
#3590=DIRECTION('',(0.707106781186547,0.,-0.707106781186548));
#3600=DIRECTION('',(0.,-1.,0.));
#3610=AXIS2_PLACEMENT_3D('',#3580,#3590,#3600);
#3620=PLANE('',#3610);
#3630=CARTESIAN_POINT('',(-75.545790716623,58.1546907667285,
-0.181173331572821));
#3640=DIRECTION('',(0.,-1.,0.));
#3650=VECTOR('',#3640,1.);
#3660=LINE('',#3630,#3650);
#3670=CARTESIAN_POINT('',(-75.545790716623,46.4433659013232,
-0.181173331572821));
#3680=VERTEX_POINT('',#3670);
#3690=EDGE_CURVE('',#3680,#3300,#3660,.T.);
#3700=ORIENTED_EDGE('',*,*,#3690,.T.);
#3710=CARTESIAN_POINT('',(-127.966313878952,46.4433659013232,
-52.6016964939014));
#3720=DIRECTION('',(-0.707106781186548,0.,-0.707106781186547));
#3730=VECTOR('',#3720,1.);
#3740=LINE('',#3710,#3730);
#3750=CARTESIAN_POINT('',(-76.4376412762594,46.4433659013232,
-1.07302389120908));
#3760=VERTEX_POINT('',#3750);
#3770=EDGE_CURVE('',#3680,#3760,#3740,.T.);
#3780=ORIENTED_EDGE('',*,*,#3770,.F.);
#3790=CARTESIAN_POINT('',(-76.4376412762593,44.987308870613,
-1.07302389120914));
#3800=DIRECTION('',(0.,1.,0.));
#3810=VECTOR('',#3800,1.);
#3820=LINE('',#3790,#3810);
#3830=EDGE_CURVE('',#3380,#3760,#3820,.T.);
#3840=ORIENTED_EDGE('',*,*,#3830,.T.);
#3850=ORIENTED_EDGE('',*,*,#3390,.T.);
#3860=EDGE_LOOP('',(#3850,#3840,#3780,#3700));
#3870=FACE_OUTER_BOUND('',#3860,.T.);
#3880=ADVANCED_FACE('',(#3870),#3620,.T.);
#3890=COLOUR_RGB('',0.94901967048645,0.94901967048645,1.);
#3900=FILL_AREA_STYLE_COLOUR('',#3890);
#3910=FILL_AREA_STYLE('',(#3900));
#3920=SURFACE_STYLE_FILL_AREA(#3910);
#3930=SURFACE_SIDE_STYLE('',(#3920));
#3940=SURFACE_STYLE_USAGE(.BOTH.,#3930);
#3950=PRESENTATION_STYLE_ASSIGNMENT((#3940));
#3960=CARTESIAN_POINT('',(-74.8696426382209,28.7546907667286,0.));
#3970=DIRECTION('',(0.,-1.,0.));
#3980=DIRECTION('',(1.,0.,0.));
#3990=AXIS2_PLACEMENT_3D('',#3960,#3970,#3980);
#4000=CYLINDRICAL_SURFACE('',#3990,0.7);
#4010=CARTESIAN_POINT('',(-75.5696426382209,28.7546907667286,
8.57252759403147E-17));
#4020=DIRECTION('',(0.,-1.,0.));
#4030=VECTOR('',#4020,1.);
#4040=LINE('',#4010,#4030);
#4050=CARTESIAN_POINT('',(-75.5696426382209,28.7546907667286,
8.57252759403147E-17));
#4060=VERTEX_POINT('',#4050);
#4070=CARTESIAN_POINT('',(-75.5696426382209,28.2546907667286,
8.57252759403147E-17));
#4080=VERTEX_POINT('',#4070);
#4090=EDGE_CURVE('',#4060,#4080,#4040,.T.);
#4100=ORIENTED_EDGE('',*,*,#4090,.F.);
#4110=CARTESIAN_POINT('',(-74.8696426382209,28.2546907667286,0.));
#4120=DIRECTION('',(0.,-1.,0.));
#4130=DIRECTION('',(1.,0.,0.));
#4140=AXIS2_PLACEMENT_3D('',#4110,#4120,#4130);
#4150=CIRCLE('',#4140,0.7);
#4160=CARTESIAN_POINT('',(-74.1696426382209,28.2546907667286,0.));
#4170=VERTEX_POINT('',#4160);
#4180=EDGE_CURVE('',#4080,#4170,#4150,.T.);
#4190=ORIENTED_EDGE('',*,*,#4180,.F.);
#4200=CARTESIAN_POINT('',(-74.1696426382209,28.7546907667286,0.));
#4210=DIRECTION('',(0.,-1.,0.));
#4220=VECTOR('',#4210,1.);
#4230=LINE('',#4200,#4220);
#4240=CARTESIAN_POINT('',(-74.1696426382209,28.7546907667286,0.));
#4250=VERTEX_POINT('',#4240);
#4260=EDGE_CURVE('',#4250,#4170,#4230,.T.);
#4270=ORIENTED_EDGE('',*,*,#4260,.T.);
#4280=CARTESIAN_POINT('',(-74.8696426382209,28.7546907667286,0.));
#4290=DIRECTION('',(0.,-1.,0.));
#4300=DIRECTION('',(1.,0.,0.));
#4310=AXIS2_PLACEMENT_3D('',#4280,#4290,#4300);
#4320=CIRCLE('',#4310,0.7);
#4330=EDGE_CURVE('',#4060,#4250,#4320,.T.);
#4340=ORIENTED_EDGE('',*,*,#4330,.T.);
#4350=EDGE_LOOP('',(#4340,#4270,#4190,#4100));
#4360=FACE_OUTER_BOUND('',#4350,.T.);
#4370=ADVANCED_FACE('',(#4360),#4000,.T.);
#4380=COLOUR_RGB('',0.94901967048645,0.94901967048645,1.);
#4390=FILL_AREA_STYLE_COLOUR('',#4380);
#4400=FILL_AREA_STYLE('',(#4390));
#4410=SURFACE_STYLE_FILL_AREA(#4400);
#4420=SURFACE_SIDE_STYLE('',(#4410));
#4430=SURFACE_STYLE_USAGE(.BOTH.,#4420);
#4440=PRESENTATION_STYLE_ASSIGNMENT((#4430));
#4450=CARTESIAN_POINT('',(-80.2696426382209,28.7546907667286,0.));
#4460=DIRECTION('',(-0.,-1.,-0.));
#4470=DIRECTION('',(-1.,0.,0.));
#4480=AXIS2_PLACEMENT_3D('',#4450,#4460,#4470);
#4490=PLANE('',#4480);
#4500=CARTESIAN_POINT('',(-127.966313878952,28.7546907667286,-7.62));
#4510=DIRECTION('',(1.,0.,0.));
#4520=VECTOR('',#4510,1.);
#4530=LINE('',#4500,#4520);
#4540=CARTESIAN_POINT('',(-80.2696426382209,28.7546907667286,-7.62));
#4550=VERTEX_POINT('',#4540);
#4560=CARTESIAN_POINT('',(-68.0196426382195,28.7546907667286,-7.62));
#4570=VERTEX_POINT('',#4560);
#4580=EDGE_CURVE('',#4550,#4570,#4530,.T.);
#4590=ORIENTED_EDGE('',*,*,#4580,.T.);
#4600=CARTESIAN_POINT('',(-80.2696426382209,28.7546907667286,
-0.0800000000000001));
#4610=DIRECTION('',(0.,0.,1.));
#4620=VECTOR('',#4610,1.);
#4630=LINE('',#4600,#4620);
#4640=CARTESIAN_POINT('',(-80.2696426382209,28.7546907667286,2.54));
#4650=VERTEX_POINT('',#4640);
#4660=EDGE_CURVE('',#4550,#4650,#4630,.T.);
#4670=ORIENTED_EDGE('',*,*,#4660,.F.);
#4680=CARTESIAN_POINT('',(-127.966313878952,28.7546907667286,2.54));
#4690=DIRECTION('',(1.,0.,0.));
#4700=VECTOR('',#4690,1.);
#4710=LINE('',#4680,#4700);
#4720=CARTESIAN_POINT('',(-68.0196426382195,28.7546907667286,2.54));
#4730=VERTEX_POINT('',#4720);
#4740=EDGE_CURVE('',#4650,#4730,#4710,.T.);
#4750=ORIENTED_EDGE('',*,*,#4740,.F.);
#4760=CARTESIAN_POINT('',(-68.0196426382195,28.7546907667286,
-0.0800000000000001));
#4770=DIRECTION('',(0.,0.,-1.));
#4780=VECTOR('',#4770,1.);
#4790=LINE('',#4760,#4780);
#4800=EDGE_CURVE('',#4730,#4570,#4790,.T.);
#4810=ORIENTED_EDGE('',*,*,#4800,.F.);
#4820=EDGE_LOOP('',(#4810,#4750,#4670,#4590));
#4830=FACE_OUTER_BOUND('',#4820,.T.);
#4840=EDGE_CURVE('',#4250,#4060,#4320,.T.);
#4850=ORIENTED_EDGE('',*,*,#4840,.F.);
#4860=ORIENTED_EDGE('',*,*,#4330,.F.);
#4870=EDGE_LOOP('',(#4860,#4850));
#4880=FACE_BOUND('',#4870,.T.);
#4890=CARTESIAN_POINT('',(-74.8696426382209,28.7546907667286,-5.08));
#4900=DIRECTION('',(0.,-1.,0.));
#4910=DIRECTION('',(1.,0.,0.));
#4920=AXIS2_PLACEMENT_3D('',#4890,#4900,#4910);
#4930=CIRCLE('',#4920,0.7);
#4940=CARTESIAN_POINT('',(-74.1696426382209,28.7546907667286,-5.08));
#4950=VERTEX_POINT('',#4940);
#4960=CARTESIAN_POINT('',(-75.5696426382209,28.7546907667286,-5.08));
#4970=VERTEX_POINT('',#4960);
#4980=EDGE_CURVE('',#4950,#4970,#4930,.T.);
#4990=ORIENTED_EDGE('',*,*,#4980,.F.);
#5000=EDGE_CURVE('',#4970,#4950,#4930,.T.);
#5010=ORIENTED_EDGE('',*,*,#5000,.F.);
#5020=EDGE_LOOP('',(#5010,#4990));
#5030=FACE_BOUND('',#5020,.T.);
#5040=ADVANCED_FACE('',(#4830,#4880,#5030),#4490,.T.);
#5050=COLOUR_RGB('',0.501960813999176,1.,0.501960813999176);
#5060=FILL_AREA_STYLE_COLOUR('',#5050);
#5070=FILL_AREA_STYLE('',(#5060));
#5080=SURFACE_STYLE_FILL_AREA(#5070);
#5090=SURFACE_SIDE_STYLE('',(#5080));
#5100=SURFACE_STYLE_USAGE(.BOTH.,#5090);
#5110=PRESENTATION_STYLE_ASSIGNMENT((#5100));
#5120=CARTESIAN_POINT('',(-79.7696426382209,29.4654865793066,-7.62));
#5130=DIRECTION('',(-1.,0.,0.));
#5140=DIRECTION('',(0.,-1.,0.));
#5150=AXIS2_PLACEMENT_3D('',#5120,#5130,#5140);
#5160=PLANE('',#5150);
#5170=CARTESIAN_POINT('',(-79.7696426382209,0.,-7.62));
#5180=DIRECTION('',(0.,-1.,0.));
#5190=VECTOR('',#5180,1.);
#5200=LINE('',#5170,#5190);
#5210=CARTESIAN_POINT('',(-79.7696426382209,32.0438949541507,-7.62));
#5220=VERTEX_POINT('',#5210);
#5230=CARTESIAN_POINT('',(-79.7696426382208,29.4654865793066,-7.62));
#5240=VERTEX_POINT('',#5230);
#5250=EDGE_CURVE('',#5220,#5240,#5200,.T.);
#5260=ORIENTED_EDGE('',*,*,#5250,.F.);
#5270=CARTESIAN_POINT('',(-79.7696426382208,29.4654865793066,-7.62));
#5280=DIRECTION('',(0.,0.,-1.));
#5290=VECTOR('',#5280,1.);
#5300=LINE('',#5270,#5290);
#5310=CARTESIAN_POINT('',(-79.7696426382208,29.4654865793066,-7.52));
#5320=VERTEX_POINT('',#5310);
#5330=EDGE_CURVE('',#5320,#5240,#5300,.T.);
#5340=ORIENTED_EDGE('',*,*,#5330,.T.);
#5350=CARTESIAN_POINT('',(-79.7696426382209,32.0438949541507,-7.52));
#5360=DIRECTION('',(0.,-1.,0.));
#5370=VECTOR('',#5360,1.);
#5380=LINE('',#5350,#5370);
#5390=CARTESIAN_POINT('',(-79.7696426382209,32.0438949541507,-7.52));
#5400=VERTEX_POINT('',#5390);
#5410=EDGE_CURVE('',#5400,#5320,#5380,.T.);
#5420=ORIENTED_EDGE('',*,*,#5410,.T.);
#5430=CARTESIAN_POINT('',(-79.7696426382209,32.0438949541507,-7.62));
#5440=DIRECTION('',(0.,0.,-1.));
#5450=VECTOR('',#5440,1.);
#5460=LINE('',#5430,#5450);
#5470=EDGE_CURVE('',#5400,#5220,#5460,.T.);
#5480=ORIENTED_EDGE('',*,*,#5470,.F.);
#5490=EDGE_LOOP('',(#5480,#5420,#5340,#5260));
#5500=FACE_OUTER_BOUND('',#5490,.T.);
#5510=ADVANCED_FACE('',(#5500),#5160,.F.);
#5520=COLOUR_RGB('',0.501960813999176,1.,0.501960813999176);
#5530=FILL_AREA_STYLE_COLOUR('',#5520);
#5540=FILL_AREA_STYLE('',(#5530));
#5550=SURFACE_STYLE_FILL_AREA(#5540);
#5560=SURFACE_SIDE_STYLE('',(#5550));
#5570=SURFACE_STYLE_USAGE(.BOTH.,#5560);
#5580=PRESENTATION_STYLE_ASSIGNMENT((#5570));
#5590=CARTESIAN_POINT('',(-76.7696426382209,32.0438949541507,-7.62));
#5600=DIRECTION('',(1.,0.,0.));
#5610=DIRECTION('',(0.,1.,0.));
#5620=AXIS2_PLACEMENT_3D('',#5590,#5600,#5610);
#5630=PLANE('',#5620);
#5640=CARTESIAN_POINT('',(-76.7696426382209,0.,-7.62));
#5650=DIRECTION('',(0.,1.,0.));
#5660=VECTOR('',#5650,1.);
#5670=LINE('',#5640,#5660);
#5680=CARTESIAN_POINT('',(-76.7696426382209,29.4654865793066,-7.62));
#5690=VERTEX_POINT('',#5680);
#5700=CARTESIAN_POINT('',(-76.769642638221,32.0438949541507,-7.62));
#5710=VERTEX_POINT('',#5700);
#5720=EDGE_CURVE('',#5690,#5710,#5670,.T.);
#5730=ORIENTED_EDGE('',*,*,#5720,.F.);
#5740=CARTESIAN_POINT('',(-76.769642638221,32.0438949541507,-7.62));
#5750=DIRECTION('',(0.,0.,-1.));
#5760=VECTOR('',#5750,1.);
#5770=LINE('',#5740,#5760);
#5780=CARTESIAN_POINT('',(-76.769642638221,32.0438949541507,-7.52));
#5790=VERTEX_POINT('',#5780);
#5800=EDGE_CURVE('',#5790,#5710,#5770,.T.);
#5810=ORIENTED_EDGE('',*,*,#5800,.T.);
#5820=CARTESIAN_POINT('',(-76.7696426382209,32.0438949541507,-7.52));
#5830=DIRECTION('',(0.,-1.,0.));
#5840=VECTOR('',#5830,1.);
#5850=LINE('',#5820,#5840);
#5860=CARTESIAN_POINT('',(-76.7696426382209,29.4654865793066,-7.52));
#5870=VERTEX_POINT('',#5860);
#5880=EDGE_CURVE('',#5790,#5870,#5850,.T.);
#5890=ORIENTED_EDGE('',*,*,#5880,.F.);
#5900=CARTESIAN_POINT('',(-76.7696426382209,29.4654865793066,-7.62));
#5910=DIRECTION('',(0.,0.,-1.));
#5920=VECTOR('',#5910,1.);
#5930=LINE('',#5900,#5920);
#5940=EDGE_CURVE('',#5870,#5690,#5930,.T.);
#5950=ORIENTED_EDGE('',*,*,#5940,.F.);
#5960=EDGE_LOOP('',(#5950,#5890,#5810,#5730));
#5970=FACE_OUTER_BOUND('',#5960,.T.);
#5980=ADVANCED_FACE('',(#5970),#5630,.F.);
#5990=COLOUR_RGB('',0.501960813999176,1.,0.501960813999176);
#6000=FILL_AREA_STYLE_COLOUR('',#5990);
#6010=FILL_AREA_STYLE('',(#6000));
#6020=SURFACE_STYLE_FILL_AREA(#6010);
#6030=SURFACE_SIDE_STYLE('',(#6020));
#6040=SURFACE_STYLE_USAGE(.BOTH.,#6030);
#6050=PRESENTATION_STYLE_ASSIGNMENT((#6040));
#6060=CARTESIAN_POINT('',(-76.9804384507989,32.0438949541507,-7.62));
#6070=DIRECTION('',(0.,0.,-1.));
#6080=DIRECTION('',(-1.,0.,0.));
#6090=AXIS2_PLACEMENT_3D('',#6060,#6070,#6080);
#6100=CYLINDRICAL_SURFACE('',#6090,0.210795812577921);
#6110=CARTESIAN_POINT('',(-76.9804384507989,32.0438949541507,-7.62));
#6120=DIRECTION('',(0.,0.,-1.));
#6130=DIRECTION('',(-1.,0.,0.));
#6140=AXIS2_PLACEMENT_3D('',#6110,#6120,#6130);
#6150=CIRCLE('',#6140,0.210795812577921);
#6160=CARTESIAN_POINT('',(-76.9804384507989,32.2546907667286,-7.62));
#6170=VERTEX_POINT('',#6160);
#6180=EDGE_CURVE('',#6170,#5710,#6150,.T.);
#6190=ORIENTED_EDGE('',*,*,#6180,.T.);
#6200=CARTESIAN_POINT('',(-76.9804384507989,32.2546907667286,-7.62));
#6210=DIRECTION('',(0.,0.,1.));
#6220=VECTOR('',#6210,1.);
#6230=LINE('',#6200,#6220);
#6240=CARTESIAN_POINT('',(-76.9804384507989,32.2546907667286,-7.52));
#6250=VERTEX_POINT('',#6240);
#6260=EDGE_CURVE('',#6170,#6250,#6230,.T.);
#6270=ORIENTED_EDGE('',*,*,#6260,.F.);
#6280=CARTESIAN_POINT('',(-76.9804384507989,32.0438949541507,-7.52));
#6290=DIRECTION('',(0.,0.,-1.));
#6300=DIRECTION('',(-1.,0.,0.));
#6310=AXIS2_PLACEMENT_3D('',#6280,#6290,#6300);
#6320=CIRCLE('',#6310,0.210795812577921);
#6330=EDGE_CURVE('',#6250,#5790,#6320,.T.);
#6340=ORIENTED_EDGE('',*,*,#6330,.F.);
#6350=ORIENTED_EDGE('',*,*,#5800,.F.);
#6360=EDGE_LOOP('',(#6350,#6340,#6270,#6190));
#6370=FACE_OUTER_BOUND('',#6360,.T.);
#6380=ADVANCED_FACE('',(#6370),#6100,.F.);
#6390=COLOUR_RGB('',0.501960813999176,1.,0.501960813999176);
#6400=FILL_AREA_STYLE_COLOUR('',#6390);
#6410=FILL_AREA_STYLE('',(#6400));
#6420=SURFACE_STYLE_FILL_AREA(#6410);
#6430=SURFACE_SIDE_STYLE('',(#6420));
#6440=SURFACE_STYLE_USAGE(.BOTH.,#6430);
#6450=PRESENTATION_STYLE_ASSIGNMENT((#6440));
#6460=CARTESIAN_POINT('',(-79.5588468256429,32.2546907667286,-7.62));
#6470=DIRECTION('',(0.,1.,-0.));
#6480=DIRECTION('',(-1.,0.,0.));
#6490=AXIS2_PLACEMENT_3D('',#6460,#6470,#6480);
#6500=PLANE('',#6490);
#6510=CARTESIAN_POINT('',(0.,32.2546907667286,-7.62));
#6520=DIRECTION('',(-1.,0.,0.));
#6530=VECTOR('',#6520,1.);
#6540=LINE('',#6510,#6530);
#6550=CARTESIAN_POINT('',(-79.5588468256429,32.2546907667286,-7.62));
#6560=VERTEX_POINT('',#6550);
#6570=EDGE_CURVE('',#6170,#6560,#6540,.T.);
#6580=ORIENTED_EDGE('',*,*,#6570,.F.);
#6590=CARTESIAN_POINT('',(-79.5588468256429,32.2546907667286,-7.62));
#6600=DIRECTION('',(0.,0.,1.));
#6610=VECTOR('',#6600,1.);
#6620=LINE('',#6590,#6610);
#6630=CARTESIAN_POINT('',(-79.5588468256429,32.2546907667286,-7.52));
#6640=VERTEX_POINT('',#6630);
#6650=EDGE_CURVE('',#6560,#6640,#6620,.T.);
#6660=ORIENTED_EDGE('',*,*,#6650,.F.);
#6670=CARTESIAN_POINT('',(-76.9804384507989,32.2546907667286,-7.52));
#6680=DIRECTION('',(-1.,0.,0.));
#6690=VECTOR('',#6680,1.);
#6700=LINE('',#6670,#6690);
#6710=EDGE_CURVE('',#6250,#6640,#6700,.T.);
#6720=ORIENTED_EDGE('',*,*,#6710,.T.);
#6730=ORIENTED_EDGE('',*,*,#6260,.T.);
#6740=EDGE_LOOP('',(#6730,#6720,#6660,#6580));
#6750=FACE_OUTER_BOUND('',#6740,.T.);
#6760=ADVANCED_FACE('',(#6750),#6500,.F.);
#6770=COLOUR_RGB('',0.501960813999176,1.,0.501960813999176);
#6780=FILL_AREA_STYLE_COLOUR('',#6770);
#6790=FILL_AREA_STYLE('',(#6780));
#6800=SURFACE_STYLE_FILL_AREA(#6790);
#6810=SURFACE_SIDE_STYLE('',(#6800));
#6820=SURFACE_STYLE_USAGE(.BOTH.,#6810);
#6830=PRESENTATION_STYLE_ASSIGNMENT((#6820));
#6840=CARTESIAN_POINT('',(-79.5588468256429,32.0438949541507,-7.62));
#6850=DIRECTION('',(0.,0.,-1.));
#6860=DIRECTION('',(-1.,0.,0.));
#6870=AXIS2_PLACEMENT_3D('',#6840,#6850,#6860);
#6880=CYLINDRICAL_SURFACE('',#6870,0.210795812577999);
#6890=CARTESIAN_POINT('',(-79.5588468256429,32.0438949541507,-7.62));
#6900=DIRECTION('',(0.,0.,-1.));
#6910=DIRECTION('',(-1.,0.,0.));
#6920=AXIS2_PLACEMENT_3D('',#6890,#6900,#6910);
#6930=CIRCLE('',#6920,0.210795812577999);
#6940=EDGE_CURVE('',#5220,#6560,#6930,.T.);
#6950=ORIENTED_EDGE('',*,*,#6940,.T.);
#6960=ORIENTED_EDGE('',*,*,#5470,.T.);
#6970=CARTESIAN_POINT('',(-79.5588468256429,32.0438949541507,-7.52));
#6980=DIRECTION('',(0.,0.,-1.));
#6990=DIRECTION('',(-1.,0.,0.));
#7000=AXIS2_PLACEMENT_3D('',#6970,#6980,#6990);
#7010=CIRCLE('',#7000,0.210795812577999);
#7020=EDGE_CURVE('',#5400,#6640,#7010,.T.);
#7030=ORIENTED_EDGE('',*,*,#7020,.F.);
#7040=ORIENTED_EDGE('',*,*,#6650,.T.);
#7050=EDGE_LOOP('',(#7040,#7030,#6960,#6950));
#7060=FACE_OUTER_BOUND('',#7050,.T.);
#7070=ADVANCED_FACE('',(#7060),#6880,.F.);
#7080=COLOUR_RGB('',0.501960813999176,1.,0.501960813999176);
#7090=FILL_AREA_STYLE_COLOUR('',#7080);
#7100=FILL_AREA_STYLE('',(#7090));
#7110=SURFACE_STYLE_FILL_AREA(#7100);
#7120=SURFACE_SIDE_STYLE('',(#7110));
#7130=SURFACE_STYLE_USAGE(.BOTH.,#7120);
#7140=PRESENTATION_STYLE_ASSIGNMENT((#7130));
#7150=CARTESIAN_POINT('',(-79.5588468256429,29.4654865793066,-7.62));
#7160=DIRECTION('',(0.,0.,-1.));
#7170=DIRECTION('',(-1.,0.,0.));
#7180=AXIS2_PLACEMENT_3D('',#7150,#7160,#7170);
#7190=CYLINDRICAL_SURFACE('',#7180,0.210795812577921);
#7200=CARTESIAN_POINT('',(-79.5588468256429,29.4654865793066,-7.62));
#7210=DIRECTION('',(0.,0.,-1.));
#7220=DIRECTION('',(-1.,0.,0.));
#7230=AXIS2_PLACEMENT_3D('',#7200,#7210,#7220);
#7240=CIRCLE('',#7230,0.210795812577921);
#7250=CARTESIAN_POINT('',(-79.5588468256429,29.2546907667286,-7.62));
#7260=VERTEX_POINT('',#7250);
#7270=EDGE_CURVE('',#7260,#5240,#7240,.T.);
#7280=ORIENTED_EDGE('',*,*,#7270,.T.);
#7290=CARTESIAN_POINT('',(-79.5588468256429,29.2546907667286,-7.62));
#7300=DIRECTION('',(0.,0.,1.));
#7310=VECTOR('',#7300,1.);
#7320=LINE('',#7290,#7310);
#7330=CARTESIAN_POINT('',(-79.5588468256429,29.2546907667286,-7.52));
#7340=VERTEX_POINT('',#7330);
#7350=EDGE_CURVE('',#7260,#7340,#7320,.T.);
#7360=ORIENTED_EDGE('',*,*,#7350,.F.);
#7370=CARTESIAN_POINT('',(-79.5588468256429,29.4654865793066,-7.52));
#7380=DIRECTION('',(0.,0.,-1.));
#7390=DIRECTION('',(-1.,0.,0.));
#7400=AXIS2_PLACEMENT_3D('',#7370,#7380,#7390);
#7410=CIRCLE('',#7400,0.210795812577921);
#7420=EDGE_CURVE('',#7340,#5320,#7410,.T.);
#7430=ORIENTED_EDGE('',*,*,#7420,.F.);
#7440=ORIENTED_EDGE('',*,*,#5330,.F.);
#7450=EDGE_LOOP('',(#7440,#7430,#7360,#7280));
#7460=FACE_OUTER_BOUND('',#7450,.T.);
#7470=ADVANCED_FACE('',(#7460),#7190,.F.);
#7480=COLOUR_RGB('',0.501960813999176,1.,0.501960813999176);
#7490=FILL_AREA_STYLE_COLOUR('',#7480);
#7500=FILL_AREA_STYLE('',(#7490));
#7510=SURFACE_STYLE_FILL_AREA(#7500);
#7520=SURFACE_SIDE_STYLE('',(#7510));
#7530=SURFACE_STYLE_USAGE(.BOTH.,#7520);
#7540=PRESENTATION_STYLE_ASSIGNMENT((#7530));
#7550=CARTESIAN_POINT('',(-76.9804384507989,29.2546907667286,-7.62));
#7560=DIRECTION('',(0.,-1.,0.));
#7570=DIRECTION('',(1.,0.,0.));
#7580=AXIS2_PLACEMENT_3D('',#7550,#7560,#7570);
#7590=PLANE('',#7580);
#7600=CARTESIAN_POINT('',(0.,29.2546907667286,-7.62));
#7610=DIRECTION('',(1.,0.,0.));
#7620=VECTOR('',#7610,1.);
#7630=LINE('',#7600,#7620);
#7640=CARTESIAN_POINT('',(-76.9804384507989,29.2546907667286,-7.62));
#7650=VERTEX_POINT('',#7640);
#7660=EDGE_CURVE('',#7260,#7650,#7630,.T.);
#7670=ORIENTED_EDGE('',*,*,#7660,.F.);
#7680=CARTESIAN_POINT('',(-76.9804384507989,29.2546907667286,-7.62));
#7690=DIRECTION('',(0.,0.,1.));
#7700=VECTOR('',#7690,1.);
#7710=LINE('',#7680,#7700);
#7720=CARTESIAN_POINT('',(-76.9804384507989,29.2546907667286,-7.52));
#7730=VERTEX_POINT('',#7720);
#7740=EDGE_CURVE('',#7650,#7730,#7710,.T.);
#7750=ORIENTED_EDGE('',*,*,#7740,.F.);
#7760=CARTESIAN_POINT('',(-79.5588468256429,29.2546907667286,-7.52));
#7770=DIRECTION('',(1.,0.,0.));
#7780=VECTOR('',#7770,1.);
#7790=LINE('',#7760,#7780);
#7800=EDGE_CURVE('',#7340,#7730,#7790,.T.);
#7810=ORIENTED_EDGE('',*,*,#7800,.T.);
#7820=ORIENTED_EDGE('',*,*,#7350,.T.);
#7830=EDGE_LOOP('',(#7820,#7810,#7750,#7670));
#7840=FACE_OUTER_BOUND('',#7830,.T.);
#7850=ADVANCED_FACE('',(#7840),#7590,.F.);
#7860=COLOUR_RGB('',0.501960813999176,1.,0.501960813999176);
#7870=FILL_AREA_STYLE_COLOUR('',#7860);
#7880=FILL_AREA_STYLE('',(#7870));
#7890=SURFACE_STYLE_FILL_AREA(#7880);
#7900=SURFACE_SIDE_STYLE('',(#7890));
#7910=SURFACE_STYLE_USAGE(.BOTH.,#7900);
#7920=PRESENTATION_STYLE_ASSIGNMENT((#7910));
#7930=CARTESIAN_POINT('',(-76.9804384507989,29.4654865793066,-7.62));
#7940=DIRECTION('',(0.,0.,-1.));
#7950=DIRECTION('',(-1.,0.,0.));
#7960=AXIS2_PLACEMENT_3D('',#7930,#7940,#7950);
#7970=CYLINDRICAL_SURFACE('',#7960,0.210795812577999);
#7980=CARTESIAN_POINT('',(-76.9804384507989,29.4654865793066,-7.62));
#7990=DIRECTION('',(0.,0.,-1.));
#8000=DIRECTION('',(-1.,0.,0.));
#8010=AXIS2_PLACEMENT_3D('',#7980,#7990,#8000);
#8020=CIRCLE('',#8010,0.210795812577999);
#8030=EDGE_CURVE('',#5690,#7650,#8020,.T.);
#8040=ORIENTED_EDGE('',*,*,#8030,.T.);
#8050=ORIENTED_EDGE('',*,*,#5940,.T.);
#8060=CARTESIAN_POINT('',(-76.9804384507989,29.4654865793066,-7.52));
#8070=DIRECTION('',(0.,0.,-1.));
#8080=DIRECTION('',(-1.,0.,0.));
#8090=AXIS2_PLACEMENT_3D('',#8060,#8070,#8080);
#8100=CIRCLE('',#8090,0.210795812577999);
#8110=EDGE_CURVE('',#5870,#7730,#8100,.T.);
#8120=ORIENTED_EDGE('',*,*,#8110,.F.);
#8130=ORIENTED_EDGE('',*,*,#7740,.T.);
#8140=EDGE_LOOP('',(#8130,#8120,#8050,#8040));
#8150=FACE_OUTER_BOUND('',#8140,.T.);
#8160=ADVANCED_FACE('',(#8150),#7970,.F.);
#8170=COLOUR_RGB('',0.501960813999176,1.,0.501960813999176);
#8180=FILL_AREA_STYLE_COLOUR('',#8170);
#8190=FILL_AREA_STYLE('',(#8180));
#8200=SURFACE_STYLE_FILL_AREA(#8190);
#8210=SURFACE_SIDE_STYLE('',(#8200));
#8220=SURFACE_STYLE_USAGE(.BOTH.,#8210);
#8230=PRESENTATION_STYLE_ASSIGNMENT((#8220));
#8240=CARTESIAN_POINT('',(-74.0219094353519,31.2005659392925,-7.52));
#8250=DIRECTION('',(0.,0.,-1.));
#8260=DIRECTION('',(-1.,0.,0.));
#8270=AXIS2_PLACEMENT_3D('',#8240,#8250,#8260);
#8280=PLANE('',#8270);
#8290=ORIENTED_EDGE('',*,*,#7800,.F.);
#8300=ORIENTED_EDGE('',*,*,#8110,.T.);
#8310=ORIENTED_EDGE('',*,*,#5880,.T.);
#8320=ORIENTED_EDGE('',*,*,#6330,.T.);
#8330=ORIENTED_EDGE('',*,*,#6710,.F.);
#8340=ORIENTED_EDGE('',*,*,#7020,.T.);
#8350=ORIENTED_EDGE('',*,*,#5410,.F.);
#8360=ORIENTED_EDGE('',*,*,#7420,.T.);
#8370=EDGE_LOOP('',(#8360,#8350,#8340,#8330,#8320,#8310,#8300,#8290));
#8380=FACE_OUTER_BOUND('',#8370,.T.);
#8390=CARTESIAN_POINT('',(-78.2144863511263,30.9784986665028,-7.52));
#8400=DIRECTION('',(0.,0.,-1.));
#8410=DIRECTION('',(-1.,0.,0.));
#8420=AXIS2_PLACEMENT_3D('',#8390,#8400,#8410);
#8430=CIRCLE('',#8420,0.456724260585462);
#8440=CARTESIAN_POINT('',(-78.4138762161035,30.5675963277997,-7.52));
#8450=VERTEX_POINT('',#8440);
#8460=CARTESIAN_POINT('',(-78.6712106117118,30.9784986665028,-7.52));
#8470=VERTEX_POINT('',#8460);
#8480=EDGE_CURVE('',#8450,#8470,#8430,.T.);
#8490=ORIENTED_EDGE('',*,*,#8480,.T.);
#8500=CARTESIAN_POINT('',(-78.4828957847495,30.425360902864,-7.52));
#8510=DIRECTION('',(0.,0.,-1.));
#8520=DIRECTION('',(-1.,0.,0.));
#8530=AXIS2_PLACEMENT_3D('',#8500,#8510,#8520);
#8540=CIRCLE('',#8530,0.15809685943344);
#8550=CARTESIAN_POINT('',(-78.3247989253161,30.425360902864,-7.52));
#8560=VERTEX_POINT('',#8550);
#8570=EDGE_CURVE('',#8450,#8560,#8540,.T.);
#8580=ORIENTED_EDGE('',*,*,#8570,.F.);
#8590=CARTESIAN_POINT('',(-78.3247989253161,30.1854119518911,-7.52));
#8600=DIRECTION('',(0.,1.,0.));
#8610=VECTOR('',#8600,1.);
#8620=LINE('',#8590,#8610);
#8630=CARTESIAN_POINT('',(-78.3247989253161,30.1854119518911,-7.52));
#8640=VERTEX_POINT('',#8630);
#8650=EDGE_CURVE('',#8640,#8560,#8620,.T.);
#8660=ORIENTED_EDGE('',*,*,#8650,.T.);
#8670=CARTESIAN_POINT('',(-78.4828957847495,30.1854119518911,-7.52));
#8680=DIRECTION('',(0.,0.,-1.));
#8690=DIRECTION('',(-1.,0.,0.));
#8700=AXIS2_PLACEMENT_3D('',#8670,#8680,#8690);
#8710=CIRCLE('',#8700,0.158096859433385);
#8720=CARTESIAN_POINT('',(-78.4828957847495,30.0273150924576,-7.52));
#8730=VERTEX_POINT('',#8720);
#8740=EDGE_CURVE('',#8640,#8730,#8710,.T.);
#8750=ORIENTED_EDGE('',*,*,#8740,.F.);
#8760=CARTESIAN_POINT('',(-78.4955474345635,30.0273150924576,-7.52));
#8770=DIRECTION('',(1.,0.,0.));
#8780=VECTOR('',#8770,1.);
#8790=LINE('',#8760,#8780);
#8800=CARTESIAN_POINT('',(-78.4955474345635,30.0273150924576,-7.52));
#8810=VERTEX_POINT('',#8800);
#8820=EDGE_CURVE('',#8810,#8730,#8790,.T.);
#8830=ORIENTED_EDGE('',*,*,#8820,.T.);
#8840=CARTESIAN_POINT('',(-78.4955474345635,30.9784986665028,-7.52));
#8850=DIRECTION('',(0.,0.,-1.));
#8860=DIRECTION('',(-1.,0.,0.));
#8870=AXIS2_PLACEMENT_3D('',#8840,#8850,#8860);
#8880=CIRCLE('',#8870,0.951183574045199);
#8890=CARTESIAN_POINT('',(-79.4467310086087,30.9784986665028,-7.52));
#8900=VERTEX_POINT('',#8890);
#8910=EDGE_CURVE('',#8810,#8900,#8880,.T.);
#8920=ORIENTED_EDGE('',*,*,#8910,.F.);
#8930=CARTESIAN_POINT('',(-78.4955474345635,31.929682240548,-7.52));
#8940=VERTEX_POINT('',#8930);
#8950=EDGE_CURVE('',#8900,#8940,#8880,.T.);
#8960=ORIENTED_EDGE('',*,*,#8950,.F.);
#8970=CARTESIAN_POINT('',(-78.4955474345635,31.929682240548,-7.52));
#8980=DIRECTION('',(1.,0.,0.));
#8990=VECTOR('',#8980,1.);
#9000=LINE('',#8970,#8990);
#9010=CARTESIAN_POINT('',(-78.4828957847495,31.929682240548,-7.52));
#9020=VERTEX_POINT('',#9010);
#9030=EDGE_CURVE('',#8940,#9020,#9000,.T.);
#9040=ORIENTED_EDGE('',*,*,#9030,.F.);
#9050=CARTESIAN_POINT('',(-78.4828957847495,31.7715853811146,-7.52));
#9060=DIRECTION('',(0.,0.,-1.));
#9070=DIRECTION('',(-1.,0.,0.));
#9080=AXIS2_PLACEMENT_3D('',#9050,#9060,#9070);
#9090=CIRCLE('',#9080,0.15809685943344);
#9100=CARTESIAN_POINT('',(-78.3247989253161,31.7715853811146,-7.52));
#9110=VERTEX_POINT('',#9100);
#9120=EDGE_CURVE('',#9020,#9110,#9090,.T.);
#9130=ORIENTED_EDGE('',*,*,#9120,.F.);
#9140=CARTESIAN_POINT('',(-78.3247989253159,31.5316364301417,-7.52));
#9150=DIRECTION('',(0.,1.,0.));
#9160=VECTOR('',#9150,1.);
#9170=LINE('',#9140,#9160);
#9180=CARTESIAN_POINT('',(-78.3247989253159,31.5316364301417,-7.52));
#9190=VERTEX_POINT('',#9180);
#9200=EDGE_CURVE('',#9190,#9110,#9170,.T.);
#9210=ORIENTED_EDGE('',*,*,#9200,.T.);
#9220=CARTESIAN_POINT('',(-78.4828957847495,31.5316364301417,-7.52));
#9230=DIRECTION('',(0.,0.,-1.));
#9240=DIRECTION('',(-1.,0.,0.));
#9250=AXIS2_PLACEMENT_3D('',#9220,#9230,#9240);
#9260=CIRCLE('',#9250,0.158096859433584);
#9270=CARTESIAN_POINT('',(-78.4138762161035,31.389401005206,-7.52));
#9280=VERTEX_POINT('',#9270);
#9290=EDGE_CURVE('',#9190,#9280,#9260,.T.);
#9300=ORIENTED_EDGE('',*,*,#9290,.F.);
#9310=EDGE_CURVE('',#8470,#9280,#8430,.T.);
#9320=ORIENTED_EDGE('',*,*,#9310,.T.);
#9330=EDGE_LOOP('',(#9320,#9300,#9210,#9130,#9040,#8960,#8920,#8830,
#8750,#8660,#8580,#8490));
#9340=FACE_BOUND('',#9330,.T.);
#9350=CARTESIAN_POINT('',(-77.9460769175032,31.7715853811146,-7.52));
#9360=DIRECTION('',(0.,0.,-1.));
#9370=DIRECTION('',(-1.,0.,0.));
#9380=AXIS2_PLACEMENT_3D('',#9350,#9360,#9370);
#9390=CIRCLE('',#9380,0.158096859433613);
#9400=CARTESIAN_POINT('',(-78.1041737769368,31.7715853811146,-7.52));
#9410=VERTEX_POINT('',#9400);
#9420=CARTESIAN_POINT('',(-77.9460769175032,31.929682240548,-7.52));
#9430=VERTEX_POINT('',#9420);
#9440=EDGE_CURVE('',#9410,#9430,#9390,.T.);
#9450=ORIENTED_EDGE('',*,*,#9440,.F.);
#9460=CARTESIAN_POINT('',(-77.2694574686621,31.929682240548,-7.52));
#9470=DIRECTION('',(-1.,-2.88787519585346E-14,0.));
#9480=VECTOR('',#9470,1.);
#9490=LINE('',#9460,#9480);
#9500=CARTESIAN_POINT('',(-77.2694574686621,31.929682240548,-7.52));
#9510=VERTEX_POINT('',#9500);
#9520=EDGE_CURVE('',#9510,#9430,#9490,.T.);
#9530=ORIENTED_EDGE('',*,*,#9520,.T.);
#9540=CARTESIAN_POINT('',(-77.2694574686621,31.7715853811146,-7.52));
#9550=DIRECTION('',(0.,0.,-1.));
#9560=DIRECTION('',(-1.,0.,0.));
#9570=AXIS2_PLACEMENT_3D('',#9540,#9550,#9560);
#9580=CIRCLE('',#9570,0.15809685943344);
#9590=CARTESIAN_POINT('',(-77.1113606092287,31.7715853811146,-7.52));
#9600=VERTEX_POINT('',#9590);
#9610=EDGE_CURVE('',#9510,#9600,#9580,.T.);
#9620=ORIENTED_EDGE('',*,*,#9610,.F.);
#9630=CARTESIAN_POINT('',(-77.1113606092286,31.7715853811146,-7.52));
#9640=DIRECTION('',(0.,-1.,0.));
#9650=VECTOR('',#9640,1.);
#9660=LINE('',#9630,#9650);
#9670=CARTESIAN_POINT('',(-77.1113606092286,29.7377961523505,-7.52));
#9680=VERTEX_POINT('',#9670);
#9690=EDGE_CURVE('',#9600,#9680,#9660,.T.);
#9700=ORIENTED_EDGE('',*,*,#9690,.F.);
#9710=CARTESIAN_POINT('',(-77.2694574686621,29.7377961523505,-7.52));
#9720=DIRECTION('',(0.,0.,-1.));
#9730=DIRECTION('',(-1.,0.,0.));
#9740=AXIS2_PLACEMENT_3D('',#9710,#9720,#9730);
#9750=CIRCLE('',#9740,0.158096859433499);
#9760=CARTESIAN_POINT('',(-77.2694574686621,29.5796992929171,-7.52));
#9770=VERTEX_POINT('',#9760);
#9780=EDGE_CURVE('',#9680,#9770,#9750,.T.);
#9790=ORIENTED_EDGE('',*,*,#9780,.F.);
#9800=CARTESIAN_POINT('',(-77.9460769175032,29.5796992929171,-7.52));
#9810=DIRECTION('',(1.,0.,0.));
#9820=VECTOR('',#9810,1.);
#9830=LINE('',#9800,#9820);
#9840=CARTESIAN_POINT('',(-77.9460769175032,29.5796992929171,-7.52));
#9850=VERTEX_POINT('',#9840);
#9860=EDGE_CURVE('',#9850,#9770,#9830,.T.);
#9870=ORIENTED_EDGE('',*,*,#9860,.T.);
#9880=CARTESIAN_POINT('',(-77.9460769175032,29.7377961523505,-7.52));
#9890=DIRECTION('',(0.,0.,-1.));
#9900=DIRECTION('',(-1.,0.,0.));
#9910=AXIS2_PLACEMENT_3D('',#9880,#9890,#9900);
#9920=CIRCLE('',#9910,0.158096859433439);
#9930=CARTESIAN_POINT('',(-78.1041737769366,29.7377961523505,-7.52));
#9940=VERTEX_POINT('',#9930);
#9950=EDGE_CURVE('',#9850,#9940,#9920,.T.);
#9960=ORIENTED_EDGE('',*,*,#9950,.F.);
#9970=CARTESIAN_POINT('',(-78.1041737769365,30.425360902864,-7.52));
#9980=DIRECTION('',(0.,-1.,0.));
#9990=VECTOR('',#9980,1.);
#10000=LINE('',#9970,#9990);
#10010=CARTESIAN_POINT('',(-78.1041737769365,30.425360902864,-7.52));
#10020=VERTEX_POINT('',#10010);
#10030=EDGE_CURVE('',#10020,#9940,#10000,.T.);
#10040=ORIENTED_EDGE('',*,*,#10030,.T.);
#10050=CARTESIAN_POINT('',(-77.9460769175032,30.425360902864,-7.52));
#10060=DIRECTION('',(0.,0.,-1.));
#10070=DIRECTION('',(-1.,0.,0.));
#10080=AXIS2_PLACEMENT_3D('',#10050,#10060,#10070);
#10090=CIRCLE('',#10080,0.1580968594333);
#10100=CARTESIAN_POINT('',(-78.0150964861491,30.5675963277997,-7.52));
#10110=VERTEX_POINT('',#10100);
#10120=EDGE_CURVE('',#10020,#10110,#10090,.T.);
#10130=ORIENTED_EDGE('',*,*,#10120,.F.);
#10140=CARTESIAN_POINT('',(-78.2144863511263,30.9784986665028,-7.52));
#10150=DIRECTION('',(0.,0.,-1.));
#10160=DIRECTION('',(-1.,0.,0.));
#10170=AXIS2_PLACEMENT_3D('',#10140,#10150,#10160);
#10180=CIRCLE('',#10170,0.456724260585518);
#10190=CARTESIAN_POINT('',(-77.7577620905408,30.9784986665028,-7.52));
#10200=VERTEX_POINT('',#10190);
#10210=EDGE_CURVE('',#10200,#10110,#10180,.T.);
#10220=ORIENTED_EDGE('',*,*,#10210,.T.);
#10230=CARTESIAN_POINT('',(-78.0150964861491,31.389401005206,-7.52));
#10240=VERTEX_POINT('',#10230);
#10250=EDGE_CURVE('',#10240,#10200,#10180,.T.);
#10260=ORIENTED_EDGE('',*,*,#10250,.T.);
#10270=CARTESIAN_POINT('',(-77.9460769175032,31.5316364301417,-7.52));
#10280=DIRECTION('',(0.,0.,-1.));
#10290=DIRECTION('',(-1.,0.,0.));
#10300=AXIS2_PLACEMENT_3D('',#10270,#10280,#10290);
#10310=CIRCLE('',#10300,0.158096859433421);
#10320=CARTESIAN_POINT('',(-78.1041737769366,31.5316364301417,-7.52));
#10330=VERTEX_POINT('',#10320);
#10340=EDGE_CURVE('',#10240,#10330,#10310,.T.);
#10350=ORIENTED_EDGE('',*,*,#10340,.F.);
#10360=CARTESIAN_POINT('',(-78.1041737769368,31.7715853811145,-7.52));
#10370=DIRECTION('',(0.,-1.,0.));
#10380=VECTOR('',#10370,1.);
#10390=LINE('',#10360,#10380);
#10400=EDGE_CURVE('',#9410,#10330,#10390,.T.);
#10410=ORIENTED_EDGE('',*,*,#10400,.T.);
#10420=EDGE_LOOP('',(#10410,#10350,#10260,#10220,#10130,#10040,#9960,
#9870,#9790,#9700,#9620,#9530,#9450));
#10430=FACE_BOUND('',#10420,.T.);
#10440=CARTESIAN_POINT('',(-78.2144863511263,30.9784986665028,-7.52));
#10450=DIRECTION('',(0.,0.,-1.));
#10460=DIRECTION('',(-1.,0.,0.));
#10470=AXIS2_PLACEMENT_3D('',#10440,#10450,#10460);
#10480=CIRCLE('',#10470,0.228362130292794);
#10490=CARTESIAN_POINT('',(-78.4428484814191,30.9784986665028,-7.52));
#10500=VERTEX_POINT('',#10490);
#10510=CARTESIAN_POINT('',(-77.9861242208335,30.9784986665028,-7.52));
#10520=VERTEX_POINT('',#10510);
#10530=EDGE_CURVE('',#10500,#10520,#10480,.T.);
#10540=ORIENTED_EDGE('',*,*,#10530,.F.);
#10550=EDGE_CURVE('',#10520,#10500,#10480,.T.);
#10560=ORIENTED_EDGE('',*,*,#10550,.F.);
#10570=EDGE_LOOP('',(#10560,#10540));
#10580=FACE_BOUND('',#10570,.T.);
#10590=ADVANCED_FACE('',(#8380,#9340,#10430,#10580),#8280,.T.);
#10600=COLOUR_RGB('',0.501960813999176,1.,0.501960813999176);
#10610=FILL_AREA_STYLE_COLOUR('',#10600);
#10620=FILL_AREA_STYLE('',(#10610));
#10630=SURFACE_STYLE_FILL_AREA(#10620);
#10640=SURFACE_SIDE_STYLE('',(#10630));
#10650=SURFACE_STYLE_USAGE(.BOTH.,#10640);
#10660=PRESENTATION_STYLE_ASSIGNMENT((#10650));
#10670=CARTESIAN_POINT('',(-78.2144863511263,30.9784986665028,-7.62));
#10680=DIRECTION('',(0.,0.,-1.));
#10690=DIRECTION('',(-1.,0.,0.));
#10700=AXIS2_PLACEMENT_3D('',#10670,#10680,#10690);
#10710=CYLINDRICAL_SURFACE('',#10700,0.456724260585462);
#10720=CARTESIAN_POINT('',(-78.2144863511263,30.9784986665028,-7.62));
#10730=DIRECTION('',(0.,0.,-1.));
#10740=DIRECTION('',(-1.,0.,0.));
#10750=AXIS2_PLACEMENT_3D('',#10720,#10730,#10740);
#10760=CIRCLE('',#10750,0.456724260585462);
#10770=CARTESIAN_POINT('',(-78.6712106117118,30.9784986665028,-7.62));
#10780=VERTEX_POINT('',#10770);
#10790=CARTESIAN_POINT('',(-78.4138762161035,31.3894010052059,-7.62));
#10800=VERTEX_POINT('',#10790);
#10810=EDGE_CURVE('',#10780,#10800,#10760,.T.);
#10820=ORIENTED_EDGE('',*,*,#10810,.T.);
#10830=CARTESIAN_POINT('',(-78.6712106117118,30.9784986665028,-7.62));
#10840=DIRECTION('',(0.,0.,-1.));
#10850=VECTOR('',#10840,1.);
#10860=LINE('',#10830,#10850);
#10870=EDGE_CURVE('',#8470,#10780,#10860,.T.);
#10880=ORIENTED_EDGE('',*,*,#10870,.T.);
#10890=ORIENTED_EDGE('',*,*,#9310,.F.);
#10900=CARTESIAN_POINT('',(-78.4138762161035,31.389401005206,-7.62));
#10910=DIRECTION('',(0.,0.,1.));
#10920=VECTOR('',#10910,1.);
#10930=LINE('',#10900,#10920);
#10940=EDGE_CURVE('',#10800,#9280,#10930,.T.);
#10950=ORIENTED_EDGE('',*,*,#10940,.T.);
#10960=EDGE_LOOP('',(#10950,#10890,#10880,#10820));
#10970=FACE_OUTER_BOUND('',#10960,.T.);
#10980=ADVANCED_FACE('',(#10970),#10710,.F.);
#10990=COLOUR_RGB('',0.501960813999176,1.,0.501960813999176);
#11000=FILL_AREA_STYLE_COLOUR('',#10990);
#11010=FILL_AREA_STYLE('',(#11000));
#11020=SURFACE_STYLE_FILL_AREA(#11010);
#11030=SURFACE_SIDE_STYLE('',(#11020));
#11040=SURFACE_STYLE_USAGE(.BOTH.,#11030);
#11050=PRESENTATION_STYLE_ASSIGNMENT((#11040));
#11060=CARTESIAN_POINT('',(-78.4828957847495,31.5316364301417,-7.62));
#11070=DIRECTION('',(0.,0.,-1.));
#11080=DIRECTION('',(-1.,0.,0.));
#11090=AXIS2_PLACEMENT_3D('',#11060,#11070,#11080);
#11100=CYLINDRICAL_SURFACE('',#11090,0.158096859433584);
#11110=CARTESIAN_POINT('',(-78.4828957847495,31.5316364301417,-7.62));
#11120=DIRECTION('',(0.,0.,-1.));
#11130=DIRECTION('',(-1.,0.,0.));
#11140=AXIS2_PLACEMENT_3D('',#11110,#11120,#11130);
#11150=CIRCLE('',#11140,0.158096859433584);
#11160=CARTESIAN_POINT('',(-78.3247989253159,31.5316364301417,-7.62));
#11170=VERTEX_POINT('',#11160);
#11180=EDGE_CURVE('',#11170,#10800,#11150,.T.);
#11190=ORIENTED_EDGE('',*,*,#11180,.F.);
#11200=ORIENTED_EDGE('',*,*,#10940,.F.);
#11210=ORIENTED_EDGE('',*,*,#9290,.T.);
#11220=CARTESIAN_POINT('',(-78.3247989253159,31.5316364301417,-7.62));
#11230=DIRECTION('',(0.,0.,-1.));
#11240=VECTOR('',#11230,1.);
#11250=LINE('',#11220,#11240);
#11260=EDGE_CURVE('',#9190,#11170,#11250,.T.);
#11270=ORIENTED_EDGE('',*,*,#11260,.F.);
#11280=EDGE_LOOP('',(#11270,#11210,#11200,#11190));
#11290=FACE_OUTER_BOUND('',#11280,.T.);
#11300=ADVANCED_FACE('',(#11290),#11100,.T.);
#11310=COLOUR_RGB('',0.501960813999176,1.,0.501960813999176);
#11320=FILL_AREA_STYLE_COLOUR('',#11310);
#11330=FILL_AREA_STYLE('',(#11320));
#11340=SURFACE_STYLE_FILL_AREA(#11330);
#11350=SURFACE_SIDE_STYLE('',(#11340));
#11360=SURFACE_STYLE_USAGE(.BOTH.,#11350);
#11370=PRESENTATION_STYLE_ASSIGNMENT((#11360));
#11380=CARTESIAN_POINT('',(-78.4828957847495,30.425360902864,-7.62));
#11390=DIRECTION('',(0.,0.,-1.));
#11400=DIRECTION('',(-1.,0.,0.));
#11410=AXIS2_PLACEMENT_3D('',#11380,#11390,#11400);
#11420=CYLINDRICAL_SURFACE('',#11410,0.15809685943344);
#11430=CARTESIAN_POINT('',(-78.4828957847495,30.425360902864,-7.62));
#11440=DIRECTION('',(0.,0.,-1.));
#11450=DIRECTION('',(-1.,0.,0.));
#11460=AXIS2_PLACEMENT_3D('',#11430,#11440,#11450);
#11470=CIRCLE('',#11460,0.15809685943344);
#11480=CARTESIAN_POINT('',(-78.4138762161035,30.5675963277997,-7.62));
#11490=VERTEX_POINT('',#11480);
#11500=CARTESIAN_POINT('',(-78.3247989253161,30.425360902864,-7.62));
#11510=VERTEX_POINT('',#11500);
#11520=EDGE_CURVE('',#11490,#11510,#11470,.T.);
#11530=ORIENTED_EDGE('',*,*,#11520,.F.);
#11540=CARTESIAN_POINT('',(-78.3247989253161,30.425360902864,-7.62));
#11550=DIRECTION('',(0.,0.,-1.));
#11560=VECTOR('',#11550,1.);
#11570=LINE('',#11540,#11560);
#11580=EDGE_CURVE('',#8560,#11510,#11570,.T.);
#11590=ORIENTED_EDGE('',*,*,#11580,.T.);
#11600=ORIENTED_EDGE('',*,*,#8570,.T.);
#11610=CARTESIAN_POINT('',(-78.4138762161035,30.5675963277997,-7.62));
#11620=DIRECTION('',(0.,0.,1.));
#11630=VECTOR('',#11620,1.);
#11640=LINE('',#11610,#11630);
#11650=EDGE_CURVE('',#11490,#8450,#11640,.T.);
#11660=ORIENTED_EDGE('',*,*,#11650,.T.);
#11670=EDGE_LOOP('',(#11660,#11600,#11590,#11530));
#11680=FACE_OUTER_BOUND('',#11670,.T.);
#11690=ADVANCED_FACE('',(#11680),#11420,.T.);
#11700=COLOUR_RGB('',0.501960813999176,1.,0.501960813999176);
#11710=FILL_AREA_STYLE_COLOUR('',#11700);
#11720=FILL_AREA_STYLE('',(#11710));
#11730=SURFACE_STYLE_FILL_AREA(#11720);
#11740=SURFACE_SIDE_STYLE('',(#11730));
#11750=SURFACE_STYLE_USAGE(.BOTH.,#11740);
#11760=PRESENTATION_STYLE_ASSIGNMENT((#11750));
#11770=CARTESIAN_POINT('',(-78.3247989253161,30.1854119518911,-7.62));
#11780=DIRECTION('',(-1.,0.,0.));
#11790=DIRECTION('',(0.,-1.,0.));
#11800=AXIS2_PLACEMENT_3D('',#11770,#11780,#11790);
#11810=PLANE('',#11800);
#11820=CARTESIAN_POINT('',(-78.3247989253161,0.,-7.62));
#11830=DIRECTION('',(0.,-1.,0.));
#11840=VECTOR('',#11830,1.);
#11850=LINE('',#11820,#11840);
#11860=CARTESIAN_POINT('',(-78.3247989253161,30.1854119518911,-7.62));
#11870=VERTEX_POINT('',#11860);
#11880=EDGE_CURVE('',#11510,#11870,#11850,.T.);
#11890=ORIENTED_EDGE('',*,*,#11880,.F.);
#11900=CARTESIAN_POINT('',(-78.3247989253161,30.1854119518911,-7.62));
#11910=DIRECTION('',(0.,0.,-1.));
#11920=VECTOR('',#11910,1.);
#11930=LINE('',#11900,#11920);
#11940=EDGE_CURVE('',#8640,#11870,#11930,.T.);
#11950=ORIENTED_EDGE('',*,*,#11940,.T.);
#11960=ORIENTED_EDGE('',*,*,#8650,.F.);
#11970=ORIENTED_EDGE('',*,*,#11580,.F.);
#11980=EDGE_LOOP('',(#11970,#11960,#11950,#11890));
#11990=FACE_OUTER_BOUND('',#11980,.T.);
#12000=ADVANCED_FACE('',(#11990),#11810,.F.);
#12010=COLOUR_RGB('',0.501960813999176,1.,0.501960813999176);
#12020=FILL_AREA_STYLE_COLOUR('',#12010);
#12030=FILL_AREA_STYLE('',(#12020));
#12040=SURFACE_STYLE_FILL_AREA(#12030);
#12050=SURFACE_SIDE_STYLE('',(#12040));
#12060=SURFACE_STYLE_USAGE(.BOTH.,#12050);
#12070=PRESENTATION_STYLE_ASSIGNMENT((#12060));
#12080=CARTESIAN_POINT('',(-78.4828957847495,30.1854119518911,-7.62));
#12090=DIRECTION('',(0.,0.,-1.));
#12100=DIRECTION('',(-1.,0.,0.));
#12110=AXIS2_PLACEMENT_3D('',#12080,#12090,#12100);
#12120=CYLINDRICAL_SURFACE('',#12110,0.158096859433385);
#12130=CARTESIAN_POINT('',(-78.4828957847495,30.1854119518911,-7.62));
#12140=DIRECTION('',(0.,0.,-1.));
#12150=DIRECTION('',(-1.,0.,0.));
#12160=AXIS2_PLACEMENT_3D('',#12130,#12140,#12150);
#12170=CIRCLE('',#12160,0.158096859433385);
#12180=CARTESIAN_POINT('',(-78.4828957847495,30.0273150924577,-7.62));
#12190=VERTEX_POINT('',#12180);
#12200=EDGE_CURVE('',#11870,#12190,#12170,.T.);
#12210=ORIENTED_EDGE('',*,*,#12200,.F.);
#12220=CARTESIAN_POINT('',(-78.4828957847495,30.0273150924576,-7.62));
#12230=DIRECTION('',(0.,0.,1.));
#12240=VECTOR('',#12230,1.);
#12250=LINE('',#12220,#12240);
#12260=EDGE_CURVE('',#12190,#8730,#12250,.T.);
#12270=ORIENTED_EDGE('',*,*,#12260,.F.);
#12280=ORIENTED_EDGE('',*,*,#8740,.T.);
#12290=ORIENTED_EDGE('',*,*,#11940,.F.);
#12300=EDGE_LOOP('',(#12290,#12280,#12270,#12210));
#12310=FACE_OUTER_BOUND('',#12300,.T.);
#12320=ADVANCED_FACE('',(#12310),#12120,.T.);
#12330=COLOUR_RGB('',0.501960813999176,1.,0.501960813999176);
#12340=FILL_AREA_STYLE_COLOUR('',#12330);
#12350=FILL_AREA_STYLE('',(#12340));
#12360=SURFACE_STYLE_FILL_AREA(#12350);
#12370=SURFACE_SIDE_STYLE('',(#12360));
#12380=SURFACE_STYLE_USAGE(.BOTH.,#12370);
#12390=PRESENTATION_STYLE_ASSIGNMENT((#12380));
#12400=CARTESIAN_POINT('',(-78.4955474345635,30.0273150924576,-7.62));
#12410=DIRECTION('',(0.,1.,-0.));
#12420=DIRECTION('',(-1.,0.,0.));
#12430=AXIS2_PLACEMENT_3D('',#12400,#12410,#12420);
#12440=PLANE('',#12430);
#12450=CARTESIAN_POINT('',(0.,30.0273150924576,-7.62));
#12460=DIRECTION('',(-1.,0.,0.));
#12470=VECTOR('',#12460,1.);
#12480=LINE('',#12450,#12470);
#12490=CARTESIAN_POINT('',(-78.4955474345635,30.0273150924576,-7.62));
#12500=VERTEX_POINT('',#12490);
#12510=EDGE_CURVE('',#12190,#12500,#12480,.T.);
#12520=ORIENTED_EDGE('',*,*,#12510,.F.);
#12530=CARTESIAN_POINT('',(-78.4955474345635,30.0273150924576,-7.62));
#12540=DIRECTION('',(0.,0.,1.));
#12550=VECTOR('',#12540,1.);
#12560=LINE('',#12530,#12550);
#12570=EDGE_CURVE('',#12500,#8810,#12560,.T.);
#12580=ORIENTED_EDGE('',*,*,#12570,.F.);
#12590=ORIENTED_EDGE('',*,*,#8820,.F.);
#12600=ORIENTED_EDGE('',*,*,#12260,.T.);
#12610=EDGE_LOOP('',(#12600,#12590,#12580,#12520));
#12620=FACE_OUTER_BOUND('',#12610,.T.);
#12630=ADVANCED_FACE('',(#12620),#12440,.F.);
#12640=COLOUR_RGB('',0.501960813999176,1.,0.501960813999176);
#12650=FILL_AREA_STYLE_COLOUR('',#12640);
#12660=FILL_AREA_STYLE('',(#12650));
#12670=SURFACE_STYLE_FILL_AREA(#12660);
#12680=SURFACE_SIDE_STYLE('',(#12670));
#12690=SURFACE_STYLE_USAGE(.BOTH.,#12680);
#12700=PRESENTATION_STYLE_ASSIGNMENT((#12690));
#12710=CARTESIAN_POINT('',(-78.4955474345635,30.9784986665028,-7.62));
#12720=DIRECTION('',(0.,0.,-1.));
#12730=DIRECTION('',(-1.,0.,0.));
#12740=AXIS2_PLACEMENT_3D('',#12710,#12720,#12730);
#12750=CYLINDRICAL_SURFACE('',#12740,0.951183574045199);
#12760=CARTESIAN_POINT('',(-78.4955474345635,30.9784986665028,-7.62));
#12770=DIRECTION('',(0.,0.,-1.));
#12780=DIRECTION('',(-1.,0.,0.));
#12790=AXIS2_PLACEMENT_3D('',#12760,#12770,#12780);
#12800=CIRCLE('',#12790,0.951183574045199);
#12810=CARTESIAN_POINT('',(-79.4467310086087,30.9784986665028,-7.62));
#12820=VERTEX_POINT('',#12810);
#12830=EDGE_CURVE('',#12500,#12820,#12800,.T.);
#12840=ORIENTED_EDGE('',*,*,#12830,.F.);
#12850=CARTESIAN_POINT('',(-79.4467310086087,30.9784986665028,-7.62));
#12860=DIRECTION('',(0.,0.,-1.));
#12870=VECTOR('',#12860,1.);
#12880=LINE('',#12850,#12870);
#12890=EDGE_CURVE('',#8900,#12820,#12880,.T.);
#12900=ORIENTED_EDGE('',*,*,#12890,.T.);
#12910=ORIENTED_EDGE('',*,*,#8910,.T.);
#12920=ORIENTED_EDGE('',*,*,#12570,.T.);
#12930=EDGE_LOOP('',(#12920,#12910,#12900,#12840));
#12940=FACE_OUTER_BOUND('',#12930,.T.);
#12950=ADVANCED_FACE('',(#12940),#12750,.T.);
#12960=COLOUR_RGB('',0.501960813999176,1.,0.501960813999176);
#12970=FILL_AREA_STYLE_COLOUR('',#12960);
#12980=FILL_AREA_STYLE('',(#12970));
#12990=SURFACE_STYLE_FILL_AREA(#12980);
#13000=SURFACE_SIDE_STYLE('',(#12990));
#13010=SURFACE_STYLE_USAGE(.BOTH.,#13000);
#13020=PRESENTATION_STYLE_ASSIGNMENT((#13010));
#13030=CARTESIAN_POINT('',(-78.4828957847495,31.929682240548,-7.62));
#13040=DIRECTION('',(0.,-1.,0.));
#13050=DIRECTION('',(1.,0.,0.));
#13060=AXIS2_PLACEMENT_3D('',#13030,#13040,#13050);
#13070=PLANE('',#13060);
#13080=CARTESIAN_POINT('',(0.,31.929682240548,-7.62));
#13090=DIRECTION('',(1.,0.,0.));
#13100=VECTOR('',#13090,1.);
#13110=LINE('',#13080,#13100);
#13120=CARTESIAN_POINT('',(-78.4955474345635,31.929682240548,-7.62));
#13130=VERTEX_POINT('',#13120);
#13140=CARTESIAN_POINT('',(-78.4828957847495,31.929682240548,-7.62));
#13150=VERTEX_POINT('',#13140);
#13160=EDGE_CURVE('',#13130,#13150,#13110,.T.);
#13170=ORIENTED_EDGE('',*,*,#13160,.F.);
#13180=CARTESIAN_POINT('',(-78.4828957847495,31.929682240548,-7.62));
#13190=DIRECTION('',(0.,0.,1.));
#13200=VECTOR('',#13190,1.);
#13210=LINE('',#13180,#13200);
#13220=EDGE_CURVE('',#13150,#9020,#13210,.T.);
#13230=ORIENTED_EDGE('',*,*,#13220,.F.);
#13240=ORIENTED_EDGE('',*,*,#9030,.T.);
#13250=CARTESIAN_POINT('',(-78.4955474345635,31.929682240548,-7.62));
#13260=DIRECTION('',(0.,0.,1.));
#13270=VECTOR('',#13260,1.);
#13280=LINE('',#13250,#13270);
#13290=EDGE_CURVE('',#13130,#8940,#13280,.T.);
#13300=ORIENTED_EDGE('',*,*,#13290,.T.);
#13310=EDGE_LOOP('',(#13300,#13240,#13230,#13170));
#13320=FACE_OUTER_BOUND('',#13310,.T.);
#13330=ADVANCED_FACE('',(#13320),#13070,.F.);
#13340=COLOUR_RGB('',0.501960813999176,1.,0.501960813999176);
#13350=FILL_AREA_STYLE_COLOUR('',#13340);
#13360=FILL_AREA_STYLE('',(#13350));
#13370=SURFACE_STYLE_FILL_AREA(#13360);
#13380=SURFACE_SIDE_STYLE('',(#13370));
#13390=SURFACE_STYLE_USAGE(.BOTH.,#13380);
#13400=PRESENTATION_STYLE_ASSIGNMENT((#13390));
#13410=CARTESIAN_POINT('',(-78.4828957847495,31.7715853811146,-7.62));
#13420=DIRECTION('',(0.,0.,-1.));
#13430=DIRECTION('',(-1.,0.,0.));
#13440=AXIS2_PLACEMENT_3D('',#13410,#13420,#13430);
#13450=CYLINDRICAL_SURFACE('',#13440,0.15809685943344);
#13460=CARTESIAN_POINT('',(-78.4828957847495,31.7715853811146,-7.62));
#13470=DIRECTION('',(0.,0.,-1.));
#13480=DIRECTION('',(-1.,0.,0.));
#13490=AXIS2_PLACEMENT_3D('',#13460,#13470,#13480);
#13500=CIRCLE('',#13490,0.15809685943344);
#13510=CARTESIAN_POINT('',(-78.3247989253161,31.7715853811146,-7.62));
#13520=VERTEX_POINT('',#13510);
#13530=EDGE_CURVE('',#13150,#13520,#13500,.T.);
#13540=ORIENTED_EDGE('',*,*,#13530,.F.);
#13550=CARTESIAN_POINT('',(-78.3247989253161,31.7715853811146,-7.62));
#13560=DIRECTION('',(0.,0.,-1.));
#13570=VECTOR('',#13560,1.);
#13580=LINE('',#13550,#13570);
#13590=EDGE_CURVE('',#9110,#13520,#13580,.T.);
#13600=ORIENTED_EDGE('',*,*,#13590,.T.);
#13610=ORIENTED_EDGE('',*,*,#9120,.T.);
#13620=ORIENTED_EDGE('',*,*,#13220,.T.);
#13630=EDGE_LOOP('',(#13620,#13610,#13600,#13540));
#13640=FACE_OUTER_BOUND('',#13630,.T.);
#13650=ADVANCED_FACE('',(#13640),#13450,.T.);
#13660=COLOUR_RGB('',0.501960813999176,1.,0.501960813999176);
#13670=FILL_AREA_STYLE_COLOUR('',#13660);
#13680=FILL_AREA_STYLE('',(#13670));
#13690=SURFACE_STYLE_FILL_AREA(#13680);
#13700=SURFACE_SIDE_STYLE('',(#13690));
#13710=SURFACE_STYLE_USAGE(.BOTH.,#13700);
#13720=PRESENTATION_STYLE_ASSIGNMENT((#13710));
#13730=CARTESIAN_POINT('',(-78.3247989253159,31.5316364301417,-7.62));
#13740=DIRECTION('',(-1.,0.,0.));
#13750=DIRECTION('',(0.,-1.,0.));
#13760=AXIS2_PLACEMENT_3D('',#13730,#13740,#13750);
#13770=PLANE('',#13760);
#13780=CARTESIAN_POINT('',(-78.3247989253159,0.,-7.62));
#13790=DIRECTION('',(0.,-1.,0.));
#13800=VECTOR('',#13790,1.);
#13810=LINE('',#13780,#13800);
#13820=EDGE_CURVE('',#13520,#11170,#13810,.T.);
#13830=ORIENTED_EDGE('',*,*,#13820,.F.);
#13840=ORIENTED_EDGE('',*,*,#11260,.T.);
#13850=ORIENTED_EDGE('',*,*,#9200,.F.);
#13860=ORIENTED_EDGE('',*,*,#13590,.F.);
#13870=EDGE_LOOP('',(#13860,#13850,#13840,#13830));
#13880=FACE_OUTER_BOUND('',#13870,.T.);
#13890=ADVANCED_FACE('',(#13880),#13770,.F.);
#13900=COLOUR_RGB('',0.501960813999176,1.,0.501960813999176);
#13910=FILL_AREA_STYLE_COLOUR('',#13900);
#13920=FILL_AREA_STYLE('',(#13910));
#13930=SURFACE_STYLE_FILL_AREA(#13920);
#13940=SURFACE_SIDE_STYLE('',(#13930));
#13950=SURFACE_STYLE_USAGE(.BOTH.,#13940);
#13960=PRESENTATION_STYLE_ASSIGNMENT((#13950));
#13970=CARTESIAN_POINT('',(0.,0.,-7.62));
#13980=DIRECTION('',(0.,0.,1.));
#13990=DIRECTION('',(1.,0.,0.));
#14000=AXIS2_PLACEMENT_3D('',#13970,#13980,#13990);
#14010=PLANE('',#14000);
#14020=EDGE_CURVE('',#11490,#10780,#10760,.T.);
#14030=ORIENTED_EDGE('',*,*,#14020,.F.);
#14040=ORIENTED_EDGE('',*,*,#10810,.F.);
#14050=ORIENTED_EDGE('',*,*,#11180,.T.);
#14060=ORIENTED_EDGE('',*,*,#13820,.T.);
#14070=ORIENTED_EDGE('',*,*,#13530,.T.);
#14080=ORIENTED_EDGE('',*,*,#13160,.T.);
#14090=EDGE_CURVE('',#12820,#13130,#12800,.T.);
#14100=ORIENTED_EDGE('',*,*,#14090,.T.);
#14110=ORIENTED_EDGE('',*,*,#12830,.T.);
#14120=ORIENTED_EDGE('',*,*,#12510,.T.);
#14130=ORIENTED_EDGE('',*,*,#12200,.T.);
#14140=ORIENTED_EDGE('',*,*,#11880,.T.);
#14150=ORIENTED_EDGE('',*,*,#11520,.T.);
#14160=EDGE_LOOP('',(#14150,#14140,#14130,#14120,#14110,#14100,#14080,
#14070,#14060,#14050,#14040,#14030));
#14170=FACE_OUTER_BOUND('',#14160,.T.);
#14180=ADVANCED_FACE('',(#14170),#14010,.F.);
#14190=COLOUR_RGB('',0.501960813999176,1.,0.501960813999176);
#14200=FILL_AREA_STYLE_COLOUR('',#14190);
#14210=FILL_AREA_STYLE('',(#14200));
#14220=SURFACE_STYLE_FILL_AREA(#14210);
#14230=SURFACE_SIDE_STYLE('',(#14220));
#14240=SURFACE_STYLE_USAGE(.BOTH.,#14230);
#14250=PRESENTATION_STYLE_ASSIGNMENT((#14240));
#14260=CARTESIAN_POINT('',(-78.1041737769368,31.7715853811145,-7.62));
#14270=DIRECTION('',(1.,0.,0.));
#14280=DIRECTION('',(0.,1.,0.));
#14290=AXIS2_PLACEMENT_3D('',#14260,#14270,#14280);
#14300=PLANE('',#14290);
#14310=CARTESIAN_POINT('',(-78.1041737769368,0.,-7.62));
#14320=DIRECTION('',(0.,1.,0.));
#14330=VECTOR('',#14320,1.);
#14340=LINE('',#14310,#14330);
#14350=CARTESIAN_POINT('',(-78.1041737769366,31.5316364301417,-7.62));
#14360=VERTEX_POINT('',#14350);
#14370=CARTESIAN_POINT('',(-78.1041737769368,31.7715853811146,-7.62));
#14380=VERTEX_POINT('',#14370);
#14390=EDGE_CURVE('',#14360,#14380,#14340,.T.);
#14400=ORIENTED_EDGE('',*,*,#14390,.F.);
#14410=CARTESIAN_POINT('',(-78.1041737769368,31.7715853811146,-7.62));
#14420=DIRECTION('',(0.,0.,-1.));
#14430=VECTOR('',#14420,1.);
#14440=LINE('',#14410,#14430);
#14450=EDGE_CURVE('',#9410,#14380,#14440,.T.);
#14460=ORIENTED_EDGE('',*,*,#14450,.T.);
#14470=ORIENTED_EDGE('',*,*,#10400,.F.);
#14480=CARTESIAN_POINT('',(-78.1041737769366,31.5316364301417,-7.62));
#14490=DIRECTION('',(0.,0.,-1.));
#14500=VECTOR('',#14490,1.);
#14510=LINE('',#14480,#14500);
#14520=EDGE_CURVE('',#10330,#14360,#14510,.T.);
#14530=ORIENTED_EDGE('',*,*,#14520,.F.);
#14540=EDGE_LOOP('',(#14530,#14470,#14460,#14400));
#14550=FACE_OUTER_BOUND('',#14540,.T.);
#14560=ADVANCED_FACE('',(#14550),#14300,.F.);
#14570=COLOUR_RGB('',0.501960813999176,1.,0.501960813999176);
#14580=FILL_AREA_STYLE_COLOUR('',#14570);
#14590=FILL_AREA_STYLE('',(#14580));
#14600=SURFACE_STYLE_FILL_AREA(#14590);
#14610=SURFACE_SIDE_STYLE('',(#14600));
#14620=SURFACE_STYLE_USAGE(.BOTH.,#14610);
#14630=PRESENTATION_STYLE_ASSIGNMENT((#14620));
#14640=CARTESIAN_POINT('',(-77.9460769175032,31.5316364301417,-7.62));
#14650=DIRECTION('',(0.,0.,-1.));
#14660=DIRECTION('',(-1.,0.,0.));
#14670=AXIS2_PLACEMENT_3D('',#14640,#14650,#14660);
#14680=CYLINDRICAL_SURFACE('',#14670,0.158096859433421);
#14690=CARTESIAN_POINT('',(-77.9460769175032,31.5316364301417,-7.62));
#14700=DIRECTION('',(0.,0.,-1.));
#14710=DIRECTION('',(-1.,0.,0.));
#14720=AXIS2_PLACEMENT_3D('',#14690,#14700,#14710);
#14730=CIRCLE('',#14720,0.158096859433421);
#14740=CARTESIAN_POINT('',(-78.0150964861491,31.389401005206,-7.62));
#14750=VERTEX_POINT('',#14740);
#14760=EDGE_CURVE('',#14750,#14360,#14730,.T.);
#14770=ORIENTED_EDGE('',*,*,#14760,.F.);
#14780=ORIENTED_EDGE('',*,*,#14520,.T.);
#14790=ORIENTED_EDGE('',*,*,#10340,.T.);
#14800=CARTESIAN_POINT('',(-78.0150964861491,31.389401005206,-7.62));
#14810=DIRECTION('',(0.,0.,1.));
#14820=VECTOR('',#14810,1.);
#14830=LINE('',#14800,#14820);
#14840=EDGE_CURVE('',#14750,#10240,#14830,.T.);
#14850=ORIENTED_EDGE('',*,*,#14840,.T.);
#14860=EDGE_LOOP('',(#14850,#14790,#14780,#14770));
#14870=FACE_OUTER_BOUND('',#14860,.T.);
#14880=ADVANCED_FACE('',(#14870),#14680,.T.);
#14890=COLOUR_RGB('',0.501960813999176,1.,0.501960813999176);
#14900=FILL_AREA_STYLE_COLOUR('',#14890);
#14910=FILL_AREA_STYLE('',(#14900));
#14920=SURFACE_STYLE_FILL_AREA(#14910);
#14930=SURFACE_SIDE_STYLE('',(#14920));
#14940=SURFACE_STYLE_USAGE(.BOTH.,#14930);
#14950=PRESENTATION_STYLE_ASSIGNMENT((#14940));
#14960=CARTESIAN_POINT('',(-77.9460769175032,31.7715853811146,-7.62));
#14970=DIRECTION('',(0.,0.,-1.));
#14980=DIRECTION('',(-1.,0.,0.));
#14990=AXIS2_PLACEMENT_3D('',#14960,#14970,#14980);
#15000=CYLINDRICAL_SURFACE('',#14990,0.158096859433613);
#15010=CARTESIAN_POINT('',(-77.9460769175032,31.7715853811146,-7.62));
#15020=DIRECTION('',(0.,0.,-1.));
#15030=DIRECTION('',(-1.,0.,0.));
#15040=AXIS2_PLACEMENT_3D('',#15010,#15020,#15030);
#15050=CIRCLE('',#15040,0.158096859433613);
#15060=CARTESIAN_POINT('',(-77.9460769175032,31.9296822405482,-7.62));
#15070=VERTEX_POINT('',#15060);
#15080=EDGE_CURVE('',#14380,#15070,#15050,.T.);
#15090=ORIENTED_EDGE('',*,*,#15080,.F.);
#15100=CARTESIAN_POINT('',(-77.9460769175032,31.929682240548,-7.62));
#15110=DIRECTION('',(0.,0.,1.));
#15120=VECTOR('',#15110,1.);
#15130=LINE('',#15100,#15120);
#15140=EDGE_CURVE('',#15070,#9430,#15130,.T.);
#15150=ORIENTED_EDGE('',*,*,#15140,.F.);
#15160=ORIENTED_EDGE('',*,*,#9440,.T.);
#15170=ORIENTED_EDGE('',*,*,#14450,.F.);
#15180=EDGE_LOOP('',(#15170,#15160,#15150,#15090));
#15190=FACE_OUTER_BOUND('',#15180,.T.);
#15200=ADVANCED_FACE('',(#15190),#15000,.T.);
#15210=COLOUR_RGB('',0.501960813999176,1.,0.501960813999176);
#15220=FILL_AREA_STYLE_COLOUR('',#15210);
#15230=FILL_AREA_STYLE('',(#15220));
#15240=SURFACE_STYLE_FILL_AREA(#15230);
#15250=SURFACE_SIDE_STYLE('',(#15240));
#15260=SURFACE_STYLE_USAGE(.BOTH.,#15250);
#15270=PRESENTATION_STYLE_ASSIGNMENT((#15260));
#15280=CARTESIAN_POINT('',(-77.2694574686621,31.929682240548,-7.62));
#15290=DIRECTION('',(2.88787519585346E-14,-1.,0.));
#15300=DIRECTION('',(1.,2.88787519585346E-14,0.));
#15310=AXIS2_PLACEMENT_3D('',#15280,#15290,#15300);
#15320=PLANE('',#15310);
#15330=CARTESIAN_POINT('',(0.,31.9296822405503,-7.62));
#15340=DIRECTION('',(1.,2.88787519585346E-14,0.));
#15350=VECTOR('',#15340,1.);
#15360=LINE('',#15330,#15350);
#15370=CARTESIAN_POINT('',(-77.2694574686621,31.929682240548,-7.62));
#15380=VERTEX_POINT('',#15370);
#15390=EDGE_CURVE('',#15070,#15380,#15360,.T.);
#15400=ORIENTED_EDGE('',*,*,#15390,.F.);
#15410=CARTESIAN_POINT('',(-77.2694574686621,31.929682240548,-7.62));
#15420=DIRECTION('',(0.,0.,1.));
#15430=VECTOR('',#15420,1.);
#15440=LINE('',#15410,#15430);
#15450=EDGE_CURVE('',#15380,#9510,#15440,.T.);
#15460=ORIENTED_EDGE('',*,*,#15450,.F.);
#15470=ORIENTED_EDGE('',*,*,#9520,.F.);
#15480=ORIENTED_EDGE('',*,*,#15140,.T.);
#15490=EDGE_LOOP('',(#15480,#15470,#15460,#15400));
#15500=FACE_OUTER_BOUND('',#15490,.T.);
#15510=ADVANCED_FACE('',(#15500),#15320,.F.);
#15520=COLOUR_RGB('',0.501960813999176,1.,0.501960813999176);
#15530=FILL_AREA_STYLE_COLOUR('',#15520);
#15540=FILL_AREA_STYLE('',(#15530));
#15550=SURFACE_STYLE_FILL_AREA(#15540);
#15560=SURFACE_SIDE_STYLE('',(#15550));
#15570=SURFACE_STYLE_USAGE(.BOTH.,#15560);
#15580=PRESENTATION_STYLE_ASSIGNMENT((#15570));
#15590=CARTESIAN_POINT('',(-77.2694574686621,31.7715853811146,-7.62));
#15600=DIRECTION('',(0.,0.,-1.));
#15610=DIRECTION('',(-1.,0.,0.));
#15620=AXIS2_PLACEMENT_3D('',#15590,#15600,#15610);
#15630=CYLINDRICAL_SURFACE('',#15620,0.15809685943344);
#15640=CARTESIAN_POINT('',(-77.2694574686621,31.7715853811146,-7.62));
#15650=DIRECTION('',(0.,0.,-1.));
#15660=DIRECTION('',(-1.,0.,0.));
#15670=AXIS2_PLACEMENT_3D('',#15640,#15650,#15660);
#15680=CIRCLE('',#15670,0.15809685943344);
#15690=CARTESIAN_POINT('',(-77.1113606092287,31.7715853811146,-7.62));
#15700=VERTEX_POINT('',#15690);
#15710=EDGE_CURVE('',#15380,#15700,#15680,.T.);
#15720=ORIENTED_EDGE('',*,*,#15710,.F.);
#15730=CARTESIAN_POINT('',(-77.1113606092287,31.7715853811146,-7.62));
#15740=DIRECTION('',(0.,0.,-1.));
#15750=VECTOR('',#15740,1.);
#15760=LINE('',#15730,#15750);
#15770=EDGE_CURVE('',#9600,#15700,#15760,.T.);
#15780=ORIENTED_EDGE('',*,*,#15770,.T.);
#15790=ORIENTED_EDGE('',*,*,#9610,.T.);
#15800=ORIENTED_EDGE('',*,*,#15450,.T.);
#15810=EDGE_LOOP('',(#15800,#15790,#15780,#15720));
#15820=FACE_OUTER_BOUND('',#15810,.T.);
#15830=ADVANCED_FACE('',(#15820),#15630,.T.);
#15840=COLOUR_RGB('',0.501960813999176,1.,0.501960813999176);
#15850=FILL_AREA_STYLE_COLOUR('',#15840);
#15860=FILL_AREA_STYLE('',(#15850));
#15870=SURFACE_STYLE_FILL_AREA(#15860);
#15880=SURFACE_SIDE_STYLE('',(#15870));
#15890=SURFACE_STYLE_USAGE(.BOTH.,#15880);
#15900=PRESENTATION_STYLE_ASSIGNMENT((#15890));
#15910=CARTESIAN_POINT('',(-77.1113606092286,29.7377961523505,-7.62));
#15920=DIRECTION('',(-1.,0.,0.));
#15930=DIRECTION('',(0.,-1.,0.));
#15940=AXIS2_PLACEMENT_3D('',#15910,#15920,#15930);
#15950=PLANE('',#15940);
#15960=CARTESIAN_POINT('',(-77.1113606092286,0.,-7.62));
#15970=DIRECTION('',(0.,-1.,0.));
#15980=VECTOR('',#15970,1.);
#15990=LINE('',#15960,#15980);
#16000=CARTESIAN_POINT('',(-77.1113606092286,29.7377961523505,-7.62));
#16010=VERTEX_POINT('',#16000);
#16020=EDGE_CURVE('',#15700,#16010,#15990,.T.);
#16030=ORIENTED_EDGE('',*,*,#16020,.F.);
#16040=CARTESIAN_POINT('',(-77.1113606092286,29.7377961523505,-7.62));
#16050=DIRECTION('',(0.,0.,-1.));
#16060=VECTOR('',#16050,1.);
#16070=LINE('',#16040,#16060);
#16080=EDGE_CURVE('',#9680,#16010,#16070,.T.);
#16090=ORIENTED_EDGE('',*,*,#16080,.T.);
#16100=ORIENTED_EDGE('',*,*,#9690,.T.);
#16110=ORIENTED_EDGE('',*,*,#15770,.F.);
#16120=EDGE_LOOP('',(#16110,#16100,#16090,#16030));
#16130=FACE_OUTER_BOUND('',#16120,.T.);
#16140=ADVANCED_FACE('',(#16130),#15950,.F.);
#16150=COLOUR_RGB('',0.501960813999176,1.,0.501960813999176);
#16160=FILL_AREA_STYLE_COLOUR('',#16150);
#16170=FILL_AREA_STYLE('',(#16160));
#16180=SURFACE_STYLE_FILL_AREA(#16170);
#16190=SURFACE_SIDE_STYLE('',(#16180));
#16200=SURFACE_STYLE_USAGE(.BOTH.,#16190);
#16210=PRESENTATION_STYLE_ASSIGNMENT((#16200));
#16220=CARTESIAN_POINT('',(-77.2694574686621,29.7377961523505,-7.62));
#16230=DIRECTION('',(0.,0.,-1.));
#16240=DIRECTION('',(-1.,0.,0.));
#16250=AXIS2_PLACEMENT_3D('',#16220,#16230,#16240);
#16260=CYLINDRICAL_SURFACE('',#16250,0.158096859433499);
#16270=CARTESIAN_POINT('',(-77.2694574686621,29.7377961523505,-7.62));
#16280=DIRECTION('',(0.,0.,-1.));
#16290=DIRECTION('',(-1.,0.,0.));
#16300=AXIS2_PLACEMENT_3D('',#16270,#16280,#16290);
#16310=CIRCLE('',#16300,0.158096859433499);
#16320=CARTESIAN_POINT('',(-77.2694574686621,29.579699292917,-7.62));
#16330=VERTEX_POINT('',#16320);
#16340=EDGE_CURVE('',#16010,#16330,#16310,.T.);
#16350=ORIENTED_EDGE('',*,*,#16340,.F.);
#16360=CARTESIAN_POINT('',(-77.2694574686621,29.5796992929171,-7.62));
#16370=DIRECTION('',(0.,0.,1.));
#16380=VECTOR('',#16370,1.);
#16390=LINE('',#16360,#16380);
#16400=EDGE_CURVE('',#16330,#9770,#16390,.T.);
#16410=ORIENTED_EDGE('',*,*,#16400,.F.);
#16420=ORIENTED_EDGE('',*,*,#9780,.T.);
#16430=ORIENTED_EDGE('',*,*,#16080,.F.);
#16440=EDGE_LOOP('',(#16430,#16420,#16410,#16350));
#16450=FACE_OUTER_BOUND('',#16440,.T.);
#16460=ADVANCED_FACE('',(#16450),#16260,.T.);
#16470=COLOUR_RGB('',0.501960813999176,1.,0.501960813999176);
#16480=FILL_AREA_STYLE_COLOUR('',#16470);
#16490=FILL_AREA_STYLE('',(#16480));
#16500=SURFACE_STYLE_FILL_AREA(#16490);
#16510=SURFACE_SIDE_STYLE('',(#16500));
#16520=SURFACE_STYLE_USAGE(.BOTH.,#16510);
#16530=PRESENTATION_STYLE_ASSIGNMENT((#16520));
#16540=CARTESIAN_POINT('',(-77.9460769175032,29.5796992929171,-7.62));
#16550=DIRECTION('',(0.,1.,-0.));
#16560=DIRECTION('',(-1.,0.,0.));
#16570=AXIS2_PLACEMENT_3D('',#16540,#16550,#16560);
#16580=PLANE('',#16570);
#16590=CARTESIAN_POINT('',(0.,29.5796992929171,-7.62));
#16600=DIRECTION('',(-1.,0.,0.));
#16610=VECTOR('',#16600,1.);
#16620=LINE('',#16590,#16610);
#16630=CARTESIAN_POINT('',(-77.9460769175032,29.5796992929171,-7.62));
#16640=VERTEX_POINT('',#16630);
#16650=EDGE_CURVE('',#16330,#16640,#16620,.T.);
#16660=ORIENTED_EDGE('',*,*,#16650,.F.);
#16670=CARTESIAN_POINT('',(-77.9460769175032,29.5796992929171,-7.62));
#16680=DIRECTION('',(0.,0.,1.));
#16690=VECTOR('',#16680,1.);
#16700=LINE('',#16670,#16690);
#16710=EDGE_CURVE('',#16640,#9850,#16700,.T.);
#16720=ORIENTED_EDGE('',*,*,#16710,.F.);
#16730=ORIENTED_EDGE('',*,*,#9860,.F.);
#16740=ORIENTED_EDGE('',*,*,#16400,.T.);
#16750=EDGE_LOOP('',(#16740,#16730,#16720,#16660));
#16760=FACE_OUTER_BOUND('',#16750,.T.);
#16770=ADVANCED_FACE('',(#16760),#16580,.F.);
#16780=COLOUR_RGB('',0.501960813999176,1.,0.501960813999176);
#16790=FILL_AREA_STYLE_COLOUR('',#16780);
#16800=FILL_AREA_STYLE('',(#16790));
#16810=SURFACE_STYLE_FILL_AREA(#16800);
#16820=SURFACE_SIDE_STYLE('',(#16810));
#16830=SURFACE_STYLE_USAGE(.BOTH.,#16820);
#16840=PRESENTATION_STYLE_ASSIGNMENT((#16830));
#16850=CARTESIAN_POINT('',(-77.9460769175032,29.7377961523505,-7.62));
#16860=DIRECTION('',(0.,0.,-1.));
#16870=DIRECTION('',(-1.,0.,0.));
#16880=AXIS2_PLACEMENT_3D('',#16850,#16860,#16870);
#16890=CYLINDRICAL_SURFACE('',#16880,0.158096859433439);
#16900=CARTESIAN_POINT('',(-77.9460769175032,29.7377961523505,-7.62));
#16910=DIRECTION('',(0.,0.,-1.));
#16920=DIRECTION('',(-1.,0.,0.));
#16930=AXIS2_PLACEMENT_3D('',#16900,#16910,#16920);
#16940=CIRCLE('',#16930,0.158096859433439);
#16950=CARTESIAN_POINT('',(-78.1041737769366,29.7377961523505,-7.62));
#16960=VERTEX_POINT('',#16950);
#16970=EDGE_CURVE('',#16640,#16960,#16940,.T.);
#16980=ORIENTED_EDGE('',*,*,#16970,.F.);
#16990=CARTESIAN_POINT('',(-78.1041737769366,29.7377961523505,-7.62));
#17000=DIRECTION('',(0.,0.,-1.));
#17010=VECTOR('',#17000,1.);
#17020=LINE('',#16990,#17010);
#17030=EDGE_CURVE('',#9940,#16960,#17020,.T.);
#17040=ORIENTED_EDGE('',*,*,#17030,.T.);
#17050=ORIENTED_EDGE('',*,*,#9950,.T.);
#17060=ORIENTED_EDGE('',*,*,#16710,.T.);
#17070=EDGE_LOOP('',(#17060,#17050,#17040,#16980));
#17080=FACE_OUTER_BOUND('',#17070,.T.);
#17090=ADVANCED_FACE('',(#17080),#16890,.T.);
#17100=COLOUR_RGB('',0.501960813999176,1.,0.501960813999176);
#17110=FILL_AREA_STYLE_COLOUR('',#17100);
#17120=FILL_AREA_STYLE('',(#17110));
#17130=SURFACE_STYLE_FILL_AREA(#17120);
#17140=SURFACE_SIDE_STYLE('',(#17130));
#17150=SURFACE_STYLE_USAGE(.BOTH.,#17140);
#17160=PRESENTATION_STYLE_ASSIGNMENT((#17150));
#17170=CARTESIAN_POINT('',(-78.1041737769365,30.425360902864,-7.62));
#17180=DIRECTION('',(1.,0.,0.));
#17190=DIRECTION('',(0.,1.,0.));
#17200=AXIS2_PLACEMENT_3D('',#17170,#17180,#17190);
#17210=PLANE('',#17200);
#17220=CARTESIAN_POINT('',(-78.1041737769365,0.,-7.62));
#17230=DIRECTION('',(0.,1.,0.));
#17240=VECTOR('',#17230,1.);
#17250=LINE('',#17220,#17240);
#17260=CARTESIAN_POINT('',(-78.1041737769365,30.425360902864,-7.62));
#17270=VERTEX_POINT('',#17260);
#17280=EDGE_CURVE('',#16960,#17270,#17250,.T.);
#17290=ORIENTED_EDGE('',*,*,#17280,.F.);
#17300=CARTESIAN_POINT('',(-78.1041737769365,30.425360902864,-7.62));
#17310=DIRECTION('',(0.,0.,-1.));
#17320=VECTOR('',#17310,1.);
#17330=LINE('',#17300,#17320);
#17340=EDGE_CURVE('',#10020,#17270,#17330,.T.);
#17350=ORIENTED_EDGE('',*,*,#17340,.T.);
#17360=ORIENTED_EDGE('',*,*,#10030,.F.);
#17370=ORIENTED_EDGE('',*,*,#17030,.F.);
#17380=EDGE_LOOP('',(#17370,#17360,#17350,#17290));
#17390=FACE_OUTER_BOUND('',#17380,.T.);
#17400=ADVANCED_FACE('',(#17390),#17210,.F.);
#17410=COLOUR_RGB('',0.501960813999176,1.,0.501960813999176);
#17420=FILL_AREA_STYLE_COLOUR('',#17410);
#17430=FILL_AREA_STYLE('',(#17420));
#17440=SURFACE_STYLE_FILL_AREA(#17430);
#17450=SURFACE_SIDE_STYLE('',(#17440));
#17460=SURFACE_STYLE_USAGE(.BOTH.,#17450);
#17470=PRESENTATION_STYLE_ASSIGNMENT((#17460));
#17480=CARTESIAN_POINT('',(-77.9460769175032,30.425360902864,-7.62));
#17490=DIRECTION('',(0.,0.,-1.));
#17500=DIRECTION('',(-1.,0.,0.));
#17510=AXIS2_PLACEMENT_3D('',#17480,#17490,#17500);
#17520=CYLINDRICAL_SURFACE('',#17510,0.1580968594333);
#17530=CARTESIAN_POINT('',(-77.9460769175032,30.425360902864,-7.62));
#17540=DIRECTION('',(0.,0.,-1.));
#17550=DIRECTION('',(-1.,0.,0.));
#17560=AXIS2_PLACEMENT_3D('',#17530,#17540,#17550);
#17570=CIRCLE('',#17560,0.1580968594333);
#17580=CARTESIAN_POINT('',(-78.0150964861491,30.5675963277996,-7.62));
#17590=VERTEX_POINT('',#17580);
#17600=EDGE_CURVE('',#17270,#17590,#17570,.T.);
#17610=ORIENTED_EDGE('',*,*,#17600,.F.);
#17620=CARTESIAN_POINT('',(-78.0150964861491,30.5675963277997,-7.62));
#17630=DIRECTION('',(0.,0.,1.));
#17640=VECTOR('',#17630,1.);
#17650=LINE('',#17620,#17640);
#17660=EDGE_CURVE('',#17590,#10110,#17650,.T.);
#17670=ORIENTED_EDGE('',*,*,#17660,.F.);
#17680=ORIENTED_EDGE('',*,*,#10120,.T.);
#17690=ORIENTED_EDGE('',*,*,#17340,.F.);
#17700=EDGE_LOOP('',(#17690,#17680,#17670,#17610));
#17710=FACE_OUTER_BOUND('',#17700,.T.);
#17720=ADVANCED_FACE('',(#17710),#17520,.T.);
#17730=COLOUR_RGB('',0.501960813999176,1.,0.501960813999176);
#17740=FILL_AREA_STYLE_COLOUR('',#17730);
#17750=FILL_AREA_STYLE('',(#17740));
#17760=SURFACE_STYLE_FILL_AREA(#17750);
#17770=SURFACE_SIDE_STYLE('',(#17760));
#17780=SURFACE_STYLE_USAGE(.BOTH.,#17770);
#17790=PRESENTATION_STYLE_ASSIGNMENT((#17780));
#17800=CARTESIAN_POINT('',(-78.2144863511263,30.9784986665028,-7.62));
#17810=DIRECTION('',(0.,0.,-1.));
#17820=DIRECTION('',(-1.,0.,0.));
#17830=AXIS2_PLACEMENT_3D('',#17800,#17810,#17820);
#17840=CYLINDRICAL_SURFACE('',#17830,0.456724260585518);
#17850=CARTESIAN_POINT('',(-78.2144863511263,30.9784986665028,-7.62));
#17860=DIRECTION('',(0.,0.,-1.));
#17870=DIRECTION('',(-1.,0.,0.));
#17880=AXIS2_PLACEMENT_3D('',#17850,#17860,#17870);
#17890=CIRCLE('',#17880,0.456724260585518);
#17900=CARTESIAN_POINT('',(-77.7577620905408,30.9784986665028,-7.62));
#17910=VERTEX_POINT('',#17900);
#17920=EDGE_CURVE('',#17910,#17590,#17890,.T.);
#17930=ORIENTED_EDGE('',*,*,#17920,.T.);
#17940=CARTESIAN_POINT('',(-77.7577620905408,30.9784986665028,-7.62));
#17950=DIRECTION('',(0.,0.,-1.));
#17960=VECTOR('',#17950,1.);
#17970=LINE('',#17940,#17960);
#17980=EDGE_CURVE('',#10200,#17910,#17970,.T.);
#17990=ORIENTED_EDGE('',*,*,#17980,.T.);
#18000=ORIENTED_EDGE('',*,*,#10210,.F.);
#18010=ORIENTED_EDGE('',*,*,#17660,.T.);
#18020=EDGE_LOOP('',(#18010,#18000,#17990,#17930));
#18030=FACE_OUTER_BOUND('',#18020,.T.);
#18040=ADVANCED_FACE('',(#18030),#17840,.F.);
#18050=COLOUR_RGB('',0.501960813999176,1.,0.501960813999176);
#18060=FILL_AREA_STYLE_COLOUR('',#18050);
#18070=FILL_AREA_STYLE('',(#18060));
#18080=SURFACE_STYLE_FILL_AREA(#18070);
#18090=SURFACE_SIDE_STYLE('',(#18080));
#18100=SURFACE_STYLE_USAGE(.BOTH.,#18090);
#18110=PRESENTATION_STYLE_ASSIGNMENT((#18100));
#18120=ORIENTED_EDGE('',*,*,#16650,.T.);
#18130=ORIENTED_EDGE('',*,*,#16340,.T.);
#18140=ORIENTED_EDGE('',*,*,#16020,.T.);
#18150=ORIENTED_EDGE('',*,*,#15710,.T.);
#18160=ORIENTED_EDGE('',*,*,#15390,.T.);
#18170=ORIENTED_EDGE('',*,*,#15080,.T.);
#18180=ORIENTED_EDGE('',*,*,#14390,.T.);
#18190=ORIENTED_EDGE('',*,*,#14760,.T.);
#18200=EDGE_CURVE('',#14750,#17910,#17890,.T.);
#18210=ORIENTED_EDGE('',*,*,#18200,.F.);
#18220=ORIENTED_EDGE('',*,*,#17920,.F.);
#18230=ORIENTED_EDGE('',*,*,#17600,.T.);
#18240=ORIENTED_EDGE('',*,*,#17280,.T.);
#18250=ORIENTED_EDGE('',*,*,#16970,.T.);
#18260=EDGE_LOOP('',(#18250,#18240,#18230,#18220,#18210,#18190,#18180,
#18170,#18160,#18150,#18140,#18130,#18120));
#18270=FACE_OUTER_BOUND('',#18260,.T.);
#18280=ADVANCED_FACE('',(#18270),#14010,.F.);
#18290=COLOUR_RGB('',0.501960813999176,1.,0.501960813999176);
#18300=FILL_AREA_STYLE_COLOUR('',#18290);
#18310=FILL_AREA_STYLE('',(#18300));
#18320=SURFACE_STYLE_FILL_AREA(#18310);
#18330=SURFACE_SIDE_STYLE('',(#18320));
#18340=SURFACE_STYLE_USAGE(.BOTH.,#18330);
#18350=PRESENTATION_STYLE_ASSIGNMENT((#18340));
#18360=CARTESIAN_POINT('',(-78.2144863511263,30.9784986665028,-7.62));
#18370=DIRECTION('',(0.,0.,-1.));
#18380=DIRECTION('',(-1.,0.,0.));
#18390=AXIS2_PLACEMENT_3D('',#18360,#18370,#18380);
#18400=CYLINDRICAL_SURFACE('',#18390,0.228362130292794);
#18410=CARTESIAN_POINT('',(-78.4428484814191,30.9784986665028,-7.62));
#18420=DIRECTION('',(0.,0.,-1.));
#18430=VECTOR('',#18420,1.);
#18440=LINE('',#18410,#18430);
#18450=CARTESIAN_POINT('',(-78.4428484814191,30.9784986665028,-7.62));
#18460=VERTEX_POINT('',#18450);
#18470=EDGE_CURVE('',#10500,#18460,#18440,.T.);
#18480=ORIENTED_EDGE('',*,*,#18470,.T.);
#18490=ORIENTED_EDGE('',*,*,#10550,.T.);
#18500=CARTESIAN_POINT('',(-77.9861242208335,30.9784986665028,-7.62));
#18510=DIRECTION('',(0.,0.,-1.));
#18520=VECTOR('',#18510,1.);
#18530=LINE('',#18500,#18520);
#18540=CARTESIAN_POINT('',(-77.9861242208335,30.9784986665028,-7.62));
#18550=VERTEX_POINT('',#18540);
#18560=EDGE_CURVE('',#10520,#18550,#18530,.T.);
#18570=ORIENTED_EDGE('',*,*,#18560,.F.);
#18580=CARTESIAN_POINT('',(-78.2144863511263,30.9784986665028,-7.62));
#18590=DIRECTION('',(0.,0.,-1.));
#18600=DIRECTION('',(-1.,0.,0.));
#18610=AXIS2_PLACEMENT_3D('',#18580,#18590,#18600);
#18620=CIRCLE('',#18610,0.228362130292794);
#18630=EDGE_CURVE('',#18550,#18460,#18620,.T.);
#18640=ORIENTED_EDGE('',*,*,#18630,.F.);
#18650=EDGE_LOOP('',(#18640,#18570,#18490,#18480));
#18660=FACE_OUTER_BOUND('',#18650,.T.);
#18670=ADVANCED_FACE('',(#18660),#18400,.T.);
#18680=COLOUR_RGB('',0.501960813999176,1.,0.501960813999176);
#18690=FILL_AREA_STYLE_COLOUR('',#18680);
#18700=FILL_AREA_STYLE('',(#18690));
#18710=SURFACE_STYLE_FILL_AREA(#18700);
#18720=SURFACE_SIDE_STYLE('',(#18710));
#18730=SURFACE_STYLE_USAGE(.BOTH.,#18720);
#18740=PRESENTATION_STYLE_ASSIGNMENT((#18730));
#18750=EDGE_CURVE('',#18460,#18550,#18620,.T.);
#18760=ORIENTED_EDGE('',*,*,#18750,.T.);
#18770=ORIENTED_EDGE('',*,*,#18630,.T.);
#18780=EDGE_LOOP('',(#18770,#18760));
#18790=FACE_OUTER_BOUND('',#18780,.T.);
#18800=ADVANCED_FACE('',(#18790),#14010,.F.);
#18810=COLOUR_RGB('',0.501960813999176,1.,0.501960813999176);
#18820=FILL_AREA_STYLE_COLOUR('',#18810);
#18830=FILL_AREA_STYLE('',(#18820));
#18840=SURFACE_STYLE_FILL_AREA(#18830);
#18850=SURFACE_SIDE_STYLE('',(#18840));
#18860=SURFACE_STYLE_USAGE(.BOTH.,#18850);
#18870=PRESENTATION_STYLE_ASSIGNMENT((#18860));
#18880=CARTESIAN_POINT('',(-75.3696426382209,28.2546907667286,-4.63));
#18890=DIRECTION('',(0.,0.,1.));
#18900=DIRECTION('',(1.,0.,0.));
#18910=AXIS2_PLACEMENT_3D('',#18880,#18890,#18900);
#18920=PLANE('',#18910);
#18930=CARTESIAN_POINT('',(-74.3696426382209,28.2546907667286,-4.63));
#18940=DIRECTION('',(0.,-1.,0.));
#18950=VECTOR('',#18940,1.);
#18960=LINE('',#18930,#18950);
#18970=CARTESIAN_POINT('',(-74.3696426382209,28.2546907667286,-4.63));
#18980=VERTEX_POINT('',#18970);
#18990=EDGE_CURVE('',#18980,#2820,#18960,.T.);
#19000=ORIENTED_EDGE('',*,*,#18990,.F.);
#19010=ORIENTED_EDGE('',*,*,#2830,.F.);
#19020=CARTESIAN_POINT('',(-75.3696426382209,28.2546907667286,-4.63));
#19030=DIRECTION('',(0.,-1.,0.));
#19040=VECTOR('',#19030,1.);
#19050=LINE('',#19020,#19040);
#19060=CARTESIAN_POINT('',(-75.3696426382209,28.2546907667286,-4.63));
#19070=VERTEX_POINT('',#19060);
#19080=EDGE_CURVE('',#19070,#2720,#19050,.T.);
#19090=ORIENTED_EDGE('',*,*,#19080,.T.);
#19100=CARTESIAN_POINT('',(-127.966313878952,28.2546907667286,-4.63));
#19110=DIRECTION('',(1.,0.,0.));
#19120=VECTOR('',#19110,1.);
#19130=LINE('',#19100,#19120);
#19140=EDGE_CURVE('',#19070,#18980,#19130,.T.);
#19150=ORIENTED_EDGE('',*,*,#19140,.F.);
#19160=EDGE_LOOP('',(#19150,#19090,#19010,#19000));
#19170=FACE_OUTER_BOUND('',#19160,.T.);
#19180=ADVANCED_FACE('',(#19170),#18920,.T.);
#19190=COLOUR_RGB('',0.94901967048645,0.94901967048645,1.);
#19200=FILL_AREA_STYLE_COLOUR('',#19190);
#19210=FILL_AREA_STYLE('',(#19200));
#19220=SURFACE_STYLE_FILL_AREA(#19210);
#19230=SURFACE_SIDE_STYLE('',(#19220));
#19240=SURFACE_STYLE_USAGE(.BOTH.,#19230);
#19250=PRESENTATION_STYLE_ASSIGNMENT((#19240));
#19260=CARTESIAN_POINT('',(-74.3696426382209,28.2546907667286,-0.45));
#19270=DIRECTION('',(0.,0.,-1.));
#19280=DIRECTION('',(-1.,0.,0.));
#19290=AXIS2_PLACEMENT_3D('',#19260,#19270,#19280);
#19300=PLANE('',#19290);
#19310=CARTESIAN_POINT('',(-75.3696426382209,28.2546907667286,-0.45));
#19320=DIRECTION('',(0.,-1.,0.));
#19330=VECTOR('',#19320,1.);
#19340=LINE('',#19310,#19330);
#19350=CARTESIAN_POINT('',(-75.3696426382209,28.2546907667286,-0.45));
#19360=VERTEX_POINT('',#19350);
#19370=CARTESIAN_POINT('',(-75.3696426382209,26.2546907667286,-0.45));
#19380=VERTEX_POINT('',#19370);
#19390=EDGE_CURVE('',#19360,#19380,#19340,.T.);
#19400=ORIENTED_EDGE('',*,*,#19390,.F.);
#19410=CARTESIAN_POINT('',(-127.966313878952,26.2546907667286,-0.45));
#19420=DIRECTION('',(-1.,0.,0.));
#19430=VECTOR('',#19420,1.);
#19440=LINE('',#19410,#19430);
#19450=CARTESIAN_POINT('',(-74.3696426382209,26.2546907667286,-0.45));
#19460=VERTEX_POINT('',#19450);
#19470=EDGE_CURVE('',#19460,#19380,#19440,.T.);
#19480=ORIENTED_EDGE('',*,*,#19470,.T.);
#19490=CARTESIAN_POINT('',(-74.3696426382209,28.2546907667286,-0.45));
#19500=DIRECTION('',(0.,-1.,0.));
#19510=VECTOR('',#19500,1.);
#19520=LINE('',#19490,#19510);
#19530=CARTESIAN_POINT('',(-74.3696426382209,28.2546907667286,-0.45));
#19540=VERTEX_POINT('',#19530);
#19550=EDGE_CURVE('',#19540,#19460,#19520,.T.);
#19560=ORIENTED_EDGE('',*,*,#19550,.T.);
#19570=CARTESIAN_POINT('',(-127.966313878952,28.2546907667286,-0.45));
#19580=DIRECTION('',(-1.,0.,0.));
#19590=VECTOR('',#19580,1.);
#19600=LINE('',#19570,#19590);
#19610=EDGE_CURVE('',#19540,#19360,#19600,.T.);
#19620=ORIENTED_EDGE('',*,*,#19610,.F.);
#19630=EDGE_LOOP('',(#19620,#19560,#19480,#19400));
#19640=FACE_OUTER_BOUND('',#19630,.T.);
#19650=ADVANCED_FACE('',(#19640),#19300,.T.);
#19660=COLOUR_RGB('',0.94901967048645,0.94901967048645,1.);
#19670=FILL_AREA_STYLE_COLOUR('',#19660);
#19680=FILL_AREA_STYLE('',(#19670));
#19690=SURFACE_STYLE_FILL_AREA(#19680);
#19700=SURFACE_SIDE_STYLE('',(#19690));
#19710=SURFACE_STYLE_USAGE(.BOTH.,#19700);
#19720=PRESENTATION_STYLE_ASSIGNMENT((#19710));
#19730=CARTESIAN_POINT('',(-66.4774092765345,38.9662853225018,0.385759))
;
#19740=DIRECTION('',(0.642787609686534,-0.766044443118983,0.));
#19750=DIRECTION('',(0.,0.,1.));
#19760=AXIS2_PLACEMENT_3D('',#19730,#19740,#19750);
#19770=PLANE('',#19760);
#19780=CARTESIAN_POINT('',(0.,94.7474549280622,1.4));
#19790=DIRECTION('',(0.766044443118983,0.642787609686534,0.));
#19800=VECTOR('',#19790,1.);
#19810=LINE('',#19780,#19800);
#19820=CARTESIAN_POINT('',(-68.58335861724,37.1991840074378,
1.39999999999998));
#19830=VERTEX_POINT('',#19820);
#19840=EDGE_CURVE('',#700,#19830,#19810,.T.);
#19850=ORIENTED_EDGE('',*,*,#19840,.T.);
#19860=CARTESIAN_POINT('',(-68.5833611172451,37.1991819096845,0.));
#19870=DIRECTION('',(3.86968481279769E-15,3.24705109919082E-15,1.));
#19880=VECTOR('',#19870,1.);
#19890=LINE('',#19860,#19880);
#19900=CARTESIAN_POINT('',(-68.5833611172451,37.1991819096845,
-1.40000015672393));
#19910=VERTEX_POINT('',#19900);
#19920=EDGE_CURVE('',#19910,#700,#19890,.T.);
#19930=ORIENTED_EDGE('',*,*,#19920,.T.);
#19940=CARTESIAN_POINT('',(0.,94.7474549280622,-44.5502958884983));
#19950=DIRECTION('',(0.690075808208418,0.579042356152038,
-0.434172003596956));
#19960=VECTOR('',#19950,1.);
#19970=LINE('',#19940,#19960);
#19980=CARTESIAN_POINT('',(-68.58335861724,37.1991840074379,
-1.40000157291738));
#19990=VERTEX_POINT('',#19980);
#20000=EDGE_CURVE('',#19910,#19990,#19970,.T.);
#20010=ORIENTED_EDGE('',*,*,#20000,.F.);
#20020=CARTESIAN_POINT('',(-68.58335861724,37.1991840074379,0.));
#20030=DIRECTION('',(0.,0.,-1.));
#20040=VECTOR('',#20030,1.);
#20050=LINE('',#20020,#20040);
#20060=EDGE_CURVE('',#19830,#19990,#20050,.T.);
#20070=ORIENTED_EDGE('',*,*,#20060,.T.);
#20080=EDGE_LOOP('',(#20070,#20010,#19930,#19850));
#20090=FACE_OUTER_BOUND('',#20080,.T.);
#20100=ADVANCED_FACE('',(#20090),#19770,.F.);
#20110=COLOUR_RGB('',0.501960813999176,1.,0.501960813999176);
#20120=FILL_AREA_STYLE_COLOUR('',#20110);
#20130=FILL_AREA_STYLE('',(#20120));
#20140=SURFACE_STYLE_FILL_AREA(#20130);
#20150=SURFACE_SIDE_STYLE('',(#20140));
#20160=SURFACE_STYLE_USAGE(.BOTH.,#20150);
#20170=PRESENTATION_STYLE_ASSIGNMENT((#20160));
#20180=CARTESIAN_POINT('',(-67.5643402316274,37.8609422846625,
-0.194206046266064));
#20190=DIRECTION('',(-0.544639035015013,0.838670567945433,0.));
#20200=DIRECTION('',(-0.838670567945433,-0.544639035015013,0.));
#20210=AXIS2_PLACEMENT_3D('',#20180,#20190,#20200);
#20220=PLANE('',#20210);
#20230=CARTESIAN_POINT('',(0.,81.7377378604598,-2.04999999999992));
#20240=DIRECTION('',(-0.838670567945433,-0.544639035015013,
-9.99200722162641E-16));
#20250=VECTOR('',#20240,1.);
#20260=LINE('',#20230,#20250);
#20270=CARTESIAN_POINT('',(-66.2604365174932,38.7077072574193,
-2.04999999999999));
#20280=VERTEX_POINT('',#20270);
#20290=CARTESIAN_POINT('',(-67.4438069558876,37.9392175091609,-2.05));
#20300=VERTEX_POINT('',#20290);
#20310=EDGE_CURVE('',#20280,#20300,#20260,.T.);
#20320=ORIENTED_EDGE('',*,*,#20310,.T.);
#20330=CARTESIAN_POINT('',(-66.2604365174934,38.7077072574195,0.));
#20340=DIRECTION('',(0.,0.,1.));
#20350=VECTOR('',#20340,1.);
#20360=LINE('',#20330,#20350);
#20370=CARTESIAN_POINT('',(-66.2604365174932,38.7077072574193,2.05));
#20380=VERTEX_POINT('',#20370);
#20390=EDGE_CURVE('',#20280,#20380,#20360,.T.);
#20400=ORIENTED_EDGE('',*,*,#20390,.F.);
#20410=CARTESIAN_POINT('',(0.,81.7377378604598,2.04999999999995));
#20420=DIRECTION('',(0.838670567945433,0.544639035015013,
-6.10622663543836E-16));
#20430=VECTOR('',#20420,1.);
#20440=LINE('',#20410,#20430);
#20450=EDGE_CURVE('',#780,#20380,#20440,.T.);
#20460=ORIENTED_EDGE('',*,*,#20450,.T.);
#20470=CARTESIAN_POINT('',(0.,81.7377378604598,40.5199316477662));
#20480=DIRECTION('',(0.756559073218977,0.491315206850857,
0.431541117678422));
#20490=VECTOR('',#20480,1.);
#20500=LINE('',#20470,#20490);
#20510=EDGE_CURVE('',#19830,#780,#20500,.T.);
#20520=ORIENTED_EDGE('',*,*,#20510,.T.);
#20530=ORIENTED_EDGE('',*,*,#20060,.F.);
#20540=CARTESIAN_POINT('',(0.,81.7377378604598,-40.5198385554189));
#20550=DIRECTION('',(0.756559414160223,0.491315428260691,
-0.431540267876075));
#20560=VECTOR('',#20550,1.);
#20570=LINE('',#20540,#20560);
#20580=EDGE_CURVE('',#19990,#20300,#20570,.T.);
#20590=ORIENTED_EDGE('',*,*,#20580,.F.);
#20600=EDGE_LOOP('',(#20590,#20530,#20520,#20460,#20400,#20320));
#20610=FACE_OUTER_BOUND('',#20600,.T.);
#20620=ADVANCED_FACE('',(#20610),#20220,.T.);
#20630=COLOUR_RGB('',0.501960813999176,1.,0.501960813999176);
#20640=FILL_AREA_STYLE_COLOUR('',#20630);
#20650=FILL_AREA_STYLE('',(#20640));
#20660=SURFACE_STYLE_FILL_AREA(#20650);
#20670=SURFACE_SIDE_STYLE('',(#20660));
#20680=SURFACE_STYLE_USAGE(.BOTH.,#20670);
#20690=PRESENTATION_STYLE_ASSIGNMENT((#20680));
#20700=CARTESIAN_POINT('',(-75.3696426382209,28.2546907667286,0.45));
#20710=DIRECTION('',(0.,0.,1.));
#20720=DIRECTION('',(1.,0.,0.));
#20730=AXIS2_PLACEMENT_3D('',#20700,#20710,#20720);
#20740=PLANE('',#20730);
#20750=CARTESIAN_POINT('',(-74.3696426382209,28.2546907667286,0.45));
#20760=DIRECTION('',(0.,-1.,0.));
#20770=VECTOR('',#20760,1.);
#20780=LINE('',#20750,#20770);
#20790=CARTESIAN_POINT('',(-74.3696426382209,28.2546907667286,0.45));
#20800=VERTEX_POINT('',#20790);
#20810=CARTESIAN_POINT('',(-74.3696426382209,26.2546907667286,0.45));
#20820=VERTEX_POINT('',#20810);
#20830=EDGE_CURVE('',#20800,#20820,#20780,.T.);
#20840=ORIENTED_EDGE('',*,*,#20830,.F.);
#20850=CARTESIAN_POINT('',(-127.966313878952,26.2546907667286,0.45));
#20860=DIRECTION('',(1.,0.,0.));
#20870=VECTOR('',#20860,1.);
#20880=LINE('',#20850,#20870);
#20890=CARTESIAN_POINT('',(-75.3696426382209,26.2546907667286,0.45));
#20900=VERTEX_POINT('',#20890);
#20910=EDGE_CURVE('',#20900,#20820,#20880,.T.);
#20920=ORIENTED_EDGE('',*,*,#20910,.T.);
#20930=CARTESIAN_POINT('',(-75.3696426382209,28.2546907667286,0.45));
#20940=DIRECTION('',(0.,-1.,0.));
#20950=VECTOR('',#20940,1.);
#20960=LINE('',#20930,#20950);
#20970=CARTESIAN_POINT('',(-75.3696426382209,28.2546907667286,0.45));
#20980=VERTEX_POINT('',#20970);
#20990=EDGE_CURVE('',#20980,#20900,#20960,.T.);
#21000=ORIENTED_EDGE('',*,*,#20990,.T.);
#21010=CARTESIAN_POINT('',(-127.966313878952,28.2546907667286,0.45));
#21020=DIRECTION('',(1.,0.,0.));
#21030=VECTOR('',#21020,1.);
#21040=LINE('',#21010,#21030);
#21050=EDGE_CURVE('',#20980,#20800,#21040,.T.);
#21060=ORIENTED_EDGE('',*,*,#21050,.F.);
#21070=EDGE_LOOP('',(#21060,#21000,#20920,#20840));
#21080=FACE_OUTER_BOUND('',#21070,.T.);
#21090=ADVANCED_FACE('',(#21080),#20740,.T.);
#21100=COLOUR_RGB('',0.94901967048645,0.94901967048645,1.);
#21110=FILL_AREA_STYLE_COLOUR('',#21100);
#21120=FILL_AREA_STYLE('',(#21110));
#21130=SURFACE_STYLE_FILL_AREA(#21120);
#21140=SURFACE_SIDE_STYLE('',(#21130));
#21150=SURFACE_STYLE_USAGE(.BOTH.,#21140);
#21160=PRESENTATION_STYLE_ASSIGNMENT((#21150));
#21170=CARTESIAN_POINT('',(-70.7696423806481,39.8046904597665,1.4));
#21180=DIRECTION('',(-0.996194698091747,0.0871557427476472,0.));
#21190=DIRECTION('',(-0.0871557427476472,-0.996194698091747,0.));
#21200=AXIS2_PLACEMENT_3D('',#21170,#21180,#21190);
#21210=PLANE('',#21200);
#21220=CARTESIAN_POINT('',(-74.2521015510357,0.,12.2173941046551));
#21230=DIRECTION('',(0.0824964598005999,0.942938850313626,
-0.322584343528303));
#21240=VECTOR('',#21230,1.);
#21250=LINE('',#21220,#21240);
#21260=CARTESIAN_POINT('',(-70.7696423891218,39.8046909757466,
-1.40000015672393));
#21270=VERTEX_POINT('',#21260);
#21280=CARTESIAN_POINT('',(-70.6034141775205,41.7046907667287,-2.05));
#21290=VERTEX_POINT('',#21280);
#21300=EDGE_CURVE('',#21270,#21290,#21250,.T.);
#21310=ORIENTED_EDGE('',*,*,#21300,.T.);
#21320=CARTESIAN_POINT('',(-70.7696423312578,39.8046910243003,0.));
#21330=DIRECTION('',(0.,0.,-1.));
#21340=VECTOR('',#21330,1.);
#21350=LINE('',#21320,#21340);
#21360=EDGE_CURVE('',#600,#21270,#21350,.T.);
#21370=ORIENTED_EDGE('',*,*,#21360,.T.);
#21380=ORIENTED_EDGE('',*,*,#630,.F.);
#21390=CARTESIAN_POINT('',(-70.6034141775205,41.7046907667287,0.));
#21400=DIRECTION('',(0.,0.,-1.));
#21410=VECTOR('',#21400,1.);
#21420=LINE('',#21390,#21410);
#21430=EDGE_CURVE('',#620,#21290,#21420,.T.);
#21440=ORIENTED_EDGE('',*,*,#21430,.F.);
#21450=EDGE_LOOP('',(#21440,#21380,#21370,#21310));
#21460=FACE_OUTER_BOUND('',#21450,.T.);
#21470=ADVANCED_FACE('',(#21460),#21210,.F.);
#21480=COLOUR_RGB('',0.501960813999176,1.,0.501960813999176);
#21490=FILL_AREA_STYLE_COLOUR('',#21480);
#21500=FILL_AREA_STYLE('',(#21490));
#21510=SURFACE_STYLE_FILL_AREA(#21500);
#21520=SURFACE_SIDE_STYLE('',(#21510));
#21530=SURFACE_STYLE_USAGE(.BOTH.,#21520);
#21540=PRESENTATION_STYLE_ASSIGNMENT((#21530));
#21550=CARTESIAN_POINT('',(-74.8696426382209,25.7546907667286,
-5.39602540378444));
#21560=DIRECTION('',(0.,-0.25881904510252,-0.965925826289068));
#21570=DIRECTION('',(0.,0.965925826289068,-0.25881904510252));
#21580=AXIS2_PLACEMENT_3D('',#21550,#21560,#21570);
#21590=PLANE('',#21580);
#21600=CARTESIAN_POINT('',(-74.3696426382209,-4.81172608782059,
2.79422130790508));
#21610=DIRECTION('',(0.,-0.965925826289068,0.25881904510252));
#21620=VECTOR('',#21610,1.);
#21630=LINE('',#21600,#21620);
#21640=CARTESIAN_POINT('',(-74.3696426382209,26.2546907667287,-5.53));
#21650=VERTEX_POINT('',#21640);
#21660=CARTESIAN_POINT('',(-74.3696426382209,25.2546907667286,
-5.26205080756888));
#21670=VERTEX_POINT('',#21660);
#21680=EDGE_CURVE('',#21650,#21670,#21630,.T.);
#21690=ORIENTED_EDGE('',*,*,#21680,.T.);
#21700=CARTESIAN_POINT('',(-127.966313878952,26.2546907667286,-5.53));
#21710=DIRECTION('',(1.,0.,0.));
#21720=VECTOR('',#21710,1.);
#21730=LINE('',#21700,#21720);
#21740=CARTESIAN_POINT('',(-75.3696426382209,26.2546907667286,-5.53));
#21750=VERTEX_POINT('',#21740);
#21760=EDGE_CURVE('',#21750,#21650,#21730,.T.);
#21770=ORIENTED_EDGE('',*,*,#21760,.T.);
#21780=CARTESIAN_POINT('',(-75.3696426382209,-4.81172608782059,
2.79422130790508));
#21790=DIRECTION('',(0.,0.965925826289068,-0.25881904510252));
#21800=VECTOR('',#21790,1.);
#21810=LINE('',#21780,#21800);
#21820=CARTESIAN_POINT('',(-75.3696426382209,25.2546907667286,
-5.26205080756888));
#21830=VERTEX_POINT('',#21820);
#21840=EDGE_CURVE('',#21830,#21750,#21810,.T.);
#21850=ORIENTED_EDGE('',*,*,#21840,.T.);
#21860=CARTESIAN_POINT('',(-127.966313878952,25.2546907667286,
-5.26205080756888));
#21870=DIRECTION('',(-1.,0.,0.));
#21880=VECTOR('',#21870,1.);
#21890=LINE('',#21860,#21880);
#21900=EDGE_CURVE('',#21670,#21830,#21890,.T.);
#21910=ORIENTED_EDGE('',*,*,#21900,.T.);
#21920=EDGE_LOOP('',(#21910,#21850,#21770,#21690));
#21930=FACE_OUTER_BOUND('',#21920,.T.);
#21940=ADVANCED_FACE('',(#21930),#21590,.T.);
#21950=COLOUR_RGB('',0.94901967048645,0.94901967048645,1.);
#21960=FILL_AREA_STYLE_COLOUR('',#21950);
#21970=FILL_AREA_STYLE('',(#21960));
#21980=SURFACE_STYLE_FILL_AREA(#21970);
#21990=SURFACE_SIDE_STYLE('',(#21980));
#22000=SURFACE_STYLE_USAGE(.BOTH.,#21990);
#22010=PRESENTATION_STYLE_ASSIGNMENT((#22000));
#22020=CARTESIAN_POINT('',(-66.0196426382195,37.8945830641752,0.));
#22030=DIRECTION('',(1.,0.,0.));
#22040=DIRECTION('',(0.,-1.,0.));
#22050=AXIS2_PLACEMENT_3D('',#22020,#22030,#22040);
#22060=PLANE('',#22050);
#22070=CARTESIAN_POINT('',(-66.0196426382195,37.8945830641752,2.54));
#22080=DIRECTION('',(0.,1.,0.));
#22090=VECTOR('',#22080,1.);
#22100=LINE('',#22070,#22090);
#22110=CARTESIAN_POINT('',(-66.0196426382195,37.8945830641752,2.54));
#22120=VERTEX_POINT('',#22110);
#22130=CARTESIAN_POINT('',(-66.0196426382195,38.3115493652055,2.54));
#22140=VERTEX_POINT('',#22130);
#22150=EDGE_CURVE('',#22120,#22140,#22100,.T.);
#22160=ORIENTED_EDGE('',*,*,#22150,.F.);
#22170=CARTESIAN_POINT('',(-66.0196426382195,38.3115493652055,0.));
#22180=DIRECTION('',(0.,0.,1.));
#22190=VECTOR('',#22180,1.);
#22200=LINE('',#22170,#22190);
#22210=CARTESIAN_POINT('',(-66.0196426382195,38.3115493652055,-7.62));
#22220=VERTEX_POINT('',#22210);
#22230=EDGE_CURVE('',#22220,#22140,#22200,.T.);
#22240=ORIENTED_EDGE('',*,*,#22230,.T.);
#22250=CARTESIAN_POINT('',(-66.0196426382195,37.8945830641752,-7.62));
#22260=DIRECTION('',(0.,1.,0.));
#22270=VECTOR('',#22260,1.);
#22280=LINE('',#22250,#22270);
#22290=CARTESIAN_POINT('',(-66.0196426382195,37.8945830641752,-7.62));
#22300=VERTEX_POINT('',#22290);
#22310=EDGE_CURVE('',#22300,#22220,#22280,.T.);
#22320=ORIENTED_EDGE('',*,*,#22310,.T.);
#22330=CARTESIAN_POINT('',(-66.0196426382195,37.8945830641752,0.));
#22340=DIRECTION('',(0.,0.,1.));
#22350=VECTOR('',#22340,1.);
#22360=LINE('',#22330,#22350);
#22370=EDGE_CURVE('',#22300,#22120,#22360,.T.);
#22380=ORIENTED_EDGE('',*,*,#22370,.F.);
#22390=EDGE_LOOP('',(#22380,#22320,#22240,#22160));
#22400=FACE_OUTER_BOUND('',#22390,.T.);
#22410=ADVANCED_FACE('',(#22400),#22060,.T.);
#22420=COLOUR_RGB('',0.501960813999176,1.,0.501960813999176);
#22430=FILL_AREA_STYLE_COLOUR('',#22420);
#22440=FILL_AREA_STYLE('',(#22430));
#22450=SURFACE_STYLE_FILL_AREA(#22440);
#22460=SURFACE_SIDE_STYLE('',(#22450));
#22470=SURFACE_STYLE_USAGE(.BOTH.,#22460);
#22480=PRESENTATION_STYLE_ASSIGNMENT((#22470));
#22490=CARTESIAN_POINT('',(-68.0196426382195,28.7546907667286,0.));
#22500=DIRECTION('',(1.,0.,0.));
#22510=DIRECTION('',(0.,-1.,0.));
#22520=AXIS2_PLACEMENT_3D('',#22490,#22500,#22510);
#22530=PLANE('',#22520);
#22540=CARTESIAN_POINT('',(-68.0196426382195,28.7546907667286,-7.62));
#22550=DIRECTION('',(0.,1.,0.));
#22560=VECTOR('',#22550,1.);
#22570=LINE('',#22540,#22560);
#22580=CARTESIAN_POINT('',(-68.0196426382195,35.9365992069276,-7.62));
#22590=VERTEX_POINT('',#22580);
#22600=EDGE_CURVE('',#4570,#22590,#22570,.T.);
#22610=ORIENTED_EDGE('',*,*,#22600,.T.);
#22620=ORIENTED_EDGE('',*,*,#4800,.T.);
#22630=CARTESIAN_POINT('',(-68.0196426382195,28.7546907667286,2.54));
#22640=DIRECTION('',(0.,1.,0.));
#22650=VECTOR('',#22640,1.);
#22660=LINE('',#22630,#22650);
#22670=CARTESIAN_POINT('',(-68.0196426382195,35.9365992069276,2.54));
#22680=VERTEX_POINT('',#22670);
#22690=EDGE_CURVE('',#4730,#22680,#22660,.T.);
#22700=ORIENTED_EDGE('',*,*,#22690,.F.);
#22710=CARTESIAN_POINT('',(-68.0196426382195,35.9365992069276,0.));
#22720=DIRECTION('',(0.,0.,1.));
#22730=VECTOR('',#22720,1.);
#22740=LINE('',#22710,#22730);
#22750=EDGE_CURVE('',#22590,#22680,#22740,.T.);
#22760=ORIENTED_EDGE('',*,*,#22750,.T.);
#22770=EDGE_LOOP('',(#22760,#22700,#22620,#22610));
#22780=FACE_OUTER_BOUND('',#22770,.T.);
#22790=ADVANCED_FACE('',(#22780),#22530,.T.);
#22800=COLOUR_RGB('',0.501960813999176,1.,0.501960813999176);
#22810=FILL_AREA_STYLE_COLOUR('',#22800);
#22820=FILL_AREA_STYLE('',(#22810));
#22830=SURFACE_STYLE_FILL_AREA(#22820);
#22840=SURFACE_SIDE_STYLE('',(#22830));
#22850=SURFACE_STYLE_USAGE(.BOTH.,#22840);
#22860=PRESENTATION_STYLE_ASSIGNMENT((#22850));
#22870=CARTESIAN_POINT('',(-70.6034141775205,41.7046907667287,0.));
#22880=DIRECTION('',(-0.64278760968654,0.766044443118978,0.));
#22890=DIRECTION('',(0.766044443118978,0.64278760968654,0.));
#22900=AXIS2_PLACEMENT_3D('',#22870,#22880,#22890);
#22910=PLANE('',#22900);
#22920=CARTESIAN_POINT('',(0.,100.947989562943,2.05));
#22930=DIRECTION('',(-0.766044443118978,-0.64278760968654,0.));
#22940=VECTOR('',#22930,1.);
#22950=LINE('',#22920,#22940);
#22960=CARTESIAN_POINT('',(-69.5305765671596,42.6049084098956,2.05));
#22970=VERTEX_POINT('',#22960);
#22980=EDGE_CURVE('',#22970,#620,#22950,.T.);
#22990=ORIENTED_EDGE('',*,*,#22980,.T.);
#23000=CARTESIAN_POINT('',(-69.5305765671596,42.6049084098956,0.));
#23010=DIRECTION('',(0.,0.,1.));
#23020=VECTOR('',#23010,1.);
#23030=LINE('',#23000,#23020);
#23040=CARTESIAN_POINT('',(-69.5305765671596,42.6049084098956,-2.05));
#23050=VERTEX_POINT('',#23040);
#23060=EDGE_CURVE('',#23050,#22970,#23030,.T.);
#23070=ORIENTED_EDGE('',*,*,#23060,.T.);
#23080=CARTESIAN_POINT('',(0.,100.947989562943,-2.05));
#23090=DIRECTION('',(0.766044443118978,0.64278760968654,0.));
#23100=VECTOR('',#23090,1.);
#23110=LINE('',#23080,#23100);
#23120=EDGE_CURVE('',#21290,#23050,#23110,.T.);
#23130=ORIENTED_EDGE('',*,*,#23120,.T.);
#23140=ORIENTED_EDGE('',*,*,#21430,.T.);
#23150=EDGE_LOOP('',(#23140,#23130,#23070,#22990));
#23160=FACE_OUTER_BOUND('',#23150,.T.);
#23170=ADVANCED_FACE('',(#23160),#22910,.F.);
#23180=COLOUR_RGB('',0.501960813999176,1.,0.501960813999176);
#23190=FILL_AREA_STYLE_COLOUR('',#23180);
#23200=FILL_AREA_STYLE('',(#23190));
#23210=SURFACE_STYLE_FILL_AREA(#23200);
#23220=SURFACE_SIDE_STYLE('',(#23210));
#23230=SURFACE_STYLE_USAGE(.BOTH.,#23220);
#23240=PRESENTATION_STYLE_ASSIGNMENT((#23230));
#23250=CARTESIAN_POINT('',(-70.6034141775205,41.7046907667287,-5.08));
#23260=DIRECTION('',(-0.64278760968654,0.766044443118978,0.));
#23270=DIRECTION('',(0.766044443118978,0.64278760968654,0.));
#23280=AXIS2_PLACEMENT_3D('',#23250,#23260,#23270);
#23290=PLANE('',#23280);
#23300=CARTESIAN_POINT('',(0.,100.947989562943,-3.03));
#23310=DIRECTION('',(-0.766044443118978,-0.64278760968654,0.));
#23320=VECTOR('',#23310,1.);
#23330=LINE('',#23300,#23320);
#23340=CARTESIAN_POINT('',(-69.5305765671596,42.6049084098956,-3.03));
#23350=VERTEX_POINT('',#23340);
#23360=CARTESIAN_POINT('',(-70.6034139199488,41.7046904597667,-3.03));
#23370=VERTEX_POINT('',#23360);
#23380=EDGE_CURVE('',#23350,#23370,#23330,.T.);
#23390=ORIENTED_EDGE('',*,*,#23380,.T.);
#23400=CARTESIAN_POINT('',(-69.5305765671596,42.6049084098956,0.));
#23410=DIRECTION('',(0.,0.,1.));
#23420=VECTOR('',#23410,1.);
#23430=LINE('',#23400,#23420);
#23440=CARTESIAN_POINT('',(-69.5305765671596,42.6049084098956,-7.13));
#23450=VERTEX_POINT('',#23440);
#23460=EDGE_CURVE('',#23450,#23350,#23430,.T.);
#23470=ORIENTED_EDGE('',*,*,#23460,.T.);
#23480=CARTESIAN_POINT('',(0.,100.947989562943,-7.13));
#23490=DIRECTION('',(0.766044443118978,0.64278760968654,0.));
#23500=VECTOR('',#23490,1.);
#23510=LINE('',#23480,#23500);
#23520=CARTESIAN_POINT('',(-70.6034141775205,41.7046907667287,-7.13));
#23530=VERTEX_POINT('',#23520);
#23540=EDGE_CURVE('',#23530,#23450,#23510,.T.);
#23550=ORIENTED_EDGE('',*,*,#23540,.T.);
#23560=CARTESIAN_POINT('',(-70.6034141775205,41.7046907667287,-5.08));
#23570=DIRECTION('',(0.,0.,-1.));
#23580=VECTOR('',#23570,1.);
#23590=LINE('',#23560,#23580);
#23600=EDGE_CURVE('',#23370,#23530,#23590,.T.);
#23610=ORIENTED_EDGE('',*,*,#23600,.T.);
#23620=EDGE_LOOP('',(#23610,#23550,#23470,#23390));
#23630=FACE_OUTER_BOUND('',#23620,.T.);
#23640=ADVANCED_FACE('',(#23630),#23290,.F.);
#23650=COLOUR_RGB('',0.501960813999176,1.,0.501960813999176);
#23660=FILL_AREA_STYLE_COLOUR('',#23650);
#23670=FILL_AREA_STYLE('',(#23660));
#23680=SURFACE_STYLE_FILL_AREA(#23670);
#23690=SURFACE_SIDE_STYLE('',(#23680));
#23700=SURFACE_STYLE_USAGE(.BOTH.,#23690);
#23710=PRESENTATION_STYLE_ASSIGNMENT((#23700));
#23720=CARTESIAN_POINT('',(-70.433602906892,25.2546907667286,
-4.31925177314749));
#23730=DIRECTION('',(0.,-1.,0.));
#23740=DIRECTION('',(1.,0.,0.));
#23750=AXIS2_PLACEMENT_3D('',#23720,#23730,#23740);
#23760=PLANE('',#23750);
#23770=CARTESIAN_POINT('',(-74.3696426382209,25.2546907667286,-5.53));
#23780=DIRECTION('',(0.,0.,1.));
#23790=VECTOR('',#23780,1.);
#23800=LINE('',#23770,#23790);
#23810=EDGE_CURVE('',#21670,#2900,#23800,.T.);
#23820=ORIENTED_EDGE('',*,*,#23810,.T.);
#23830=ORIENTED_EDGE('',*,*,#21900,.F.);
#23840=CARTESIAN_POINT('',(-75.3696426382209,25.2546907667286,-4.63));
#23850=DIRECTION('',(0.,0.,-1.));
#23860=VECTOR('',#23850,1.);
#23870=LINE('',#23840,#23860);
#23880=EDGE_CURVE('',#2740,#21830,#23870,.T.);
#23890=ORIENTED_EDGE('',*,*,#23880,.T.);
#23900=ORIENTED_EDGE('',*,*,#2970,.F.);
#23910=EDGE_LOOP('',(#23900,#23890,#23830,#23820));
#23920=FACE_OUTER_BOUND('',#23910,.T.);
#23930=ADVANCED_FACE('',(#23920),#23760,.T.);
#23940=COLOUR_RGB('',0.94901967048645,0.94901967048645,1.);
#23950=FILL_AREA_STYLE_COLOUR('',#23940);
#23960=FILL_AREA_STYLE('',(#23950));
#23970=SURFACE_STYLE_FILL_AREA(#23960);
#23980=SURFACE_SIDE_STYLE('',(#23970));
#23990=SURFACE_STYLE_USAGE(.BOTH.,#23980);
#24000=PRESENTATION_STYLE_ASSIGNMENT((#23990));
#24010=CARTESIAN_POINT('',(-74.8696426382209,25.7546907667286,
-0.316025403784439));
#24020=DIRECTION('',(0.,0.25881904510252,0.965925826289068));
#24030=DIRECTION('',(0.,0.965925826289068,-0.25881904510252));
#24040=AXIS2_PLACEMENT_3D('',#24010,#24020,#24030);
#24050=PLANE('',#24040);
#24060=CARTESIAN_POINT('',(-74.3696426382209,-4.81172608782059,
7.87422130790508));
#24070=DIRECTION('',(0.,0.965925826289068,-0.25881904510252));
#24080=VECTOR('',#24070,1.);
#24090=LINE('',#24060,#24080);
#24100=CARTESIAN_POINT('',(-74.3696426382209,25.2546907667286,
-0.182050807568877));
#24110=VERTEX_POINT('',#24100);
#24120=EDGE_CURVE('',#24110,#19460,#24090,.T.);
#24130=ORIENTED_EDGE('',*,*,#24120,.F.);
#24140=ORIENTED_EDGE('',*,*,#19470,.F.);
#24150=CARTESIAN_POINT('',(-75.3696426382209,-4.81172608782059,
7.87422130790508));
#24160=DIRECTION('',(0.,-0.965925826289068,0.25881904510252));
#24170=VECTOR('',#24160,1.);
#24180=LINE('',#24150,#24170);
#24190=CARTESIAN_POINT('',(-75.3696426382209,25.2546907667286,
-0.182050807568877));
#24200=VERTEX_POINT('',#24190);
#24210=EDGE_CURVE('',#19380,#24200,#24180,.T.);
#24220=ORIENTED_EDGE('',*,*,#24210,.F.);
#24230=CARTESIAN_POINT('',(-127.966313878952,25.2546907667286,
-0.182050807568877));
#24240=DIRECTION('',(1.,0.,0.));
#24250=VECTOR('',#24240,1.);
#24260=LINE('',#24230,#24250);
#24270=EDGE_CURVE('',#24200,#24110,#24260,.T.);
#24280=ORIENTED_EDGE('',*,*,#24270,.F.);
#24290=EDGE_LOOP('',(#24280,#24220,#24140,#24130));
#24300=FACE_OUTER_BOUND('',#24290,.T.);
#24310=ADVANCED_FACE('',(#24300),#24050,.F.);
#24320=COLOUR_RGB('',0.94901967048645,0.94901967048645,1.);
#24330=FILL_AREA_STYLE_COLOUR('',#24320);
#24340=FILL_AREA_STYLE('',(#24330));
#24350=SURFACE_STYLE_FILL_AREA(#24340);
#24360=SURFACE_SIDE_STYLE('',(#24350));
#24370=SURFACE_STYLE_USAGE(.BOTH.,#24360);
#24380=PRESENTATION_STYLE_ASSIGNMENT((#24370));
#24390=CARTESIAN_POINT('',(-66.3709693455267,38.8394351523278,2.05));
#24400=DIRECTION('',(0.622892352606863,-0.742334199018699,
-0.246870520781955));
#24410=DIRECTION('',(0.158685311955503,-0.189113790614906,
0.969048474519643));
#24420=AXIS2_PLACEMENT_3D('',#24390,#24400,#24410);
#24430=PLANE('',#24420);
#24440=ORIENTED_EDGE('',*,*,#790,.F.);
#24450=ORIENTED_EDGE('',*,*,#19840,.F.);
#24460=ORIENTED_EDGE('',*,*,#20510,.F.);
#24470=EDGE_LOOP('',(#24460,#24450,#24440));
#24480=FACE_OUTER_BOUND('',#24470,.T.);
#24490=ADVANCED_FACE('',(#24480),#24430,.F.);
#24500=COLOUR_RGB('',0.501960813999176,1.,0.501960813999176);
#24510=FILL_AREA_STYLE_COLOUR('',#24500);
#24520=FILL_AREA_STYLE('',(#24510));
#24530=SURFACE_STYLE_FILL_AREA(#24520);
#24540=SURFACE_SIDE_STYLE('',(#24530));
#24550=SURFACE_STYLE_USAGE(.BOTH.,#24540);
#24560=PRESENTATION_STYLE_ASSIGNMENT((#24550));
#24570=CARTESIAN_POINT('',(-70.433602906892,25.2546907667286,
-4.31925177314749));
#24580=DIRECTION('',(0.,-1.,0.));
#24590=DIRECTION('',(1.,0.,0.));
#24600=AXIS2_PLACEMENT_3D('',#24570,#24580,#24590);
#24610=PLANE('',#24600);
#24620=CARTESIAN_POINT('',(-75.3696426382209,25.2546907667286,-0.45));
#24630=DIRECTION('',(0.,0.,1.));
#24640=VECTOR('',#24630,1.);
#24650=LINE('',#24620,#24640);
#24660=CARTESIAN_POINT('',(-75.3696426382209,25.2546907667286,
0.182050807568877));
#24670=VERTEX_POINT('',#24660);
#24680=EDGE_CURVE('',#24200,#24670,#24650,.T.);
#24690=ORIENTED_EDGE('',*,*,#24680,.F.);
#24700=CARTESIAN_POINT('',(-127.966313878952,25.2546907667286,
0.182050807568877));
#24710=DIRECTION('',(-1.,0.,0.));
#24720=VECTOR('',#24710,1.);
#24730=LINE('',#24700,#24720);
#24740=CARTESIAN_POINT('',(-74.3696426382209,25.2546907667286,
0.182050807568877));
#24750=VERTEX_POINT('',#24740);
#24760=EDGE_CURVE('',#24750,#24670,#24730,.T.);
#24770=ORIENTED_EDGE('',*,*,#24760,.T.);
#24780=CARTESIAN_POINT('',(-74.3696426382209,25.2546907667286,0.45));
#24790=DIRECTION('',(0.,0.,-1.));
#24800=VECTOR('',#24790,1.);
#24810=LINE('',#24780,#24800);
#24820=EDGE_CURVE('',#24750,#24110,#24810,.T.);
#24830=ORIENTED_EDGE('',*,*,#24820,.F.);
#24840=ORIENTED_EDGE('',*,*,#24270,.T.);
#24850=EDGE_LOOP('',(#24840,#24830,#24770,#24690));
#24860=FACE_OUTER_BOUND('',#24850,.T.);
#24870=ADVANCED_FACE('',(#24860),#24610,.T.);
#24880=COLOUR_RGB('',0.94901967048645,0.94901967048645,1.);
#24890=FILL_AREA_STYLE_COLOUR('',#24880);
#24900=FILL_AREA_STYLE('',(#24890));
#24910=SURFACE_STYLE_FILL_AREA(#24900);
#24920=SURFACE_SIDE_STYLE('',(#24910));
#24930=SURFACE_STYLE_USAGE(.BOTH.,#24920);
#24940=PRESENTATION_STYLE_ASSIGNMENT((#24930));
#24950=CARTESIAN_POINT('',(-66.4774092765345,38.9662853225018,2.05));
#24960=DIRECTION('',(0.,-0.,1.));
#24970=DIRECTION('',(0.766044443118993,0.642787609686522,0.));
#24980=AXIS2_PLACEMENT_3D('',#24950,#24960,#24970);
#24990=PLANE('',#24980);
#25000=ORIENTED_EDGE('',*,*,#20450,.F.);
#25010=CARTESIAN_POINT('',(-33.7808136340749,0.,2.04999999999974));
#25020=DIRECTION('',(0.642787609686535,-0.766044443118982,
-5.19029264012261E-15));
#25030=VECTOR('',#25020,1.);
#25040=LINE('',#25010,#25030);
#25050=EDGE_CURVE('',#22970,#20380,#25040,.T.);
#25060=ORIENTED_EDGE('',*,*,#25050,.T.);
#25070=ORIENTED_EDGE('',*,*,#22980,.F.);
#25080=ORIENTED_EDGE('',*,*,#850,.F.);
#25090=EDGE_LOOP('',(#25080,#25070,#25060,#25000));
#25100=FACE_OUTER_BOUND('',#25090,.T.);
#25110=ADVANCED_FACE('',(#25100),#24990,.F.);
#25120=COLOUR_RGB('',0.501960813999176,1.,0.501960813999176);
#25130=FILL_AREA_STYLE_COLOUR('',#25120);
#25140=FILL_AREA_STYLE('',(#25130));
#25150=SURFACE_STYLE_FILL_AREA(#25140);
#25160=SURFACE_SIDE_STYLE('',(#25150));
#25170=SURFACE_STYLE_USAGE(.BOTH.,#25160);
#25180=PRESENTATION_STYLE_ASSIGNMENT((#25170));
#25190=CARTESIAN_POINT('',(-74.8696426382209,28.7546907667286,-5.08));
#25200=DIRECTION('',(0.,-1.,0.));
#25210=DIRECTION('',(1.,0.,0.));
#25220=AXIS2_PLACEMENT_3D('',#25190,#25200,#25210);
#25230=CYLINDRICAL_SURFACE('',#25220,0.7);
#25240=CARTESIAN_POINT('',(-75.5696426382209,28.7546907667286,-5.08));
#25250=DIRECTION('',(0.,-1.,0.));
#25260=VECTOR('',#25250,1.);
#25270=LINE('',#25240,#25260);
#25280=CARTESIAN_POINT('',(-75.5696426382209,28.2546907667286,-5.08));
#25290=VERTEX_POINT('',#25280);
#25300=EDGE_CURVE('',#4970,#25290,#25270,.T.);
#25310=ORIENTED_EDGE('',*,*,#25300,.F.);
#25320=CARTESIAN_POINT('',(-74.8696426382209,28.2546907667286,-5.08));
#25330=DIRECTION('',(0.,-1.,0.));
#25340=DIRECTION('',(1.,0.,0.));
#25350=AXIS2_PLACEMENT_3D('',#25320,#25330,#25340);
#25360=CIRCLE('',#25350,0.7);
#25370=CARTESIAN_POINT('',(-74.1696426382209,28.2546907667286,-5.08));
#25380=VERTEX_POINT('',#25370);
#25390=EDGE_CURVE('',#25290,#25380,#25360,.T.);
#25400=ORIENTED_EDGE('',*,*,#25390,.F.);
#25410=CARTESIAN_POINT('',(-74.1696426382209,28.7546907667286,-5.08));
#25420=DIRECTION('',(0.,-1.,0.));
#25430=VECTOR('',#25420,1.);
#25440=LINE('',#25410,#25430);
#25450=EDGE_CURVE('',#4950,#25380,#25440,.T.);
#25460=ORIENTED_EDGE('',*,*,#25450,.T.);
#25470=ORIENTED_EDGE('',*,*,#5000,.T.);
#25480=EDGE_LOOP('',(#25470,#25460,#25400,#25310));
#25490=FACE_OUTER_BOUND('',#25480,.T.);
#25500=ADVANCED_FACE('',(#25490),#25230,.T.);
#25510=COLOUR_RGB('',0.94901967048645,0.94901967048645,1.);
#25520=FILL_AREA_STYLE_COLOUR('',#25510);
#25530=FILL_AREA_STYLE('',(#25520));
#25540=SURFACE_STYLE_FILL_AREA(#25530);
#25550=SURFACE_SIDE_STYLE('',(#25540));
#25560=SURFACE_STYLE_USAGE(.BOTH.,#25550);
#25570=PRESENTATION_STYLE_ASSIGNMENT((#25560));
#25580=CARTESIAN_POINT('',(-74.3696426382209,28.2546907667286,-5.53));
#25590=DIRECTION('',(0.,0.,-1.));
#25600=DIRECTION('',(-1.,0.,0.));
#25610=AXIS2_PLACEMENT_3D('',#25580,#25590,#25600);
#25620=PLANE('',#25610);
#25630=CARTESIAN_POINT('',(-75.3696426382209,28.2546907667286,-5.53));
#25640=DIRECTION('',(0.,-1.,0.));
#25650=VECTOR('',#25640,1.);
#25660=LINE('',#25630,#25650);
#25670=CARTESIAN_POINT('',(-75.3696426382209,28.2546907667286,-5.53));
#25680=VERTEX_POINT('',#25670);
#25690=EDGE_CURVE('',#25680,#21750,#25660,.T.);
#25700=ORIENTED_EDGE('',*,*,#25690,.F.);
#25710=ORIENTED_EDGE('',*,*,#21760,.F.);
#25720=CARTESIAN_POINT('',(-74.3696426382209,28.2546907667286,-5.53));
#25730=DIRECTION('',(0.,-1.,0.));
#25740=VECTOR('',#25730,1.);
#25750=LINE('',#25720,#25740);
#25760=CARTESIAN_POINT('',(-74.3696426382209,28.2546907667286,-5.53));
#25770=VERTEX_POINT('',#25760);
#25780=EDGE_CURVE('',#25770,#21650,#25750,.T.);
#25790=ORIENTED_EDGE('',*,*,#25780,.T.);
#25800=CARTESIAN_POINT('',(-127.966313878952,28.2546907667286,-5.53));
#25810=DIRECTION('',(-1.,0.,0.));
#25820=VECTOR('',#25810,1.);
#25830=LINE('',#25800,#25820);
#25840=EDGE_CURVE('',#25770,#25680,#25830,.T.);
#25850=ORIENTED_EDGE('',*,*,#25840,.F.);
#25860=EDGE_LOOP('',(#25850,#25790,#25710,#25700));
#25870=FACE_OUTER_BOUND('',#25860,.T.);
#25880=ADVANCED_FACE('',(#25870),#25620,.T.);
#25890=COLOUR_RGB('',0.94901967048645,0.94901967048645,1.);
#25900=FILL_AREA_STYLE_COLOUR('',#25890);
#25910=FILL_AREA_STYLE('',(#25900));
#25920=SURFACE_STYLE_FILL_AREA(#25910);
#25930=SURFACE_SIDE_STYLE('',(#25920));
#25940=SURFACE_STYLE_USAGE(.BOTH.,#25930);
#25950=PRESENTATION_STYLE_ASSIGNMENT((#25940));
#25960=CARTESIAN_POINT('',(0.,0.,2.54));
#25970=DIRECTION('',(0.,0.,1.));
#25980=DIRECTION('',(1.,0.,0.));
#25990=AXIS2_PLACEMENT_3D('',#25960,#25970,#25980);
#26000=PLANE('',#25990);
#26010=CARTESIAN_POINT('',(-71.879743354848,47.5531538706581,2.54));
#26020=DIRECTION('',(0.,1.,0.));
#26030=VECTOR('',#26020,1.);
#26040=LINE('',#26010,#26030);
#26050=CARTESIAN_POINT('',(-71.879743354848,47.5531538706581,2.54));
#26060=VERTEX_POINT('',#26050);
#26070=CARTESIAN_POINT('',(-71.879743354848,47.8546907667284,2.54));
#26080=VERTEX_POINT('',#26070);
#26090=EDGE_CURVE('',#26060,#26080,#26040,.T.);
#26100=ORIENTED_EDGE('',*,*,#26090,.T.);
#26110=CARTESIAN_POINT('',(-71.879743354848,47.5531538706581,2.54));
#26120=DIRECTION('',(0.342020143325672,-0.939692620785907,0.));
#26130=VECTOR('',#26120,1.);
#26140=LINE('',#26110,#26130);
#26150=CARTESIAN_POINT('',(-70.1696426382196,42.8546907667284,2.54));
#26160=VERTEX_POINT('',#26150);
#26170=EDGE_CURVE('',#26060,#26160,#26140,.T.);
#26180=ORIENTED_EDGE('',*,*,#26170,.F.);
#26190=CARTESIAN_POINT('',(-70.1696426382196,42.8546907667284,2.54));
#26200=DIRECTION('',(0.766044443118975,0.642787609686543,0.));
#26210=VECTOR('',#26200,1.);
#26220=LINE('',#26190,#26210);
#26230=CARTESIAN_POINT('',(-70.1474304070884,42.8733290416782,2.54));
#26240=VERTEX_POINT('',#26230);
#26250=EDGE_CURVE('',#26160,#26240,#26220,.T.);
#26260=ORIENTED_EDGE('',*,*,#26250,.F.);
#26270=CARTESIAN_POINT('',(-69.9545941241825,42.6435157087425,2.54));
#26280=DIRECTION('',(0.,0.,1.));
#26290=DIRECTION('',(1.,0.,0.));
#26300=AXIS2_PLACEMENT_3D('',#26270,#26280,#26290);
#26310=CIRCLE('',#26300,0.299999999999949);
#26320=CARTESIAN_POINT('',(-69.7247807912468,42.8363519916484,2.54));
#26330=VERTEX_POINT('',#26320);
#26340=EDGE_CURVE('',#26330,#26240,#26310,.T.);
#26350=ORIENTED_EDGE('',*,*,#26340,.T.);
#26360=CARTESIAN_POINT('',(-69.7247807912468,42.8363519916484,2.54));
#26370=DIRECTION('',(0.642787609685202,-0.7660444431201,0.));
#26380=VECTOR('',#26370,1.);
#26390=LINE('',#26360,#26380);
#26400=CARTESIAN_POINT('',(-66.0899833454134,38.5045690772242,2.54));
#26410=VERTEX_POINT('',#26400);
#26420=EDGE_CURVE('',#26330,#26410,#26390,.T.);
#26430=ORIENTED_EDGE('',*,*,#26420,.F.);
#26440=CARTESIAN_POINT('',(-66.3196426382195,38.3115493652055,2.54));
#26450=DIRECTION('',(0.,0.,1.));
#26460=DIRECTION('',(1.,0.,0.));
#26470=AXIS2_PLACEMENT_3D('',#26440,#26450,#26460);
#26480=CIRCLE('',#26470,0.299999999999983);
#26490=EDGE_CURVE('',#22140,#26410,#26480,.T.);
#26500=ORIENTED_EDGE('',*,*,#26490,.T.);
#26510=ORIENTED_EDGE('',*,*,#22150,.T.);
#26520=CARTESIAN_POINT('',(-66.3196426382195,37.8945830641752,2.54));
#26530=DIRECTION('',(0.,0.,1.));
#26540=DIRECTION('',(1.,0.,0.));
#26550=AXIS2_PLACEMENT_3D('',#26520,#26530,#26540);
#26560=CIRCLE('',#26550,0.300000000000029);
#26570=CARTESIAN_POINT('',(-66.1268063553135,37.6647697312395,2.54));
#26580=VERTEX_POINT('',#26570);
#26590=EDGE_CURVE('',#26580,#22120,#26560,.T.);
#26600=ORIENTED_EDGE('',*,*,#26590,.T.);
#26610=CARTESIAN_POINT('',(-66.1268063553135,37.6647697312395,2.54));
#26620=DIRECTION('',(-0.76604444311899,-0.642787609686525,0.));
#26630=VECTOR('',#26620,1.);
#26640=LINE('',#26610,#26630);
#26650=CARTESIAN_POINT('',(-67.9124789211254,36.1664125398634,2.54));
#26660=VERTEX_POINT('',#26650);
#26670=EDGE_CURVE('',#26580,#26660,#26640,.T.);
#26680=ORIENTED_EDGE('',*,*,#26670,.F.);
#26690=CARTESIAN_POINT('',(-67.7196426382195,35.9365992069276,2.54));
#26700=DIRECTION('',(0.,0.,1.));
#26710=DIRECTION('',(1.,0.,0.));
#26720=AXIS2_PLACEMENT_3D('',#26690,#26700,#26710);
#26730=CIRCLE('',#26720,0.299999999999976);
#26740=EDGE_CURVE('',#26660,#22680,#26730,.T.);
#26750=ORIENTED_EDGE('',*,*,#26740,.F.);
#26760=ORIENTED_EDGE('',*,*,#22690,.T.);
#26770=ORIENTED_EDGE('',*,*,#4740,.T.);
#26780=CARTESIAN_POINT('',(-80.2696426382209,35.1594882661963,2.54));
#26790=DIRECTION('',(2.21878282902515E-15,-1.,0.));
#26800=VECTOR('',#26790,1.);
#26810=LINE('',#26780,#26800);
#26820=CARTESIAN_POINT('',(-80.2696426382209,35.1594882661963,2.54));
#26830=VERTEX_POINT('',#26820);
#26840=EDGE_CURVE('',#26830,#4650,#26810,.T.);
#26850=ORIENTED_EDGE('',*,*,#26840,.T.);
#26860=CARTESIAN_POINT('',(-78.3685543272962,36.7546907667286,2.54));
#26870=DIRECTION('',(-0.766044443118978,-0.64278760968654,0.));
#26880=VECTOR('',#26870,1.);
#26890=LINE('',#26860,#26880);
#26900=CARTESIAN_POINT('',(-78.3685543272962,36.7546907667286,2.54));
#26910=VERTEX_POINT('',#26900);
#26920=EDGE_CURVE('',#26910,#26830,#26890,.T.);
#26930=ORIENTED_EDGE('',*,*,#26920,.T.);
#26940=CARTESIAN_POINT('',(-78.1747858363195,47.8599244882287,2.54));
#26950=DIRECTION('',(-0.017445738334233,-0.999847811526321,0.));
#26960=VECTOR('',#26950,1.);
#26970=LINE('',#26940,#26960);
#26980=CARTESIAN_POINT('',(-78.1747858363195,47.8599244882287,2.54));
#26990=VERTEX_POINT('',#26980);
#27000=EDGE_CURVE('',#26990,#26910,#26970,.T.);
#27010=ORIENTED_EDGE('',*,*,#27000,.T.);
#27020=CARTESIAN_POINT('',(-77.8748314928616,47.8546907667284,2.54));
#27030=DIRECTION('',(0.,0.,1.));
#27040=DIRECTION('',(1.,0.,0.));
#27050=AXIS2_PLACEMENT_3D('',#27020,#27030,#27040);
#27060=CIRCLE('',#27050,0.300000000000011);
#27070=CARTESIAN_POINT('',(-77.8748314928617,48.1546907667285,2.54));
#27080=VERTEX_POINT('',#27070);
#27090=EDGE_CURVE('',#27080,#26990,#27060,.T.);
#27100=ORIENTED_EDGE('',*,*,#27090,.T.);
#27110=CARTESIAN_POINT('',(-77.6279002077152,48.1546907667285,2.54));
#27120=DIRECTION('',(-1.,0.,0.));
#27130=VECTOR('',#27120,1.);
#27140=LINE('',#27110,#27130);
#27150=CARTESIAN_POINT('',(-72.1797433548481,48.1546907667285,2.54));
#27160=VERTEX_POINT('',#27150);
#27170=EDGE_CURVE('',#27160,#27080,#27140,.T.);
#27180=ORIENTED_EDGE('',*,*,#27170,.T.);
#27190=CARTESIAN_POINT('',(-72.1797433548481,47.8546907667284,2.54));
#27200=DIRECTION('',(0.,0.,1.));
#27210=DIRECTION('',(1.,0.,0.));
#27220=AXIS2_PLACEMENT_3D('',#27190,#27200,#27210);
#27230=CIRCLE('',#27220,0.300000000000111);
#27240=EDGE_CURVE('',#26080,#27160,#27230,.T.);
#27250=ORIENTED_EDGE('',*,*,#27240,.T.);
#27260=EDGE_LOOP('',(#27250,#27180,#27100,#27010,#26930,#26850,#26770,
#26760,#26750,#26680,#26600,#26510,#26500,#26430,#26350,#26260,#26180,
#26100));
#27270=FACE_OUTER_BOUND('',#27260,.T.);
#27280=ADVANCED_FACE('',(#27270),#26000,.T.);
#27290=COLOUR_RGB('',0.501960813999176,1.,0.501960813999176);
#27300=FILL_AREA_STYLE_COLOUR('',#27290);
#27310=FILL_AREA_STYLE('',(#27300));
#27320=SURFACE_STYLE_FILL_AREA(#27310);
#27330=SURFACE_SIDE_STYLE('',(#27320));
#27340=SURFACE_STYLE_USAGE(.BOTH.,#27330);
#27350=PRESENTATION_STYLE_ASSIGNMENT((#27340));
#27360=CARTESIAN_POINT('',(-66.1268063553135,37.6647697312395,0.));
#27370=DIRECTION('',(0.642787609686525,-0.76604444311899,0.));
#27380=DIRECTION('',(-0.76604444311899,-0.642787609686525,0.));
#27390=AXIS2_PLACEMENT_3D('',#27360,#27370,#27380);
#27400=PLANE('',#27390);
#27410=CARTESIAN_POINT('',(-66.1268063553135,37.6647697312395,-7.62));
#27420=DIRECTION('',(-0.76604444311899,-0.642787609686525,0.));
#27430=VECTOR('',#27420,1.);
#27440=LINE('',#27410,#27430);
#27450=CARTESIAN_POINT('',(-66.1268063553135,37.6647697312395,-7.62));
#27460=VERTEX_POINT('',#27450);
#27470=CARTESIAN_POINT('',(-67.9124789211254,36.1664125398634,-7.62));
#27480=VERTEX_POINT('',#27470);
#27490=EDGE_CURVE('',#27460,#27480,#27440,.T.);
#27500=ORIENTED_EDGE('',*,*,#27490,.F.);
#27510=CARTESIAN_POINT('',(-67.9124789211254,36.1664125398634,0.));
#27520=DIRECTION('',(0.,0.,-1.));
#27530=VECTOR('',#27520,1.);
#27540=LINE('',#27510,#27530);
#27550=EDGE_CURVE('',#26660,#27480,#27540,.T.);
#27560=ORIENTED_EDGE('',*,*,#27550,.T.);
#27570=ORIENTED_EDGE('',*,*,#26670,.T.);
#27580=CARTESIAN_POINT('',(-66.1268063553135,37.6647697312395,0.));
#27590=DIRECTION('',(0.,0.,-1.));
#27600=VECTOR('',#27590,1.);
#27610=LINE('',#27580,#27600);
#27620=EDGE_CURVE('',#26580,#27460,#27610,.T.);
#27630=ORIENTED_EDGE('',*,*,#27620,.F.);
#27640=EDGE_LOOP('',(#27630,#27570,#27560,#27500));
#27650=FACE_OUTER_BOUND('',#27640,.T.);
#27660=ADVANCED_FACE('',(#27650),#27400,.T.);
#27670=COLOUR_RGB('',0.501960813999176,1.,0.501960813999176);
#27680=FILL_AREA_STYLE_COLOUR('',#27670);
#27690=FILL_AREA_STYLE('',(#27680));
#27700=SURFACE_STYLE_FILL_AREA(#27690);
#27710=SURFACE_SIDE_STYLE('',(#27700));
#27720=SURFACE_STYLE_USAGE(.BOTH.,#27710);
#27730=PRESENTATION_STYLE_ASSIGNMENT((#27720));
#27740=CARTESIAN_POINT('',(-75.3696426382209,28.2546907667286,-0.45));
#27750=DIRECTION('',(-1.,0.,0.));
#27760=DIRECTION('',(0.,0.,1.));
#27770=AXIS2_PLACEMENT_3D('',#27740,#27750,#27760);
#27780=PLANE('',#27770);
#27790=ORIENTED_EDGE('',*,*,#20990,.F.);
#27800=CARTESIAN_POINT('',(-75.3696426382209,-4.81172608782059,
-7.87422130790508));
#27810=DIRECTION('',(0.,0.965925826289068,0.25881904510252));
#27820=VECTOR('',#27810,1.);
#27830=LINE('',#27800,#27820);
#27840=EDGE_CURVE('',#24670,#20900,#27830,.T.);
#27850=ORIENTED_EDGE('',*,*,#27840,.T.);
#27860=ORIENTED_EDGE('',*,*,#24680,.T.);
#27870=ORIENTED_EDGE('',*,*,#24210,.T.);
#27880=ORIENTED_EDGE('',*,*,#19390,.T.);
#27890=CARTESIAN_POINT('',(-75.3696426382209,28.2546907667286,
-0.0800000000000001));
#27900=DIRECTION('',(0.,0.,1.));
#27910=VECTOR('',#27900,1.);
#27920=LINE('',#27890,#27910);
#27930=EDGE_CURVE('',#19360,#20980,#27920,.T.);
#27940=ORIENTED_EDGE('',*,*,#27930,.F.);
#27950=EDGE_LOOP('',(#27940,#27880,#27870,#27860,#27850,#27790));
#27960=FACE_OUTER_BOUND('',#27950,.T.);
#27970=ADVANCED_FACE('',(#27960),#27780,.T.);
#27980=COLOUR_RGB('',0.94901967048645,0.94901967048645,1.);
#27990=FILL_AREA_STYLE_COLOUR('',#27980);
#28000=FILL_AREA_STYLE('',(#27990));
#28010=SURFACE_STYLE_FILL_AREA(#28000);
#28020=SURFACE_SIDE_STYLE('',(#28010));
#28030=SURFACE_STYLE_USAGE(.BOTH.,#28020);
#28040=PRESENTATION_STYLE_ASSIGNMENT((#28030));
#28050=CARTESIAN_POINT('',(-70.7696423806481,39.8046904597665,-3.68));
#28060=DIRECTION('',(-0.996194698091747,0.0871557427476472,0.));
#28070=DIRECTION('',(-0.0871557427476472,-0.996194698091747,0.));
#28080=AXIS2_PLACEMENT_3D('',#28050,#28060,#28070);
#28090=PLANE('',#28080);
#28100=CARTESIAN_POINT('',(-70.7696423312578,39.8046910243003,-5.08));
#28110=DIRECTION('',(0.,0.,-1.));
#28120=VECTOR('',#28110,1.);
#28130=LINE('',#28100,#28120);
#28140=CARTESIAN_POINT('',(-70.7696425094339,39.8046906132475,-3.68));
#28150=VERTEX_POINT('',#28140);
#28160=CARTESIAN_POINT('',(-70.7696423891218,39.8046909757466,
-6.48000015672393));
#28170=VERTEX_POINT('',#28160);
#28180=EDGE_CURVE('',#28150,#28170,#28130,.T.);
#28190=ORIENTED_EDGE('',*,*,#28180,.T.);
#28200=CARTESIAN_POINT('',(-74.2521015510357,0.,-17.2973941046553));
#28210=DIRECTION('',(0.0824964598005999,0.942938850313625,
0.322584343528306));
#28220=VECTOR('',#28210,1.);
#28230=LINE('',#28200,#28220);
#28240=EDGE_CURVE('',#28150,#23370,#28230,.T.);
#28250=ORIENTED_EDGE('',*,*,#28240,.F.);
#28260=ORIENTED_EDGE('',*,*,#23600,.F.);
#28270=CARTESIAN_POINT('',(-74.2521015510357,0.,7.13739410465514));
#28280=DIRECTION('',(0.0824964598005999,0.942938850313626,
-0.322584343528303));
#28290=VECTOR('',#28280,1.);
#28300=LINE('',#28270,#28290);
#28310=EDGE_CURVE('',#28170,#23530,#28300,.T.);
#28320=ORIENTED_EDGE('',*,*,#28310,.T.);
#28330=EDGE_LOOP('',(#28320,#28260,#28250,#28190));
#28340=FACE_OUTER_BOUND('',#28330,.T.);
#28350=ADVANCED_FACE('',(#28340),#28090,.F.);
#28360=COLOUR_RGB('',0.501960813999176,1.,0.501960813999176);
#28370=FILL_AREA_STYLE_COLOUR('',#28360);
#28380=FILL_AREA_STYLE('',(#28370));
#28390=SURFACE_STYLE_FILL_AREA(#28380);
#28400=SURFACE_SIDE_STYLE('',(#28390));
#28410=SURFACE_STYLE_USAGE(.BOTH.,#28400);
#28420=PRESENTATION_STYLE_ASSIGNMENT((#28410));
#28430=CARTESIAN_POINT('',(-69.0196253720325,37.7191014026479,
0.487896699144564));
#28440=DIRECTION('',(0.76604444311899,0.642787609686525,
-5.05151476204449E-15));
#28450=DIRECTION('',(-0.642787609686525,0.76604444311899,
2.28769662514093E-29));
#28460=AXIS2_PLACEMENT_3D('',#28430,#28440,#28450);
#28470=PLANE('',#28460);
#28480=CARTESIAN_POINT('',(-37.3695412967334,0.,-1.40000015672393));
#28490=DIRECTION('',(0.642787609686525,-0.76604444311899,0.));
#28500=VECTOR('',#28490,1.);
#28510=LINE('',#28480,#28500);
#28520=EDGE_CURVE('',#21270,#19910,#28510,.T.);
#28530=ORIENTED_EDGE('',*,*,#28520,.F.);
#28540=ORIENTED_EDGE('',*,*,#19920,.F.);
#28550=ORIENTED_EDGE('',*,*,#710,.F.);
#28560=ORIENTED_EDGE('',*,*,#21360,.F.);
#28570=EDGE_LOOP('',(#28560,#28550,#28540,#28530));
#28580=FACE_OUTER_BOUND('',#28570,.T.);
#28590=ADVANCED_FACE('',(#28580),#28470,.T.);
#28600=COLOUR_RGB('',0.501960813999176,1.,0.501960813999176);
#28610=FILL_AREA_STYLE_COLOUR('',#28600);
#28620=FILL_AREA_STYLE('',(#28610));
#28630=SURFACE_STYLE_FILL_AREA(#28620);
#28640=SURFACE_SIDE_STYLE('',(#28630));
#28650=SURFACE_STYLE_USAGE(.BOTH.,#28640);
#28660=PRESENTATION_STYLE_ASSIGNMENT((#28650));
#28670=CARTESIAN_POINT('',(-67.5502468868954,38.0660676793349,
-7.12999999999999));
#28680=DIRECTION('',(-0.332595050713287,-0.279080384384895,
-0.900829990227127));
#28690=DIRECTION('',(0.690075808208427,0.579042356152028,
-0.434172003596956));
#28700=AXIS2_PLACEMENT_3D('',#28670,#28680,#28690);
#28710=PLANE('',#28700);
#28720=CARTESIAN_POINT('',(0.,81.7377378604598,-45.5998385554189));
#28730=DIRECTION('',(0.756559414160223,0.491315428260691,
-0.431540267876075));
#28740=VECTOR('',#28730,1.);
#28750=LINE('',#28720,#28740);
#28760=CARTESIAN_POINT('',(-68.58335861724,37.1991840074379,
-6.48000157291738));
#28770=VERTEX_POINT('',#28760);
#28780=CARTESIAN_POINT('',(-67.4438069558876,37.9392175091609,-7.13));
#28790=VERTEX_POINT('',#28780);
#28800=EDGE_CURVE('',#28770,#28790,#28750,.T.);
#28810=ORIENTED_EDGE('',*,*,#28800,.T.);
#28820=CARTESIAN_POINT('',(0.,94.7474549280622,-49.6302958884983));
#28830=DIRECTION('',(0.690075808208418,0.579042356152038,
-0.434172003596956));
#28840=VECTOR('',#28830,1.);
#28850=LINE('',#28820,#28840);
#28860=CARTESIAN_POINT('',(-68.5833611172451,37.1991819096845,
-6.48000015672393));
#28870=VERTEX_POINT('',#28860);
#28880=EDGE_CURVE('',#28870,#28770,#28850,.T.);
#28890=ORIENTED_EDGE('',*,*,#28880,.T.);
#28900=CARTESIAN_POINT('',(-37.3695412967334,0.,-6.48000015672393));
#28910=DIRECTION('',(0.642787609686525,-0.76604444311899,0.));
#28920=VECTOR('',#28910,1.);
#28930=LINE('',#28900,#28920);
#28940=EDGE_CURVE('',#28170,#28870,#28930,.T.);
#28950=ORIENTED_EDGE('',*,*,#28940,.T.);
#28960=ORIENTED_EDGE('',*,*,#28310,.F.);
#28970=CARTESIAN_POINT('',(-35.6090235367976,0.,-7.12999999999997));
#28980=DIRECTION('',(-0.642787609686521,0.766044443118993,
-4.31511322363874E-16));
#28990=VECTOR('',#28980,1.);
#29000=LINE('',#28970,#28990);
#29010=EDGE_CURVE('',#28790,#23530,#29000,.T.);
#29020=ORIENTED_EDGE('',*,*,#29010,.T.);
#29030=EDGE_LOOP('',(#29020,#28960,#28950,#28890,#28810));
#29040=FACE_OUTER_BOUND('',#29030,.T.);
#29050=ADVANCED_FACE('',(#29040),#28710,.F.);
#29060=COLOUR_RGB('',0.501960813999176,1.,0.501960813999176);
#29070=FILL_AREA_STYLE_COLOUR('',#29060);
#29080=FILL_AREA_STYLE('',(#29070));
#29090=SURFACE_STYLE_FILL_AREA(#29080);
#29100=SURFACE_SIDE_STYLE('',(#29090));
#29110=SURFACE_STYLE_USAGE(.BOTH.,#29100);
#29120=PRESENTATION_STYLE_ASSIGNMENT((#29110));
#29130=CARTESIAN_POINT('',(-74.8696426382209,25.7546907667286,
0.316025403784439));
#29140=DIRECTION('',(0.,0.25881904510252,-0.965925826289068));
#29150=DIRECTION('',(0.,0.965925826289068,0.25881904510252));
#29160=AXIS2_PLACEMENT_3D('',#29130,#29140,#29150);
#29170=PLANE('',#29160);
#29180=ORIENTED_EDGE('',*,*,#27840,.F.);
#29190=ORIENTED_EDGE('',*,*,#20910,.F.);
#29200=CARTESIAN_POINT('',(-74.3696426382209,-4.81172608782059,
-7.87422130790508));
#29210=DIRECTION('',(0.,-0.965925826289068,-0.25881904510252));
#29220=VECTOR('',#29210,1.);
#29230=LINE('',#29200,#29220);
#29240=EDGE_CURVE('',#20820,#24750,#29230,.T.);
#29250=ORIENTED_EDGE('',*,*,#29240,.F.);
#29260=ORIENTED_EDGE('',*,*,#24760,.F.);
#29270=EDGE_LOOP('',(#29260,#29250,#29190,#29180));
#29280=FACE_OUTER_BOUND('',#29270,.T.);
#29290=ADVANCED_FACE('',(#29280),#29170,.F.);
#29300=COLOUR_RGB('',0.94901967048645,0.94901967048645,1.);
#29310=FILL_AREA_STYLE_COLOUR('',#29300);
#29320=FILL_AREA_STYLE('',(#29310));
#29330=SURFACE_STYLE_FILL_AREA(#29320);
#29340=SURFACE_SIDE_STYLE('',(#29330));
#29350=SURFACE_STYLE_USAGE(.BOTH.,#29340);
#29360=PRESENTATION_STYLE_ASSIGNMENT((#29350));
#29370=CARTESIAN_POINT('',(-69.7365281502983,40.6715762294169,-7.13));
#29380=DIRECTION('',(-0.,0.,-1.));
#29390=DIRECTION('',(-0.766044443118993,-0.642787609686522,0.));
#29400=AXIS2_PLACEMENT_3D('',#29370,#29380,#29390);
#29410=PLANE('',#29400);
#29420=CARTESIAN_POINT('',(0.,81.7377378604598,-7.12999999999992));
#29430=DIRECTION('',(-0.838670567945433,-0.544639035015013,
-9.99200722162641E-16));
#29440=VECTOR('',#29430,1.);
#29450=LINE('',#29420,#29440);
#29460=CARTESIAN_POINT('',(-66.2604365174934,38.7077072574195,
-7.12999999999999));
#29470=VERTEX_POINT('',#29460);
#29480=EDGE_CURVE('',#29470,#28790,#29450,.T.);
#29490=ORIENTED_EDGE('',*,*,#29480,.F.);
#29500=ORIENTED_EDGE('',*,*,#29010,.F.);
#29510=ORIENTED_EDGE('',*,*,#23540,.F.);
#29520=CARTESIAN_POINT('',(-33.780813634075,0.,-7.13));
#29530=DIRECTION('',(-0.642787609686534,0.766044443118983,0.));
#29540=VECTOR('',#29530,1.);
#29550=LINE('',#29520,#29540);
#29560=EDGE_CURVE('',#29470,#23450,#29550,.T.);
#29570=ORIENTED_EDGE('',*,*,#29560,.T.);
#29580=EDGE_LOOP('',(#29570,#29510,#29500,#29490));
#29590=FACE_OUTER_BOUND('',#29580,.T.);
#29600=ADVANCED_FACE('',(#29590),#29410,.F.);
#29610=COLOUR_RGB('',0.501960813999176,1.,0.501960813999176);
#29620=FILL_AREA_STYLE_COLOUR('',#29610);
#29630=FILL_AREA_STYLE('',(#29620));
#29640=SURFACE_STYLE_FILL_AREA(#29630);
#29650=SURFACE_SIDE_STYLE('',(#29640));
#29660=SURFACE_STYLE_USAGE(.BOTH.,#29650);
#29670=PRESENTATION_STYLE_ASSIGNMENT((#29660));
#29680=CARTESIAN_POINT('',(-69.7365281502983,40.6715762294169,-2.05));
#29690=DIRECTION('',(-0.,0.,-1.));
#29700=DIRECTION('',(-0.766044443118993,-0.642787609686522,0.));
#29710=AXIS2_PLACEMENT_3D('',#29680,#29690,#29700);
#29720=PLANE('',#29710);
#29730=ORIENTED_EDGE('',*,*,#20310,.F.);
#29740=CARTESIAN_POINT('',(-35.6090235367976,0.,-2.04999999999997));
#29750=DIRECTION('',(-0.642787609686521,0.766044443118993,
-4.31511322363874E-16));
#29760=VECTOR('',#29750,1.);
#29770=LINE('',#29740,#29760);
#29780=EDGE_CURVE('',#20300,#21290,#29770,.T.);
#29790=ORIENTED_EDGE('',*,*,#29780,.F.);
#29800=ORIENTED_EDGE('',*,*,#23120,.F.);
#29810=CARTESIAN_POINT('',(-33.780813634075,0.,-2.05));
#29820=DIRECTION('',(-0.642787609686534,0.766044443118983,0.));
#29830=VECTOR('',#29820,1.);
#29840=LINE('',#29810,#29830);
#29850=EDGE_CURVE('',#20280,#23050,#29840,.T.);
#29860=ORIENTED_EDGE('',*,*,#29850,.T.);
#29870=EDGE_LOOP('',(#29860,#29800,#29790,#29730));
#29880=FACE_OUTER_BOUND('',#29870,.T.);
#29890=ADVANCED_FACE('',(#29880),#29720,.F.);
#29900=COLOUR_RGB('',0.501960813999176,1.,0.501960813999176);
#29910=FILL_AREA_STYLE_COLOUR('',#29900);
#29920=FILL_AREA_STYLE('',(#29910));
#29930=SURFACE_STYLE_FILL_AREA(#29920);
#29940=SURFACE_SIDE_STYLE('',(#29930));
#29950=SURFACE_STYLE_USAGE(.BOTH.,#29940);
#29960=PRESENTATION_STYLE_ASSIGNMENT((#29950));
#29970=CARTESIAN_POINT('',(-66.4774092765345,38.9662853225018,-4.694241)
);
#29980=DIRECTION('',(0.642787609686534,-0.766044443118983,0.));
#29990=DIRECTION('',(0.,0.,1.));
#30000=AXIS2_PLACEMENT_3D('',#29970,#29980,#29990);
#30010=PLANE('',#30000);
#30020=CARTESIAN_POINT('',(0.,94.7474549280622,-3.68));
#30030=DIRECTION('',(0.766044443118983,0.642787609686534,0.));
#30040=VECTOR('',#30030,1.);
#30050=LINE('',#30020,#30040);
#30060=CARTESIAN_POINT('',(-68.5833611172451,37.1991819096845,-3.68));
#30070=VERTEX_POINT('',#30060);
#30080=CARTESIAN_POINT('',(-68.58335861724,37.1991840074378,
-3.68000000000002));
#30090=VERTEX_POINT('',#30080);
#30100=EDGE_CURVE('',#30070,#30090,#30050,.T.);
#30110=ORIENTED_EDGE('',*,*,#30100,.T.);
#30120=CARTESIAN_POINT('',(-68.5833611172451,37.1991819096845,-5.08));
#30130=DIRECTION('',(3.86968481279769E-15,3.24705109919082E-15,1.));
#30140=VECTOR('',#30130,1.);
#30150=LINE('',#30120,#30140);
#30160=EDGE_CURVE('',#28870,#30070,#30150,.T.);
#30170=ORIENTED_EDGE('',*,*,#30160,.T.);
#30180=ORIENTED_EDGE('',*,*,#28880,.F.);
#30190=CARTESIAN_POINT('',(-68.58335861724,37.1991840074379,-5.08));
#30200=DIRECTION('',(0.,0.,-1.));
#30210=VECTOR('',#30200,1.);
#30220=LINE('',#30190,#30210);
#30230=EDGE_CURVE('',#30090,#28770,#30220,.T.);
#30240=ORIENTED_EDGE('',*,*,#30230,.T.);
#30250=EDGE_LOOP('',(#30240,#30180,#30170,#30110));
#30260=FACE_OUTER_BOUND('',#30250,.T.);
#30270=ADVANCED_FACE('',(#30260),#30010,.F.);
#30280=COLOUR_RGB('',0.501960813999176,1.,0.501960813999176);
#30290=FILL_AREA_STYLE_COLOUR('',#30280);
#30300=FILL_AREA_STYLE('',(#30290));
#30310=SURFACE_STYLE_FILL_AREA(#30300);
#30320=SURFACE_SIDE_STYLE('',(#30310));
#30330=SURFACE_STYLE_USAGE(.BOTH.,#30320);
#30340=PRESENTATION_STYLE_ASSIGNMENT((#30330));
#30350=CARTESIAN_POINT('',(-67.5502468868954,38.0660676793349,
-2.04999999999999));
#30360=DIRECTION('',(-0.332595050713287,-0.279080384384895,
-0.900829990227127));
#30370=DIRECTION('',(0.690075808208427,0.579042356152028,
-0.434172003596956));
#30380=AXIS2_PLACEMENT_3D('',#30350,#30360,#30370);
#30390=PLANE('',#30380);
#30400=ORIENTED_EDGE('',*,*,#20580,.T.);
#30410=ORIENTED_EDGE('',*,*,#20000,.T.);
#30420=ORIENTED_EDGE('',*,*,#28520,.T.);
#30430=ORIENTED_EDGE('',*,*,#21300,.F.);
#30440=ORIENTED_EDGE('',*,*,#29780,.T.);
#30450=EDGE_LOOP('',(#30440,#30430,#30420,#30410,#30400));
#30460=FACE_OUTER_BOUND('',#30450,.T.);
#30470=ADVANCED_FACE('',(#30460),#30390,.F.);
#30480=COLOUR_RGB('',0.501960813999176,1.,0.501960813999176);
#30490=FILL_AREA_STYLE_COLOUR('',#30480);
#30500=FILL_AREA_STYLE('',(#30490));
#30510=SURFACE_STYLE_FILL_AREA(#30500);
#30520=SURFACE_SIDE_STYLE('',(#30510));
#30530=SURFACE_STYLE_USAGE(.BOTH.,#30520);
#30540=PRESENTATION_STYLE_ASSIGNMENT((#30530));
#30550=CARTESIAN_POINT('',(-67.5643402316274,37.8609422846625,
-5.27420604626606));
#30560=DIRECTION('',(-0.544639035015013,0.838670567945433,0.));
#30570=DIRECTION('',(-0.838670567945433,-0.544639035015013,0.));
#30580=AXIS2_PLACEMENT_3D('',#30550,#30560,#30570);
#30590=PLANE('',#30580);
#30600=ORIENTED_EDGE('',*,*,#28800,.F.);
#30610=ORIENTED_EDGE('',*,*,#29480,.T.);
#30620=CARTESIAN_POINT('',(-66.2604365174934,38.7077072574195,0.));
#30630=DIRECTION('',(0.,0.,1.));
#30640=VECTOR('',#30630,1.);
#30650=LINE('',#30620,#30640);
#30660=CARTESIAN_POINT('',(-66.2604365174934,38.7077072574195,-3.03));
#30670=VERTEX_POINT('',#30660);
#30680=EDGE_CURVE('',#29470,#30670,#30650,.T.);
#30690=ORIENTED_EDGE('',*,*,#30680,.F.);
#30700=CARTESIAN_POINT('',(0.,81.7377378604598,-3.03000000000005));
#30710=DIRECTION('',(0.838670567945433,0.544639035015013,
-6.10622663543836E-16));
#30720=VECTOR('',#30710,1.);
#30730=LINE('',#30700,#30720);
#30740=CARTESIAN_POINT('',(-67.4438069558876,37.9392175091609,
-3.02999999999997));
#30750=VERTEX_POINT('',#30740);
#30760=EDGE_CURVE('',#30750,#30670,#30730,.T.);
#30770=ORIENTED_EDGE('',*,*,#30760,.T.);
#30780=CARTESIAN_POINT('',(0.,81.7377378604598,35.4399316477663));
#30790=DIRECTION('',(0.756559073218977,0.491315206850857,
0.431541117678422));
#30800=VECTOR('',#30790,1.);
#30810=LINE('',#30780,#30800);
#30820=EDGE_CURVE('',#30090,#30750,#30810,.T.);
#30830=ORIENTED_EDGE('',*,*,#30820,.T.);
#30840=ORIENTED_EDGE('',*,*,#30230,.F.);
#30850=EDGE_LOOP('',(#30840,#30830,#30770,#30690,#30610,#30600));
#30860=FACE_OUTER_BOUND('',#30850,.T.);
#30870=ADVANCED_FACE('',(#30860),#30590,.T.);
#30880=COLOUR_RGB('',0.501960813999176,1.,0.501960813999176);
#30890=FILL_AREA_STYLE_COLOUR('',#30880);
#30900=FILL_AREA_STYLE('',(#30890));
#30910=SURFACE_STYLE_FILL_AREA(#30900);
#30920=SURFACE_SIDE_STYLE('',(#30910));
#30930=SURFACE_STYLE_USAGE(.BOTH.,#30920);
#30940=PRESENTATION_STYLE_ASSIGNMENT((#30930));
#30950=CARTESIAN_POINT('',(-70.433602906892,28.2546907667286,
-4.31925177314749));
#30960=DIRECTION('',(0.,-1.,0.));
#30970=DIRECTION('',(1.,0.,0.));
#30980=AXIS2_PLACEMENT_3D('',#30950,#30960,#30970);
#30990=PLANE('',#30980);
#31000=EDGE_CURVE('',#25380,#25290,#25360,.T.);
#31010=ORIENTED_EDGE('',*,*,#31000,.T.);
#31020=ORIENTED_EDGE('',*,*,#25390,.T.);
#31030=EDGE_LOOP('',(#31020,#31010));
#31040=FACE_OUTER_BOUND('',#31030,.T.);
#31050=ORIENTED_EDGE('',*,*,#19140,.T.);
#31060=CARTESIAN_POINT('',(-75.3696426382209,28.2546907667286,
-0.0800000000000001));
#31070=DIRECTION('',(0.,0.,1.));
#31080=VECTOR('',#31070,1.);
#31090=LINE('',#31060,#31080);
#31100=EDGE_CURVE('',#25680,#19070,#31090,.T.);
#31110=ORIENTED_EDGE('',*,*,#31100,.T.);
#31120=ORIENTED_EDGE('',*,*,#25840,.T.);
#31130=CARTESIAN_POINT('',(-74.3696426382209,28.2546907667286,
-0.0800000000000001));
#31140=DIRECTION('',(0.,0.,-1.));
#31150=VECTOR('',#31140,1.);
#31160=LINE('',#31130,#31150);
#31170=EDGE_CURVE('',#18980,#25770,#31160,.T.);
#31180=ORIENTED_EDGE('',*,*,#31170,.T.);
#31190=EDGE_LOOP('',(#31180,#31120,#31110,#31050));
#31200=FACE_BOUND('',#31190,.T.);
#31210=ADVANCED_FACE('',(#31040,#31200),#30990,.T.);
#31220=COLOUR_RGB('',0.94901967048645,0.94901967048645,1.);
#31230=FILL_AREA_STYLE_COLOUR('',#31220);
#31240=FILL_AREA_STYLE('',(#31230));
#31250=SURFACE_STYLE_FILL_AREA(#31240);
#31260=SURFACE_SIDE_STYLE('',(#31250));
#31270=SURFACE_STYLE_USAGE(.BOTH.,#31260);
#31280=PRESENTATION_STYLE_ASSIGNMENT((#31270));
#31290=CARTESIAN_POINT('',(-75.5383837222668,46.4433659013232,
-4.41125891595279));
#31300=DIRECTION('',(0.,1.,0.));
#31310=DIRECTION('',(0.707106781186547,0.,-0.707106781186548));
#31320=AXIS2_PLACEMENT_3D('',#31290,#31300,#31310);
#31330=PLANE('',#31320);
#31340=ORIENTED_EDGE('',*,*,#1530,.T.);
#31350=CARTESIAN_POINT('',(-75.545790716623,46.4433659013232,
-5.26117333157282));
#31360=VERTEX_POINT('',#31350);
#31370=EDGE_CURVE('',#31360,#1430,#2270,.T.);
#31380=ORIENTED_EDGE('',*,*,#31370,.T.);
#31390=CARTESIAN_POINT('',(-74.8696426382209,46.4433659013232,-5.08));
#31400=DIRECTION('',(0.,-1.,0.));
#31410=DIRECTION('',(1.,0.,0.));
#31420=AXIS2_PLACEMENT_3D('',#31390,#31400,#31410);
#31430=CIRCLE('',#31420,0.7);
#31440=EDGE_CURVE('',#2310,#31360,#31430,.T.);
#31450=ORIENTED_EDGE('',*,*,#31440,.T.);
#31460=ORIENTED_EDGE('',*,*,#2320,.T.);
#31470=EDGE_CURVE('',#1520,#2290,#1500,.T.);
#31480=ORIENTED_EDGE('',*,*,#31470,.T.);
#31490=EDGE_LOOP('',(#31480,#31460,#31450,#31380,#31340));
#31500=FACE_OUTER_BOUND('',#31490,.T.);
#31510=ADVANCED_FACE('',(#31500),#31330,.T.);
#31520=COLOUR_RGB('',0.94901967048645,0.94901967048645,1.);
#31530=FILL_AREA_STYLE_COLOUR('',#31520);
#31540=FILL_AREA_STYLE('',(#31530));
#31550=SURFACE_STYLE_FILL_AREA(#31540);
#31560=SURFACE_SIDE_STYLE('',(#31550));
#31570=SURFACE_STYLE_USAGE(.BOTH.,#31560);
#31580=PRESENTATION_STYLE_ASSIGNMENT((#31570));
#31590=CARTESIAN_POINT('',(-74.6221552648043,45.4433659013232,
-5.32748737341532));
#31600=DIRECTION('',(-0.707106781186547,0.,0.707106781186548));
#31610=DIRECTION('',(0.,1.,0.));
#31620=AXIS2_PLACEMENT_3D('',#31590,#31600,#31610);
#31630=PLANE('',#31620);
#31640=ORIENTED_EDGE('',*,*,#1270,.F.);
#31650=CARTESIAN_POINT('',(-127.966313878952,46.4433659013232,
-58.6716459875626));
#31660=DIRECTION('',(0.707106781186548,0.,0.707106781186547));
#31670=VECTOR('',#31660,1.);
#31680=LINE('',#31650,#31670);
#31690=CARTESIAN_POINT('',(-75.0508159697916,46.4433659013232,
-5.75614807840264));
#31700=VERTEX_POINT('',#31690);
#31710=EDGE_CURVE('',#1180,#31700,#31680,.T.);
#31720=ORIENTED_EDGE('',*,*,#31710,.F.);
#31730=CARTESIAN_POINT('',(-75.0508159697916,58.1546907667285,
-5.75614807840264));
#31740=DIRECTION('',(0.,-1.,0.));
#31750=VECTOR('',#31740,1.);
#31760=LINE('',#31730,#31750);
#31770=EDGE_CURVE('',#31700,#1910,#31760,.T.);
#31780=ORIENTED_EDGE('',*,*,#31770,.F.);
#31790=ORIENTED_EDGE('',*,*,#1920,.F.);
#31800=EDGE_LOOP('',(#31790,#31780,#31720,#31640));
#31810=FACE_OUTER_BOUND('',#31800,.T.);
#31820=ADVANCED_FACE('',(#31810),#31630,.T.);
#31830=COLOUR_RGB('',0.94901967048645,0.94901967048645,1.);
#31840=FILL_AREA_STYLE_COLOUR('',#31830);
#31850=FILL_AREA_STYLE('',(#31840));
#31860=SURFACE_STYLE_FILL_AREA(#31850);
#31870=SURFACE_SIDE_STYLE('',(#31860));
#31880=SURFACE_STYLE_USAGE(.BOTH.,#31870);
#31890=PRESENTATION_STYLE_ASSIGNMENT((#31880));
#31900=CARTESIAN_POINT('',(-74.8696426382209,46.4433659013232,-5.08));
#31910=DIRECTION('',(0.,-1.,0.));
#31920=DIRECTION('',(1.,0.,0.));
#31930=AXIS2_PLACEMENT_3D('',#31900,#31910,#31920);
#31940=CIRCLE('',#31930,0.7);
#31950=CARTESIAN_POINT('',(-74.1934945598183,46.4433659013232,
-4.89882666842931));
#31960=VERTEX_POINT('',#31950);
#31970=EDGE_CURVE('',#31700,#31960,#31940,.T.);
#31980=ORIENTED_EDGE('',*,*,#31970,.T.);
#31990=ORIENTED_EDGE('',*,*,#31710,.T.);
#32000=ORIENTED_EDGE('',*,*,#1190,.T.);
#32010=CARTESIAN_POINT('',(-73.3016440001799,46.4433659013232,
-4.00697610879089));
#32020=VERTEX_POINT('',#32010);
#32030=EDGE_CURVE('',#32020,#1090,#1160,.T.);
#32040=ORIENTED_EDGE('',*,*,#32030,.T.);
#32050=EDGE_CURVE('',#31960,#32020,#31680,.T.);
#32060=ORIENTED_EDGE('',*,*,#32050,.T.);
#32070=EDGE_LOOP('',(#32060,#32040,#32000,#31990,#31980));
#32080=FACE_OUTER_BOUND('',#32070,.T.);
#32090=ADVANCED_FACE('',(#32080),#31330,.T.);
#32100=COLOUR_RGB('',0.94901967048645,0.94901967048645,1.);
#32110=FILL_AREA_STYLE_COLOUR('',#32100);
#32120=FILL_AREA_STYLE('',(#32110));
#32130=SURFACE_STYLE_FILL_AREA(#32120);
#32140=SURFACE_SIDE_STYLE('',(#32130));
#32150=SURFACE_STYLE_USAGE(.BOTH.,#32140);
#32160=PRESENTATION_STYLE_ASSIGNMENT((#32150));
#32170=CARTESIAN_POINT('',(-77.1696426382196,47.9546907667284,-2.54));
#32180=DIRECTION('',(1.,0.,0.));
#32190=DIRECTION('',(0.,-1.,0.));
#32200=AXIS2_PLACEMENT_3D('',#32170,#32180,#32190);
#32210=SPHERICAL_SURFACE('',#32200,0.49999999999999);
#32220=CARTESIAN_POINT('',(-77.1696426382196,47.9546907667284,-2.54));
#32230=DIRECTION('',(1.,0.,0.));
#32240=DIRECTION('',(0.,-1.,0.));
#32250=AXIS2_PLACEMENT_3D('',#32220,#32230,#32240);
#32260=CIRCLE('',#32250,0.49999999999999);
#32270=CARTESIAN_POINT('',(-77.1696426382196,48.4546907667284,-2.54));
#32280=VERTEX_POINT('',#32270);
#32290=CARTESIAN_POINT('',(-77.1696426382196,48.1546907667285,
-2.08174243050443));
#32300=VERTEX_POINT('',#32290);
#32310=EDGE_CURVE('',#32280,#32300,#32260,.T.);
#32320=ORIENTED_EDGE('',*,*,#32310,.T.);
#32330=CARTESIAN_POINT('',(-77.1696426382196,47.9546907667284,-2.54));
#32340=DIRECTION('',(0.,0.,-1.));
#32350=DIRECTION('',(1.,-0.,0.));
#32360=AXIS2_PLACEMENT_3D('',#32330,#32340,#32350);
#32370=CIRCLE('',#32360,0.49999999999999);
#32380=CARTESIAN_POINT('',(-76.711385068724,48.1546907667285,-2.54));
#32390=VERTEX_POINT('',#32380);
#32400=EDGE_CURVE('',#32280,#32390,#32370,.T.);
#32410=ORIENTED_EDGE('',*,*,#32400,.F.);
#32420=CARTESIAN_POINT('',(-77.1696426382196,48.1546907667285,-2.54));
#32430=DIRECTION('',(0.,1.,0.));
#32440=DIRECTION('',(1.,0.,0.));
#32450=AXIS2_PLACEMENT_3D('',#32420,#32430,#32440);
#32460=CIRCLE('',#32450,0.458257569495572);
#32470=EDGE_CURVE('',#32300,#32390,#32460,.T.);
#32480=ORIENTED_EDGE('',*,*,#32470,.T.);
#32490=EDGE_LOOP('',(#32480,#32410,#32320));
#32500=FACE_OUTER_BOUND('',#32490,.T.);
#32510=ADVANCED_FACE('',(#32500),#32210,.T.);
#32520=COLOUR_RGB('',0.501960813999176,1.,0.501960813999176);
#32530=FILL_AREA_STYLE_COLOUR('',#32520);
#32540=FILL_AREA_STYLE('',(#32530));
#32550=SURFACE_STYLE_FILL_AREA(#32540);
#32560=SURFACE_SIDE_STYLE('',(#32550));
#32570=SURFACE_STYLE_USAGE(.BOTH.,#32560);
#32580=PRESENTATION_STYLE_ASSIGNMENT((#32570));
#32590=CARTESIAN_POINT('',(-75.8696426382196,45.1433659013233,-5.08));
#32600=DIRECTION('',(-0.,1.,0.));
#32610=DIRECTION('',(1.,0.,0.));
#32620=AXIS2_PLACEMENT_3D('',#32590,#32600,#32610);
#32630=PLANE('',#32620);
#32640=EDGE_CURVE('',#1600,#1070,#1670,.T.);
#32650=ORIENTED_EDGE('',*,*,#32640,.F.);
#32660=ORIENTED_EDGE('',*,*,#1680,.F.);
#32670=EDGE_LOOP('',(#32660,#32650));
#32680=FACE_BOUND('',#32670,.T.);
#32690=EDGE_CURVE('',#220,#130,#200,.T.);
#32700=ORIENTED_EDGE('',*,*,#32690,.T.);
#32710=ORIENTED_EDGE('',*,*,#230,.T.);
#32720=EDGE_LOOP('',(#32710,#32700));
#32730=FACE_OUTER_BOUND('',#32720,.T.);
#32740=ADVANCED_FACE('',(#32680,#32730),#32630,.T.);
#32750=COLOUR_RGB('',0.501960813999176,1.,0.501960813999176);
#32760=FILL_AREA_STYLE_COLOUR('',#32750);
#32770=FILL_AREA_STYLE('',(#32760));
#32780=SURFACE_STYLE_FILL_AREA(#32770);
#32790=SURFACE_SIDE_STYLE('',(#32780));
#32800=SURFACE_STYLE_USAGE(.BOTH.,#32790);
#32810=PRESENTATION_STYLE_ASSIGNMENT((#32800));
#32820=CARTESIAN_POINT('',(-69.9545941241825,42.6435157087425,0.));
#32830=DIRECTION('',(0.,0.,1.));
#32840=DIRECTION('',(1.,0.,0.));
#32850=AXIS2_PLACEMENT_3D('',#32820,#32830,#32840);
#32860=CYLINDRICAL_SURFACE('',#32850,0.299999999999949);
#32870=ORIENTED_EDGE('',*,*,#26340,.F.);
#32880=CARTESIAN_POINT('',(-70.1474304070884,42.8733290416782,0.));
#32890=DIRECTION('',(0.,0.,-1.));
#32900=VECTOR('',#32890,1.);
#32910=LINE('',#32880,#32900);
#32920=CARTESIAN_POINT('',(-70.1474304070884,42.8733290416782,-7.62));
#32930=VERTEX_POINT('',#32920);
#32940=EDGE_CURVE('',#26240,#32930,#32910,.T.);
#32950=ORIENTED_EDGE('',*,*,#32940,.F.);
#32960=CARTESIAN_POINT('',(-69.9545941241825,42.6435157087425,-7.62));
#32970=DIRECTION('',(0.,0.,1.));
#32980=DIRECTION('',(1.,0.,0.));
#32990=AXIS2_PLACEMENT_3D('',#32960,#32970,#32980);
#33000=CIRCLE('',#32990,0.299999999999949);
#33010=CARTESIAN_POINT('',(-69.7247807912468,42.8363519916484,-7.62));
#33020=VERTEX_POINT('',#33010);
#33030=EDGE_CURVE('',#33020,#32930,#33000,.T.);
#33040=ORIENTED_EDGE('',*,*,#33030,.T.);
#33050=CARTESIAN_POINT('',(-69.7247807912468,42.8363519916484,0.));
#33060=DIRECTION('',(0.,0.,-1.));
#33070=VECTOR('',#33060,1.);
#33080=LINE('',#33050,#33070);
#33090=EDGE_CURVE('',#26330,#33020,#33080,.T.);
#33100=ORIENTED_EDGE('',*,*,#33090,.T.);
#33110=EDGE_LOOP('',(#33100,#33040,#32950,#32870));
#33120=FACE_OUTER_BOUND('',#33110,.T.);
#33130=ADVANCED_FACE('',(#33120),#32860,.T.);
#33140=COLOUR_RGB('',0.501960813999176,1.,0.501960813999176);
#33150=FILL_AREA_STYLE_COLOUR('',#33140);
#33160=FILL_AREA_STYLE('',(#33150));
#33170=SURFACE_STYLE_FILL_AREA(#33160);
#33180=SURFACE_SIDE_STYLE('',(#33170));
#33190=SURFACE_STYLE_USAGE(.BOTH.,#33180);
#33200=PRESENTATION_STYLE_ASSIGNMENT((#33190));
#33210=CARTESIAN_POINT('',(-67.7196426382195,35.9365992069276,0.));
#33220=DIRECTION('',(0.,0.,1.));
#33230=DIRECTION('',(1.,0.,0.));
#33240=AXIS2_PLACEMENT_3D('',#33210,#33220,#33230);
#33250=CYLINDRICAL_SURFACE('',#33240,0.299999999999976);
#33260=CARTESIAN_POINT('',(-67.7196426382195,35.9365992069276,-7.62));
#33270=DIRECTION('',(0.,0.,1.));
#33280=DIRECTION('',(1.,0.,0.));
#33290=AXIS2_PLACEMENT_3D('',#33260,#33270,#33280);
#33300=CIRCLE('',#33290,0.299999999999976);
#33310=EDGE_CURVE('',#27480,#22590,#33300,.T.);
#33320=ORIENTED_EDGE('',*,*,#33310,.F.);
#33330=ORIENTED_EDGE('',*,*,#22750,.F.);
#33340=ORIENTED_EDGE('',*,*,#26740,.T.);
#33350=ORIENTED_EDGE('',*,*,#27550,.F.);
#33360=EDGE_LOOP('',(#33350,#33340,#33330,#33320));
#33370=FACE_OUTER_BOUND('',#33360,.T.);
#33380=ADVANCED_FACE('',(#33370),#33250,.F.);
#33390=COLOUR_RGB('',0.501960813999176,1.,0.501960813999176);
#33400=FILL_AREA_STYLE_COLOUR('',#33390);
#33410=FILL_AREA_STYLE('',(#33400));
#33420=SURFACE_STYLE_FILL_AREA(#33410);
#33430=SURFACE_SIDE_STYLE('',(#33420));
#33440=SURFACE_STYLE_USAGE(.BOTH.,#33430);
#33450=PRESENTATION_STYLE_ASSIGNMENT((#33440));
#33460=CARTESIAN_POINT('',(-74.3696426382209,28.2546907667286,0.45));
#33470=DIRECTION('',(1.,-0.,0.));
#33480=DIRECTION('',(0.,0.,-1.));
#33490=AXIS2_PLACEMENT_3D('',#33460,#33470,#33480);
#33500=PLANE('',#33490);
#33510=ORIENTED_EDGE('',*,*,#29240,.T.);
#33520=ORIENTED_EDGE('',*,*,#20830,.T.);
#33530=CARTESIAN_POINT('',(-74.3696426382209,28.2546907667286,
-0.0800000000000001));
#33540=DIRECTION('',(0.,0.,-1.));
#33550=VECTOR('',#33540,1.);
#33560=LINE('',#33530,#33550);
#33570=EDGE_CURVE('',#20800,#19540,#33560,.T.);
#33580=ORIENTED_EDGE('',*,*,#33570,.F.);
#33590=ORIENTED_EDGE('',*,*,#19550,.F.);
#33600=ORIENTED_EDGE('',*,*,#24120,.T.);
#33610=ORIENTED_EDGE('',*,*,#24820,.T.);
#33620=EDGE_LOOP('',(#33610,#33600,#33590,#33580,#33520,#33510));
#33630=FACE_OUTER_BOUND('',#33620,.T.);
#33640=ADVANCED_FACE('',(#33630),#33500,.T.);
#33650=COLOUR_RGB('',0.94901967048645,0.94901967048645,1.);
#33660=FILL_AREA_STYLE_COLOUR('',#33650);
#33670=FILL_AREA_STYLE('',(#33660));
#33680=SURFACE_STYLE_FILL_AREA(#33670);
#33690=SURFACE_SIDE_STYLE('',(#33680));
#33700=SURFACE_STYLE_USAGE(.BOTH.,#33690);
#33710=PRESENTATION_STYLE_ASSIGNMENT((#33700));
#33720=CARTESIAN_POINT('',(-66.3196426382195,38.3115493652055,0.));
#33730=DIRECTION('',(0.,0.,1.));
#33740=DIRECTION('',(1.,0.,0.));
#33750=AXIS2_PLACEMENT_3D('',#33720,#33730,#33740);
#33760=CYLINDRICAL_SURFACE('',#33750,0.299999999999983);
#33770=CARTESIAN_POINT('',(-66.3196426382195,38.3115493652055,-7.62));
#33780=DIRECTION('',(0.,0.,1.));
#33790=DIRECTION('',(1.,0.,0.));
#33800=AXIS2_PLACEMENT_3D('',#33770,#33780,#33790);
#33810=CIRCLE('',#33800,0.299999999999983);
#33820=CARTESIAN_POINT('',(-66.0899833454134,38.5045690772242,-7.62));
#33830=VERTEX_POINT('',#33820);
#33840=EDGE_CURVE('',#22220,#33830,#33810,.T.);
#33850=ORIENTED_EDGE('',*,*,#33840,.T.);
#33860=ORIENTED_EDGE('',*,*,#22230,.F.);
#33870=ORIENTED_EDGE('',*,*,#26490,.F.);
#33880=CARTESIAN_POINT('',(-66.0899833454134,38.5045690772242,0.));
#33890=DIRECTION('',(0.,0.,1.));
#33900=VECTOR('',#33890,1.);
#33910=LINE('',#33880,#33900);
#33920=EDGE_CURVE('',#33830,#26410,#33910,.T.);
#33930=ORIENTED_EDGE('',*,*,#33920,.T.);
#33940=EDGE_LOOP('',(#33930,#33870,#33860,#33850));
#33950=FACE_OUTER_BOUND('',#33940,.T.);
#33960=ADVANCED_FACE('',(#33950),#33760,.T.);
#33970=COLOUR_RGB('',0.501960813999176,1.,0.501960813999176);
#33980=FILL_AREA_STYLE_COLOUR('',#33970);
#33990=FILL_AREA_STYLE('',(#33980));
#34000=SURFACE_STYLE_FILL_AREA(#33990);
#34010=SURFACE_SIDE_STYLE('',(#34000));
#34020=SURFACE_STYLE_USAGE(.BOTH.,#34010);
#34030=PRESENTATION_STYLE_ASSIGNMENT((#34020));
#34040=CARTESIAN_POINT('',(-80.2696426382209,28.7546907667286,0.));
#34050=DIRECTION('',(-1.,-2.21878282902515E-15,-0.));
#34060=DIRECTION('',(-2.21878282902515E-15,1.,0.));
#34070=AXIS2_PLACEMENT_3D('',#34040,#34050,#34060);
#34080=PLANE('',#34070);
#34090=ORIENTED_EDGE('',*,*,#26840,.F.);
#34100=ORIENTED_EDGE('',*,*,#4660,.T.);
#34110=CARTESIAN_POINT('',(-80.2696426382209,35.1594882661963,-7.62));
#34120=DIRECTION('',(2.21878282902515E-15,-1.,0.));
#34130=VECTOR('',#34120,1.);
#34140=LINE('',#34110,#34130);
#34150=CARTESIAN_POINT('',(-80.2696426382209,35.1594882661963,-7.62));
#34160=VERTEX_POINT('',#34150);
#34170=EDGE_CURVE('',#34160,#4550,#34140,.T.);
#34180=ORIENTED_EDGE('',*,*,#34170,.T.);
#34190=CARTESIAN_POINT('',(-80.2696426382209,35.1594882661963,0.));
#34200=DIRECTION('',(0.,0.,-1.));
#34210=VECTOR('',#34200,1.);
#34220=LINE('',#34190,#34210);
#34230=EDGE_CURVE('',#26830,#34160,#34220,.T.);
#34240=ORIENTED_EDGE('',*,*,#34230,.T.);
#34250=EDGE_LOOP('',(#34240,#34180,#34100,#34090));
#34260=FACE_OUTER_BOUND('',#34250,.T.);
#34270=ADVANCED_FACE('',(#34260),#34080,.T.);
#34280=COLOUR_RGB('',0.501960813999176,1.,0.501960813999176);
#34290=FILL_AREA_STYLE_COLOUR('',#34280);
#34300=FILL_AREA_STYLE('',(#34290));
#34310=SURFACE_STYLE_FILL_AREA(#34300);
#34320=SURFACE_SIDE_STYLE('',(#34310));
#34330=SURFACE_STYLE_USAGE(.BOTH.,#34320);
#34340=PRESENTATION_STYLE_ASSIGNMENT((#34330));
#34350=CARTESIAN_POINT('',(-70.433602906892,28.2546907667286,
-4.31925177314749));
#34360=DIRECTION('',(0.,-1.,0.));
#34370=DIRECTION('',(1.,0.,0.));
#34380=AXIS2_PLACEMENT_3D('',#34350,#34360,#34370);
#34390=PLANE('',#34380);
#34400=EDGE_CURVE('',#4170,#4080,#4150,.T.);
#34410=ORIENTED_EDGE('',*,*,#34400,.T.);
#34420=ORIENTED_EDGE('',*,*,#4180,.T.);
#34430=EDGE_LOOP('',(#34420,#34410));
#34440=FACE_OUTER_BOUND('',#34430,.T.);
#34450=ORIENTED_EDGE('',*,*,#19610,.T.);
#34460=ORIENTED_EDGE('',*,*,#33570,.T.);
#34470=ORIENTED_EDGE('',*,*,#21050,.T.);
#34480=ORIENTED_EDGE('',*,*,#27930,.T.);
#34490=EDGE_LOOP('',(#34480,#34470,#34460,#34450));
#34500=FACE_BOUND('',#34490,.T.);
#34510=ADVANCED_FACE('',(#34440,#34500),#34390,.T.);
#34520=COLOUR_RGB('',0.94901967048645,0.94901967048645,1.);
#34530=FILL_AREA_STYLE_COLOUR('',#34520);
#34540=FILL_AREA_STYLE('',(#34530));
#34550=SURFACE_STYLE_FILL_AREA(#34540);
#34560=SURFACE_SIDE_STYLE('',(#34550));
#34570=SURFACE_STYLE_USAGE(.BOTH.,#34560);
#34580=PRESENTATION_STYLE_ASSIGNMENT((#34570));
#34590=CARTESIAN_POINT('',(-78.3685543272962,36.7546907667286,0.));
#34600=DIRECTION('',(-0.64278760968654,0.766044443118978,0.));
#34610=DIRECTION('',(0.766044443118978,0.64278760968654,0.));
#34620=AXIS2_PLACEMENT_3D('',#34590,#34600,#34610);
#34630=PLANE('',#34620);
#34640=CARTESIAN_POINT('',(-78.3685543272962,36.7546907667286,-7.62));
#34650=DIRECTION('',(-0.766044443118978,-0.64278760968654,0.));
#34660=VECTOR('',#34650,1.);
#34670=LINE('',#34640,#34660);
#34680=CARTESIAN_POINT('',(-78.3685543272962,36.7546907667286,-7.62));
#34690=VERTEX_POINT('',#34680);
#34700=EDGE_CURVE('',#34690,#34160,#34670,.T.);
#34710=ORIENTED_EDGE('',*,*,#34700,.T.);
#34720=CARTESIAN_POINT('',(-78.3685543272962,36.7546907667286,0.));
#34730=DIRECTION('',(0.,0.,-1.));
#34740=VECTOR('',#34730,1.);
#34750=LINE('',#34720,#34740);
#34760=EDGE_CURVE('',#26910,#34690,#34750,.T.);
#34770=ORIENTED_EDGE('',*,*,#34760,.T.);
#34780=ORIENTED_EDGE('',*,*,#26920,.F.);
#34790=ORIENTED_EDGE('',*,*,#34230,.F.);
#34800=EDGE_LOOP('',(#34790,#34780,#34770,#34710));
#34810=FACE_OUTER_BOUND('',#34800,.T.);
#34820=ADVANCED_FACE('',(#34810),#34630,.T.);
#34830=COLOUR_RGB('',0.501960813999176,1.,0.501960813999176);
#34840=FILL_AREA_STYLE_COLOUR('',#34830);
#34850=FILL_AREA_STYLE('',(#34840));
#34860=SURFACE_STYLE_FILL_AREA(#34850);
#34870=SURFACE_SIDE_STYLE('',(#34860));
#34880=SURFACE_STYLE_USAGE(.BOTH.,#34870);
#34890=PRESENTATION_STYLE_ASSIGNMENT((#34880));
#34900=CARTESIAN_POINT('',(-75.3696426382209,28.2546907667286,-5.53));
#34910=DIRECTION('',(-1.,0.,0.));
#34920=DIRECTION('',(0.,0.,1.));
#34930=AXIS2_PLACEMENT_3D('',#34900,#34910,#34920);
#34940=PLANE('',#34930);
#34950=ORIENTED_EDGE('',*,*,#21840,.F.);
#34960=ORIENTED_EDGE('',*,*,#25690,.T.);
#34970=ORIENTED_EDGE('',*,*,#31100,.F.);
#34980=ORIENTED_EDGE('',*,*,#19080,.F.);
#34990=ORIENTED_EDGE('',*,*,#2750,.F.);
#35000=ORIENTED_EDGE('',*,*,#23880,.F.);
#35010=EDGE_LOOP('',(#35000,#34990,#34980,#34970,#34960,#34950));
#35020=FACE_OUTER_BOUND('',#35010,.T.);
#35030=ADVANCED_FACE('',(#35020),#34940,.T.);
#35040=COLOUR_RGB('',0.94901967048645,0.94901967048645,1.);
#35050=FILL_AREA_STYLE_COLOUR('',#35040);
#35060=FILL_AREA_STYLE('',(#35050));
#35070=SURFACE_STYLE_FILL_AREA(#35060);
#35080=SURFACE_SIDE_STYLE('',(#35070));
#35090=SURFACE_STYLE_USAGE(.BOTH.,#35080);
#35100=PRESENTATION_STYLE_ASSIGNMENT((#35090));
#35110=CARTESIAN_POINT('',(-78.3685543272962,36.7546907667286,0.));
#35120=DIRECTION('',(-0.999847811526321,0.017445738334233,0.));
#35130=DIRECTION('',(0.017445738334233,0.999847811526321,0.));
#35140=AXIS2_PLACEMENT_3D('',#35110,#35120,#35130);
#35150=PLANE('',#35140);
#35160=ORIENTED_EDGE('',*,*,#27000,.F.);
#35170=ORIENTED_EDGE('',*,*,#34760,.F.);
#35180=CARTESIAN_POINT('',(-78.1747858363195,47.8599244882287,-7.62));
#35190=DIRECTION('',(-0.017445738334233,-0.999847811526321,0.));
#35200=VECTOR('',#35190,1.);
#35210=LINE('',#35180,#35200);
#35220=CARTESIAN_POINT('',(-78.1747858363195,47.8599244882287,-7.62));
#35230=VERTEX_POINT('',#35220);
#35240=EDGE_CURVE('',#35230,#34690,#35210,.T.);
#35250=ORIENTED_EDGE('',*,*,#35240,.T.);
#35260=CARTESIAN_POINT('',(-78.1747858363195,47.8599244882287,0.));
#35270=DIRECTION('',(0.,0.,1.));
#35280=VECTOR('',#35270,1.);
#35290=LINE('',#35260,#35280);
#35300=EDGE_CURVE('',#35230,#26990,#35290,.T.);
#35310=ORIENTED_EDGE('',*,*,#35300,.F.);
#35320=EDGE_LOOP('',(#35310,#35250,#35170,#35160));
#35330=FACE_OUTER_BOUND('',#35320,.T.);
#35340=ADVANCED_FACE('',(#35330),#35150,.T.);
#35350=COLOUR_RGB('',0.501960813999176,1.,0.501960813999176);
#35360=FILL_AREA_STYLE_COLOUR('',#35350);
#35370=FILL_AREA_STYLE('',(#35360));
#35380=SURFACE_STYLE_FILL_AREA(#35370);
#35390=SURFACE_SIDE_STYLE('',(#35380));
#35400=SURFACE_STYLE_USAGE(.BOTH.,#35390);
#35410=PRESENTATION_STYLE_ASSIGNMENT((#35400));
#35420=CARTESIAN_POINT('',(-74.3696426382209,28.2546907667286,-4.63));
#35430=DIRECTION('',(1.,-0.,0.));
#35440=DIRECTION('',(0.,0.,-1.));
#35450=AXIS2_PLACEMENT_3D('',#35420,#35430,#35440);
#35460=PLANE('',#35450);
#35470=ORIENTED_EDGE('',*,*,#25780,.F.);
#35480=ORIENTED_EDGE('',*,*,#21680,.F.);
#35490=ORIENTED_EDGE('',*,*,#23810,.F.);
#35500=ORIENTED_EDGE('',*,*,#2910,.F.);
#35510=ORIENTED_EDGE('',*,*,#18990,.T.);
#35520=ORIENTED_EDGE('',*,*,#31170,.F.);
#35530=EDGE_LOOP('',(#35520,#35510,#35500,#35490,#35480,#35470));
#35540=FACE_OUTER_BOUND('',#35530,.T.);
#35550=ADVANCED_FACE('',(#35540),#35460,.T.);
#35560=COLOUR_RGB('',0.94901967048645,0.94901967048645,1.);
#35570=FILL_AREA_STYLE_COLOUR('',#35560);
#35580=FILL_AREA_STYLE('',(#35570));
#35590=SURFACE_STYLE_FILL_AREA(#35580);
#35600=SURFACE_SIDE_STYLE('',(#35590));
#35610=SURFACE_STYLE_USAGE(.BOTH.,#35600);
#35620=PRESENTATION_STYLE_ASSIGNMENT((#35610));
#35630=CARTESIAN_POINT('',(-72.1797433548481,47.8546907667284,-7.62));
#35640=DIRECTION('',(0.,0.,1.));
#35650=DIRECTION('',(1.,0.,0.));
#35660=AXIS2_PLACEMENT_3D('',#35630,#35640,#35650);
#35670=CIRCLE('',#35660,0.300000000000111);
#35680=CARTESIAN_POINT('',(-71.879743354848,47.8546907667284,-7.62));
#35690=VERTEX_POINT('',#35680);
#35700=CARTESIAN_POINT('',(-72.1797433548481,48.1546907667285,-7.62));
#35710=VERTEX_POINT('',#35700);
#35720=EDGE_CURVE('',#35690,#35710,#35670,.T.);
#35730=ORIENTED_EDGE('',*,*,#35720,.F.);
#35740=CARTESIAN_POINT('',(-77.6279002077152,48.1546907667285,-7.62));
#35750=DIRECTION('',(-1.,0.,0.));
#35760=VECTOR('',#35750,1.);
#35770=LINE('',#35740,#35760);
#35780=CARTESIAN_POINT('',(-77.8748314928617,48.1546907667285,-7.62));
#35790=VERTEX_POINT('',#35780);
#35800=EDGE_CURVE('',#35710,#35790,#35770,.T.);
#35810=ORIENTED_EDGE('',*,*,#35800,.F.);
#35820=CARTESIAN_POINT('',(-77.8748314928616,47.8546907667284,-7.62));
#35830=DIRECTION('',(0.,0.,1.));
#35840=DIRECTION('',(1.,0.,0.));
#35850=AXIS2_PLACEMENT_3D('',#35820,#35830,#35840);
#35860=CIRCLE('',#35850,0.300000000000011);
#35870=EDGE_CURVE('',#35790,#35230,#35860,.T.);
#35880=ORIENTED_EDGE('',*,*,#35870,.F.);
#35890=ORIENTED_EDGE('',*,*,#35240,.F.);
#35900=ORIENTED_EDGE('',*,*,#34700,.F.);
#35910=ORIENTED_EDGE('',*,*,#34170,.F.);
#35920=ORIENTED_EDGE('',*,*,#4580,.F.);
#35930=ORIENTED_EDGE('',*,*,#22600,.F.);
#35940=ORIENTED_EDGE('',*,*,#33310,.T.);
#35950=ORIENTED_EDGE('',*,*,#27490,.T.);
#35960=CARTESIAN_POINT('',(-66.3196426382195,37.8945830641752,-7.62));
#35970=DIRECTION('',(0.,0.,1.));
#35980=DIRECTION('',(1.,0.,0.));
#35990=AXIS2_PLACEMENT_3D('',#35960,#35970,#35980);
#36000=CIRCLE('',#35990,0.300000000000029);
#36010=EDGE_CURVE('',#27460,#22300,#36000,.T.);
#36020=ORIENTED_EDGE('',*,*,#36010,.F.);
#36030=ORIENTED_EDGE('',*,*,#22310,.F.);
#36040=ORIENTED_EDGE('',*,*,#33840,.F.);
#36050=CARTESIAN_POINT('',(-69.7247807912468,42.8363519916484,-7.62));
#36060=DIRECTION('',(0.642787609685202,-0.7660444431201,0.));
#36070=VECTOR('',#36060,1.);
#36080=LINE('',#36050,#36070);
#36090=EDGE_CURVE('',#33020,#33830,#36080,.T.);
#36100=ORIENTED_EDGE('',*,*,#36090,.T.);
#36110=ORIENTED_EDGE('',*,*,#33030,.F.);
#36120=CARTESIAN_POINT('',(-70.1696426382196,42.8546907667284,-7.62));
#36130=DIRECTION('',(0.766044443118975,0.642787609686543,0.));
#36140=VECTOR('',#36130,1.);
#36150=LINE('',#36120,#36140);
#36160=CARTESIAN_POINT('',(-70.1696426382196,42.8546907667284,-7.62));
#36170=VERTEX_POINT('',#36160);
#36180=EDGE_CURVE('',#36170,#32930,#36150,.T.);
#36190=ORIENTED_EDGE('',*,*,#36180,.T.);
#36200=CARTESIAN_POINT('',(-71.879743354848,47.5531538706581,-7.62));
#36210=DIRECTION('',(0.342020143325672,-0.939692620785907,0.));
#36220=VECTOR('',#36210,1.);
#36230=LINE('',#36200,#36220);
#36240=CARTESIAN_POINT('',(-71.879743354848,47.5531538706581,-7.62));
#36250=VERTEX_POINT('',#36240);
#36260=EDGE_CURVE('',#36250,#36170,#36230,.T.);
#36270=ORIENTED_EDGE('',*,*,#36260,.T.);
#36280=CARTESIAN_POINT('',(-71.879743354848,47.5531538706581,-7.62));
#36290=DIRECTION('',(0.,1.,0.));
#36300=VECTOR('',#36290,1.);
#36310=LINE('',#36280,#36300);
#36320=EDGE_CURVE('',#36250,#35690,#36310,.T.);
#36330=ORIENTED_EDGE('',*,*,#36320,.F.);
#36340=EDGE_LOOP('',(#36330,#36270,#36190,#36110,#36100,#36040,#36030,
#36020,#35950,#35940,#35930,#35920,#35910,#35900,#35890,#35880,#35810,
#35730));
#36350=FACE_OUTER_BOUND('',#36340,.T.);
#36360=ORIENTED_EDGE('',*,*,#7660,.T.);
#36370=ORIENTED_EDGE('',*,*,#7270,.F.);
#36380=ORIENTED_EDGE('',*,*,#5250,.T.);
#36390=ORIENTED_EDGE('',*,*,#6940,.F.);
#36400=ORIENTED_EDGE('',*,*,#6570,.T.);
#36410=ORIENTED_EDGE('',*,*,#6180,.F.);
#36420=ORIENTED_EDGE('',*,*,#5720,.T.);
#36430=ORIENTED_EDGE('',*,*,#8030,.F.);
#36440=EDGE_LOOP('',(#36430,#36420,#36410,#36400,#36390,#36380,#36370,
#36360));
#36450=FACE_BOUND('',#36440,.T.);
#36460=ADVANCED_FACE('',(#36350,#36450),#14010,.F.);
#36470=COLOUR_RGB('',0.501960813999176,1.,0.501960813999176);
#36480=FILL_AREA_STYLE_COLOUR('',#36470);
#36490=FILL_AREA_STYLE('',(#36480));
#36500=SURFACE_STYLE_FILL_AREA(#36490);
#36510=SURFACE_SIDE_STYLE('',(#36500));
#36520=SURFACE_STYLE_USAGE(.BOTH.,#36510);
#36530=PRESENTATION_STYLE_ASSIGNMENT((#36520));
#36540=CARTESIAN_POINT('',(-77.8748314928616,47.8546907667284,0.));
#36550=DIRECTION('',(0.,0.,1.));
#36560=DIRECTION('',(1.,0.,0.));
#36570=AXIS2_PLACEMENT_3D('',#36540,#36550,#36560);
#36580=CYLINDRICAL_SURFACE('',#36570,0.300000000000011);
#36590=ORIENTED_EDGE('',*,*,#35870,.T.);
#36600=CARTESIAN_POINT('',(-77.8748314928617,48.1546907667285,0.));
#36610=DIRECTION('',(0.,0.,-1.));
#36620=VECTOR('',#36610,1.);
#36630=LINE('',#36600,#36620);
#36640=EDGE_CURVE('',#27080,#35790,#36630,.T.);
#36650=ORIENTED_EDGE('',*,*,#36640,.T.);
#36660=ORIENTED_EDGE('',*,*,#27090,.F.);
#36670=ORIENTED_EDGE('',*,*,#35300,.T.);
#36680=EDGE_LOOP('',(#36670,#36660,#36650,#36590));
#36690=FACE_OUTER_BOUND('',#36680,.T.);
#36700=ADVANCED_FACE('',(#36690),#36580,.T.);
#36710=COLOUR_RGB('',0.501960813999176,1.,0.501960813999176);
#36720=FILL_AREA_STYLE_COLOUR('',#36710);
#36730=FILL_AREA_STYLE('',(#36720));
#36740=SURFACE_STYLE_FILL_AREA(#36730);
#36750=SURFACE_SIDE_STYLE('',(#36740));
#36760=SURFACE_STYLE_USAGE(.BOTH.,#36750);
#36770=PRESENTATION_STYLE_ASSIGNMENT((#36760));
#36780=CARTESIAN_POINT('',(-66.7845591237436,39.3323322563781,
-3.24933510755692));
#36790=DIRECTION('',(0.766044443118983,0.642787609686534,-0.));
#36800=DIRECTION('',(-0.642787609686534,0.766044443118983,0.));
#36810=AXIS2_PLACEMENT_3D('',#36780,#36790,#36800);
#36820=PLANE('',#36810);
#36830=ORIENTED_EDGE('',*,*,#29850,.F.);
#36840=ORIENTED_EDGE('',*,*,#23060,.F.);
#36850=ORIENTED_EDGE('',*,*,#25050,.F.);
#36860=ORIENTED_EDGE('',*,*,#20390,.T.);
#36870=EDGE_LOOP('',(#36860,#36850,#36840,#36830));
#36880=FACE_BOUND('',#36870,.T.);
#36890=CARTESIAN_POINT('',(-33.780813634075,0.,-3.03));
#36900=DIRECTION('',(0.642787609686534,-0.766044443118983,0.));
#36910=VECTOR('',#36900,1.);
#36920=LINE('',#36890,#36910);
#36930=EDGE_CURVE('',#23350,#30670,#36920,.T.);
#36940=ORIENTED_EDGE('',*,*,#36930,.F.);
#36950=ORIENTED_EDGE('',*,*,#30680,.T.);
#36960=ORIENTED_EDGE('',*,*,#29560,.F.);
#36970=ORIENTED_EDGE('',*,*,#23460,.F.);
#36980=EDGE_LOOP('',(#36970,#36960,#36950,#36940));
#36990=FACE_BOUND('',#36980,.T.);
#37000=ORIENTED_EDGE('',*,*,#36090,.F.);
#37010=ORIENTED_EDGE('',*,*,#33920,.F.);
#37020=ORIENTED_EDGE('',*,*,#26420,.T.);
#37030=ORIENTED_EDGE('',*,*,#33090,.F.);
#37040=EDGE_LOOP('',(#37030,#37020,#37010,#37000));
#37050=FACE_OUTER_BOUND('',#37040,.T.);
#37060=ADVANCED_FACE('',(#36880,#36990,#37050),#36820,.T.);
#37070=COLOUR_RGB('',0.501960813999176,1.,0.501960813999176);
#37080=FILL_AREA_STYLE_COLOUR('',#37070);
#37090=FILL_AREA_STYLE('',(#37080));
#37100=SURFACE_STYLE_FILL_AREA(#37090);
#37110=SURFACE_SIDE_STYLE('',(#37100));
#37120=SURFACE_STYLE_USAGE(.BOTH.,#37110);
#37130=PRESENTATION_STYLE_ASSIGNMENT((#37120));
#37140=CARTESIAN_POINT('',(-71.879743354848,47.5531538706581,0.));
#37150=DIRECTION('',(1.,0.,0.));
#37160=DIRECTION('',(0.,-1.,0.));
#37170=AXIS2_PLACEMENT_3D('',#37140,#37150,#37160);
#37180=PLANE('',#37170);
#37190=ORIENTED_EDGE('',*,*,#26090,.F.);
#37200=CARTESIAN_POINT('',(-71.879743354848,47.8546907667284,0.));
#37210=DIRECTION('',(0.,0.,1.));
#37220=VECTOR('',#37210,1.);
#37230=LINE('',#37200,#37220);
#37240=EDGE_CURVE('',#35690,#26080,#37230,.T.);
#37250=ORIENTED_EDGE('',*,*,#37240,.T.);
#37260=ORIENTED_EDGE('',*,*,#36320,.T.);
#37270=CARTESIAN_POINT('',(-71.879743354848,47.5531538706581,0.));
#37280=DIRECTION('',(0.,0.,1.));
#37290=VECTOR('',#37280,1.);
#37300=LINE('',#37270,#37290);
#37310=EDGE_CURVE('',#36250,#26060,#37300,.T.);
#37320=ORIENTED_EDGE('',*,*,#37310,.F.);
#37330=EDGE_LOOP('',(#37320,#37260,#37250,#37190));
#37340=FACE_OUTER_BOUND('',#37330,.T.);
#37350=ADVANCED_FACE('',(#37340),#37180,.T.);
#37360=COLOUR_RGB('',0.501960813999176,1.,0.501960813999176);
#37370=FILL_AREA_STYLE_COLOUR('',#37360);
#37380=FILL_AREA_STYLE('',(#37370));
#37390=SURFACE_STYLE_FILL_AREA(#37380);
#37400=SURFACE_SIDE_STYLE('',(#37390));
#37410=SURFACE_STYLE_USAGE(.BOTH.,#37400);
#37420=PRESENTATION_STYLE_ASSIGNMENT((#37410));
#37430=CARTESIAN_POINT('',(-70.1696426382196,42.8546907667284,0.));
#37440=DIRECTION('',(0.939692620785907,0.342020143325672,0.));
#37450=DIRECTION('',(0.342020143325672,-0.939692620785907,0.));
#37460=AXIS2_PLACEMENT_3D('',#37430,#37440,#37450);
#37470=PLANE('',#37460);
#37480=ORIENTED_EDGE('',*,*,#36260,.F.);
#37490=CARTESIAN_POINT('',(-70.1696426382196,42.8546907667284,0.));
#37500=DIRECTION('',(0.,0.,1.));
#37510=VECTOR('',#37500,1.);
#37520=LINE('',#37490,#37510);
#37530=EDGE_CURVE('',#36170,#26160,#37520,.T.);
#37540=ORIENTED_EDGE('',*,*,#37530,.F.);
#37550=ORIENTED_EDGE('',*,*,#26170,.T.);
#37560=ORIENTED_EDGE('',*,*,#37310,.T.);
#37570=EDGE_LOOP('',(#37560,#37550,#37540,#37480));
#37580=FACE_OUTER_BOUND('',#37570,.T.);
#37590=ADVANCED_FACE('',(#37580),#37470,.T.);
#37600=COLOUR_RGB('',0.501960813999176,1.,0.501960813999176);
#37610=FILL_AREA_STYLE_COLOUR('',#37600);
#37620=FILL_AREA_STYLE('',(#37610));
#37630=SURFACE_STYLE_FILL_AREA(#37620);
#37640=SURFACE_SIDE_STYLE('',(#37630));
#37650=SURFACE_STYLE_USAGE(.BOTH.,#37640);
#37660=PRESENTATION_STYLE_ASSIGNMENT((#37650));
#37670=CARTESIAN_POINT('',(-70.1474304070884,42.8733290416782,0.));
#37680=DIRECTION('',(-0.642787609686543,0.766044443118975,0.));
#37690=DIRECTION('',(0.766044443118975,0.642787609686543,0.));
#37700=AXIS2_PLACEMENT_3D('',#37670,#37680,#37690);
#37710=PLANE('',#37700);
#37720=ORIENTED_EDGE('',*,*,#36180,.F.);
#37730=ORIENTED_EDGE('',*,*,#32940,.T.);
#37740=ORIENTED_EDGE('',*,*,#26250,.T.);
#37750=ORIENTED_EDGE('',*,*,#37530,.T.);
#37760=EDGE_LOOP('',(#37750,#37740,#37730,#37720));
#37770=FACE_OUTER_BOUND('',#37760,.T.);
#37780=ADVANCED_FACE('',(#37770),#37710,.T.);
#37790=COLOUR_RGB('',0.501960813999176,1.,0.501960813999176);
#37800=FILL_AREA_STYLE_COLOUR('',#37790);
#37810=FILL_AREA_STYLE('',(#37800));
#37820=SURFACE_STYLE_FILL_AREA(#37810);
#37830=SURFACE_SIDE_STYLE('',(#37820));
#37840=SURFACE_STYLE_USAGE(.BOTH.,#37830);
#37850=PRESENTATION_STYLE_ASSIGNMENT((#37840));
#37860=CARTESIAN_POINT('',(-66.3196426382195,37.8945830641752,0.));
#37870=DIRECTION('',(0.,0.,1.));
#37880=DIRECTION('',(1.,0.,0.));
#37890=AXIS2_PLACEMENT_3D('',#37860,#37870,#37880);
#37900=CYLINDRICAL_SURFACE('',#37890,0.300000000000029);
#37910=ORIENTED_EDGE('',*,*,#36010,.T.);
#37920=ORIENTED_EDGE('',*,*,#27620,.T.);
#37930=ORIENTED_EDGE('',*,*,#26590,.F.);
#37940=ORIENTED_EDGE('',*,*,#22370,.T.);
#37950=EDGE_LOOP('',(#37940,#37930,#37920,#37910));
#37960=FACE_OUTER_BOUND('',#37950,.T.);
#37970=ADVANCED_FACE('',(#37960),#37900,.T.);
#37980=COLOUR_RGB('',0.501960813999176,1.,0.501960813999176);
#37990=FILL_AREA_STYLE_COLOUR('',#37980);
#38000=FILL_AREA_STYLE('',(#37990));
#38010=SURFACE_STYLE_FILL_AREA(#38000);
#38020=SURFACE_SIDE_STYLE('',(#38010));
#38030=SURFACE_STYLE_USAGE(.BOTH.,#38020);
#38040=PRESENTATION_STYLE_ASSIGNMENT((#38030));
#38050=CARTESIAN_POINT('',(-66.4774092765345,38.9662853225018,-3.03));
#38060=DIRECTION('',(0.,-0.,1.));
#38070=DIRECTION('',(0.766044443118993,0.642787609686522,0.));
#38080=AXIS2_PLACEMENT_3D('',#38050,#38060,#38070);
#38090=PLANE('',#38080);
#38100=ORIENTED_EDGE('',*,*,#30760,.F.);
#38110=ORIENTED_EDGE('',*,*,#36930,.T.);
#38120=ORIENTED_EDGE('',*,*,#23380,.F.);
#38130=CARTESIAN_POINT('',(-35.6090235367975,0.,-3.03));
#38140=DIRECTION('',(0.642787609686522,-0.766044443118993,0.));
#38150=VECTOR('',#38140,1.);
#38160=LINE('',#38130,#38150);
#38170=EDGE_CURVE('',#23370,#30750,#38160,.T.);
#38180=ORIENTED_EDGE('',*,*,#38170,.F.);
#38190=EDGE_LOOP('',(#38180,#38120,#38110,#38100));
#38200=FACE_OUTER_BOUND('',#38190,.T.);
#38210=ADVANCED_FACE('',(#38200),#38090,.F.);
#38220=COLOUR_RGB('',0.501960813999176,1.,0.501960813999176);
#38230=FILL_AREA_STYLE_COLOUR('',#38220);
#38240=FILL_AREA_STYLE('',(#38230));
#38250=SURFACE_STYLE_FILL_AREA(#38240);
#38260=SURFACE_SIDE_STYLE('',(#38250));
#38270=SURFACE_STYLE_USAGE(.BOTH.,#38260);
#38280=PRESENTATION_STYLE_ASSIGNMENT((#38270));
#38290=CARTESIAN_POINT('',(-66.3709693455267,38.8394351523278,-3.03));
#38300=DIRECTION('',(0.622892352606863,-0.742334199018699,
-0.246870520781955));
#38310=DIRECTION('',(0.158685311955503,-0.189113790614906,
0.969048474519643));
#38320=AXIS2_PLACEMENT_3D('',#38290,#38300,#38310);
#38330=PLANE('',#38320);
#38340=CARTESIAN_POINT('',(0.,81.737765927531,35.4398472507033));
#38350=DIRECTION('',(-0.75655926528349,-0.491315646424862,
-0.431540280497459));
#38360=VECTOR('',#38350,1.);
#38370=LINE('',#38340,#38360);
#38380=EDGE_CURVE('',#30750,#30070,#38370,.T.);
#38390=ORIENTED_EDGE('',*,*,#38380,.F.);
#38400=ORIENTED_EDGE('',*,*,#30100,.F.);
#38410=ORIENTED_EDGE('',*,*,#30820,.F.);
#38420=EDGE_LOOP('',(#38410,#38400,#38390));
#38430=FACE_OUTER_BOUND('',#38420,.T.);
#38440=ADVANCED_FACE('',(#38430),#38330,.F.);
#38450=COLOUR_RGB('',0.501960813999176,1.,0.501960813999176);
#38460=FILL_AREA_STYLE_COLOUR('',#38450);
#38470=FILL_AREA_STYLE('',(#38460));
#38480=SURFACE_STYLE_FILL_AREA(#38470);
#38490=SURFACE_SIDE_STYLE('',(#38480));
#38500=SURFACE_STYLE_USAGE(.BOTH.,#38490);
#38510=PRESENTATION_STYLE_ASSIGNMENT((#38500));
#38520=CARTESIAN_POINT('',(-75.5383837222668,46.4433659013232,
0.668741084047205));
#38530=DIRECTION('',(0.,1.,0.));
#38540=DIRECTION('',(0.707106781186547,0.,-0.707106781186548));
#38550=AXIS2_PLACEMENT_3D('',#38520,#38530,#38540);
#38560=PLANE('',#38550);
#38570=CARTESIAN_POINT('',(-74.8696426382209,46.4433659013232,0.));
#38580=DIRECTION('',(0.,-1.,0.));
#38590=DIRECTION('',(1.,0.,0.));
#38600=AXIS2_PLACEMENT_3D('',#38570,#38580,#38590);
#38610=CIRCLE('',#38600,0.7);
#38620=CARTESIAN_POINT('',(-74.6884693066481,46.4433659013232,
0.676148078402064));
#38630=VERTEX_POINT('',#38620);
#38640=EDGE_CURVE('',#38630,#3680,#38610,.T.);
#38650=ORIENTED_EDGE('',*,*,#38640,.T.);
#38660=CARTESIAN_POINT('',(-73.7966187470105,46.4433659013232,
1.56799863803975));
#38670=VERTEX_POINT('',#38660);
#38680=EDGE_CURVE('',#38670,#38630,#3740,.T.);
#38690=ORIENTED_EDGE('',*,*,#38680,.T.);
#38700=CARTESIAN_POINT('',(-74.8696426382196,46.4433659013232,0.));
#38710=DIRECTION('',(0.,1.,0.));
#38720=DIRECTION('',(-1.,0.,0.));
#38730=AXIS2_PLACEMENT_3D('',#38700,#38710,#38720);
#38740=CIRCLE('',#38730,1.9);
#38750=CARTESIAN_POINT('',(-76.7696426382196,46.4433659013232,0.));
#38760=VERTEX_POINT('',#38750);
#38770=EDGE_CURVE('',#38760,#38670,#38740,.T.);
#38780=ORIENTED_EDGE('',*,*,#38770,.T.);
#38790=EDGE_CURVE('',#3760,#38760,#38740,.T.);
#38800=ORIENTED_EDGE('',*,*,#38790,.T.);
#38810=ORIENTED_EDGE('',*,*,#3770,.T.);
#38820=EDGE_LOOP('',(#38810,#38800,#38780,#38690,#38650));
#38830=FACE_OUTER_BOUND('',#38820,.T.);
#38840=ADVANCED_FACE('',(#38830),#38560,.T.);
#38850=COLOUR_RGB('',0.94901967048645,0.94901967048645,1.);
#38860=FILL_AREA_STYLE_COLOUR('',#38850);
#38870=FILL_AREA_STYLE('',(#38860));
#38880=SURFACE_STYLE_FILL_AREA(#38870);
#38890=SURFACE_SIDE_STYLE('',(#38880));
#38900=SURFACE_STYLE_USAGE(.BOTH.,#38890);
#38910=PRESENTATION_STYLE_ASSIGNMENT((#38900));
#38920=CARTESIAN_POINT('',(-74.6221552648043,45.4433659013232,
-0.247487373415318));
#38930=DIRECTION('',(-0.707106781186547,0.,0.707106781186548));
#38940=DIRECTION('',(0.,1.,0.));
#38950=AXIS2_PLACEMENT_3D('',#38920,#38930,#38940);
#38960=PLANE('',#38950);
#38970=CARTESIAN_POINT('',(-127.966313878952,46.4433659013232,
-53.5916459875626));
#38980=DIRECTION('',(0.707106781186548,0.,0.707106781186547));
#38990=VECTOR('',#38980,1.);
#39000=LINE('',#38970,#38990);
#39010=CARTESIAN_POINT('',(-75.9426665294287,46.4433659013232,
-1.56799863803974));
#39020=VERTEX_POINT('',#39010);
#39030=CARTESIAN_POINT('',(-75.0508159697916,46.4433659013232,
-0.676148078402636));
#39040=VERTEX_POINT('',#39030);
#39050=EDGE_CURVE('',#39020,#39040,#39000,.T.);
#39060=ORIENTED_EDGE('',*,*,#39050,.F.);
#39070=CARTESIAN_POINT('',(-75.0508159697916,58.1546907667285,
-0.676148078402636));
#39080=DIRECTION('',(0.,-1.,0.));
#39090=VECTOR('',#39080,1.);
#39100=LINE('',#39070,#39090);
#39110=EDGE_CURVE('',#39040,#3190,#39100,.T.);
#39120=ORIENTED_EDGE('',*,*,#39110,.F.);
#39130=ORIENTED_EDGE('',*,*,#3220,.F.);
#39140=CARTESIAN_POINT('',(-75.9426665294287,44.987308870613,
-1.56799863803974));
#39150=DIRECTION('',(0.,1.,0.));
#39160=VECTOR('',#39150,1.);
#39170=LINE('',#39140,#39160);
#39180=EDGE_CURVE('',#3210,#39020,#39170,.T.);
#39190=ORIENTED_EDGE('',*,*,#39180,.F.);
#39200=EDGE_LOOP('',(#39190,#39130,#39120,#39060));
#39210=FACE_OUTER_BOUND('',#39200,.T.);
#39220=ADVANCED_FACE('',(#39210),#38960,.T.);
#39230=COLOUR_RGB('',0.94901967048645,0.94901967048645,1.);
#39240=FILL_AREA_STYLE_COLOUR('',#39230);
#39250=FILL_AREA_STYLE('',(#39240));
#39260=SURFACE_STYLE_FILL_AREA(#39250);
#39270=SURFACE_SIDE_STYLE('',(#39260));
#39280=SURFACE_STYLE_USAGE(.BOTH.,#39270);
#39290=PRESENTATION_STYLE_ASSIGNMENT((#39280));
#39300=CARTESIAN_POINT('',(-68.5833611172451,37.1991819096845,-3.68));
#39310=DIRECTION('',(-0.33259505071329,-0.279080384384898,
0.900829990227125));
#39320=DIRECTION('',(-0.690075808208426,-0.579042356152026,
-0.43417200359696));
#39330=AXIS2_PLACEMENT_3D('',#39300,#39310,#39320);
#39340=PLANE('',#39330);
#39350=ORIENTED_EDGE('',*,*,#28240,.T.);
#39360=CARTESIAN_POINT('',(-37.3695412967334,0.,-3.68));
#39370=DIRECTION('',(-0.642787609686525,0.76604444311899,0.));
#39380=VECTOR('',#39370,1.);
#39390=LINE('',#39360,#39380);
#39400=EDGE_CURVE('',#30070,#28150,#39390,.T.);
#39410=ORIENTED_EDGE('',*,*,#39400,.T.);
#39420=ORIENTED_EDGE('',*,*,#38380,.T.);
#39430=ORIENTED_EDGE('',*,*,#38170,.T.);
#39440=EDGE_LOOP('',(#39430,#39420,#39410,#39350));
#39450=FACE_OUTER_BOUND('',#39440,.T.);
#39460=ADVANCED_FACE('',(#39450),#39340,.F.);
#39470=COLOUR_RGB('',0.501960813999176,1.,0.501960813999176);
#39480=FILL_AREA_STYLE_COLOUR('',#39470);
#39490=FILL_AREA_STYLE('',(#39480));
#39500=SURFACE_STYLE_FILL_AREA(#39490);
#39510=SURFACE_SIDE_STYLE('',(#39500));
#39520=SURFACE_STYLE_USAGE(.BOTH.,#39510);
#39530=PRESENTATION_STYLE_ASSIGNMENT((#39520));
#39540=CARTESIAN_POINT('',(-74.8696426382196,46.4433659013232,0.));
#39550=DIRECTION('',(0.,1.,0.));
#39560=DIRECTION('',(-1.,0.,0.));
#39570=AXIS2_PLACEMENT_3D('',#39540,#39550,#39560);
#39580=CIRCLE('',#39570,1.9);
#39590=CARTESIAN_POINT('',(-73.3016440001799,46.4433659013232,
1.07302389120911));
#39600=VERTEX_POINT('',#39590);
#39610=CARTESIAN_POINT('',(-72.9696426382196,46.4433659013232,
2.32682891837997E-16));
#39620=VERTEX_POINT('',#39610);
#39630=EDGE_CURVE('',#39600,#39620,#39580,.T.);
#39640=ORIENTED_EDGE('',*,*,#39630,.T.);
#39650=CARTESIAN_POINT('',(-74.1934945598183,46.4433659013232,
0.181173331570687));
#39660=VERTEX_POINT('',#39650);
#39670=EDGE_CURVE('',#39660,#39600,#39000,.T.);
#39680=ORIENTED_EDGE('',*,*,#39670,.T.);
#39690=CARTESIAN_POINT('',(-74.8696426382209,46.4433659013232,0.));
#39700=DIRECTION('',(0.,-1.,0.));
#39710=DIRECTION('',(1.,0.,0.));
#39720=AXIS2_PLACEMENT_3D('',#39690,#39700,#39710);
#39730=CIRCLE('',#39720,0.7);
#39740=EDGE_CURVE('',#39040,#39660,#39730,.T.);
#39750=ORIENTED_EDGE('',*,*,#39740,.T.);
#39760=ORIENTED_EDGE('',*,*,#39050,.T.);
#39770=EDGE_CURVE('',#39620,#39020,#39580,.T.);
#39780=ORIENTED_EDGE('',*,*,#39770,.T.);
#39790=EDGE_LOOP('',(#39780,#39760,#39750,#39680,#39640));
#39800=FACE_OUTER_BOUND('',#39790,.T.);
#39810=ADVANCED_FACE('',(#39800),#38560,.T.);
#39820=COLOUR_RGB('',0.94901967048645,0.94901967048645,1.);
#39830=FILL_AREA_STYLE_COLOUR('',#39820);
#39840=FILL_AREA_STYLE('',(#39830));
#39850=SURFACE_STYLE_FILL_AREA(#39840);
#39860=SURFACE_SIDE_STYLE('',(#39850));
#39870=SURFACE_STYLE_USAGE(.BOTH.,#39860);
#39880=PRESENTATION_STYLE_ASSIGNMENT((#39870));
#39890=CARTESIAN_POINT('',(-69.0196253720325,37.7191014026479,
-4.59210330085544));
#39900=DIRECTION('',(0.76604444311899,0.642787609686525,
-5.05151476204449E-15));
#39910=DIRECTION('',(-0.642787609686525,0.76604444311899,
2.28769662514093E-29));
#39920=AXIS2_PLACEMENT_3D('',#39890,#39900,#39910);
#39930=PLANE('',#39920);
#39940=ORIENTED_EDGE('',*,*,#28940,.F.);
#39950=ORIENTED_EDGE('',*,*,#30160,.F.);
#39960=ORIENTED_EDGE('',*,*,#39400,.F.);
#39970=ORIENTED_EDGE('',*,*,#28180,.F.);
#39980=EDGE_LOOP('',(#39970,#39960,#39950,#39940));
#39990=FACE_OUTER_BOUND('',#39980,.T.);
#40000=ADVANCED_FACE('',(#39990),#39930,.T.);
#40010=COLOUR_RGB('',0.501960813999176,1.,0.501960813999176);
#40020=FILL_AREA_STYLE_COLOUR('',#40010);
#40030=FILL_AREA_STYLE('',(#40020));
#40040=SURFACE_STYLE_FILL_AREA(#40030);
#40050=SURFACE_SIDE_STYLE('',(#40040));
#40060=SURFACE_STYLE_USAGE(.BOTH.,#40050);
#40070=PRESENTATION_STYLE_ASSIGNMENT((#40060));
#40080=CARTESIAN_POINT('',(-74.8696426382196,44.987308870613,0.));
#40090=DIRECTION('',(0.,1.,0.));
#40100=DIRECTION('',(-1.,0.,0.));
#40110=AXIS2_PLACEMENT_3D('',#40080,#40090,#40100);
#40120=CYLINDRICAL_SURFACE('',#40110,1.9);
#40130=CARTESIAN_POINT('',(-72.9696426382196,44.987308870613,
2.32682891837997E-16));
#40140=DIRECTION('',(0.,1.,0.));
#40150=VECTOR('',#40140,1.);
#40160=LINE('',#40130,#40150);
#40170=CARTESIAN_POINT('',(-72.9696426382196,45.1433659013233,
2.32682891837997E-16));
#40180=VERTEX_POINT('',#40170);
#40190=EDGE_CURVE('',#40180,#39620,#40160,.T.);
#40200=ORIENTED_EDGE('',*,*,#40190,.F.);
#40210=ORIENTED_EDGE('',*,*,#39770,.F.);
#40220=ORIENTED_EDGE('',*,*,#39180,.T.);
#40230=ORIENTED_EDGE('',*,*,#3460,.F.);
#40240=ORIENTED_EDGE('',*,*,#3830,.F.);
#40250=ORIENTED_EDGE('',*,*,#38790,.F.);
#40260=CARTESIAN_POINT('',(-76.7696426382196,44.987308870613,0.));
#40270=DIRECTION('',(0.,1.,0.));
#40280=VECTOR('',#40270,1.);
#40290=LINE('',#40260,#40280);
#40300=CARTESIAN_POINT('',(-76.7696426382196,45.1433659013233,0.));
#40310=VERTEX_POINT('',#40300);
#40320=EDGE_CURVE('',#40310,#38760,#40290,.T.);
#40330=ORIENTED_EDGE('',*,*,#40320,.T.);
#40340=CARTESIAN_POINT('',(-74.8696426382196,45.1433659013233,0.));
#40350=DIRECTION('',(0.,1.,0.));
#40360=DIRECTION('',(-1.,0.,0.));
#40370=AXIS2_PLACEMENT_3D('',#40340,#40350,#40360);
#40380=CIRCLE('',#40370,1.9);
#40390=EDGE_CURVE('',#40180,#40310,#40380,.T.);
#40400=ORIENTED_EDGE('',*,*,#40390,.T.);
#40410=EDGE_LOOP('',(#40400,#40330,#40250,#40240,#40230,#40220,#40210,
#40200));
#40420=FACE_OUTER_BOUND('',#40410,.T.);
#40430=ADVANCED_FACE('',(#40420),#40120,.T.);
#40440=COLOUR_RGB('',0.94901967048645,0.94901967048645,1.);
#40450=FILL_AREA_STYLE_COLOUR('',#40440);
#40460=FILL_AREA_STYLE('',(#40450));
#40470=SURFACE_STYLE_FILL_AREA(#40460);
#40480=SURFACE_SIDE_STYLE('',(#40470));
#40490=SURFACE_STYLE_USAGE(.BOTH.,#40480);
#40500=PRESENTATION_STYLE_ASSIGNMENT((#40490));
#40510=CARTESIAN_POINT('',(-72.1797433548481,47.8546907667284,0.));
#40520=DIRECTION('',(0.,0.,1.));
#40530=DIRECTION('',(1.,0.,0.));
#40540=AXIS2_PLACEMENT_3D('',#40510,#40520,#40530);
#40550=CYLINDRICAL_SURFACE('',#40540,0.300000000000111);
#40560=ORIENTED_EDGE('',*,*,#27240,.F.);
#40570=CARTESIAN_POINT('',(-72.1797433548481,48.1546907667285,0.));
#40580=DIRECTION('',(0.,0.,1.));
#40590=VECTOR('',#40580,1.);
#40600=LINE('',#40570,#40590);
#40610=EDGE_CURVE('',#35710,#27160,#40600,.T.);
#40620=ORIENTED_EDGE('',*,*,#40610,.T.);
#40630=ORIENTED_EDGE('',*,*,#35720,.T.);
#40640=ORIENTED_EDGE('',*,*,#37240,.F.);
#40650=EDGE_LOOP('',(#40640,#40630,#40620,#40560));
#40660=FACE_OUTER_BOUND('',#40650,.T.);
#40670=ADVANCED_FACE('',(#40660),#40550,.T.);
#40680=COLOUR_RGB('',0.501960813999176,1.,0.501960813999176);
#40690=FILL_AREA_STYLE_COLOUR('',#40680);
#40700=FILL_AREA_STYLE('',(#40690));
#40710=SURFACE_STYLE_FILL_AREA(#40700);
#40720=SURFACE_SIDE_STYLE('',(#40710));
#40730=SURFACE_STYLE_USAGE(.BOTH.,#40720);
#40740=PRESENTATION_STYLE_ASSIGNMENT((#40730));
#40750=CARTESIAN_POINT('',(-75.8696426382196,45.1433659013233,0.));
#40760=DIRECTION('',(-0.,1.,0.));
#40770=DIRECTION('',(1.,0.,0.));
#40780=AXIS2_PLACEMENT_3D('',#40750,#40760,#40770);
#40790=PLANE('',#40780);
#40800=EDGE_CURVE('',#40310,#40180,#40380,.T.);
#40810=ORIENTED_EDGE('',*,*,#40800,.F.);
#40820=ORIENTED_EDGE('',*,*,#40390,.F.);
#40830=EDGE_LOOP('',(#40820,#40810));
#40840=FACE_BOUND('',#40830,.T.);
#40850=CARTESIAN_POINT('',(-74.8696426382196,45.1433659013233,0.));
#40860=DIRECTION('',(0.,1.,0.));
#40870=DIRECTION('',(-1.,0.,0.));
#40880=AXIS2_PLACEMENT_3D('',#40850,#40860,#40870);
#40890=CIRCLE('',#40880,2.);
#40900=CARTESIAN_POINT('',(-72.8696426382196,45.1433659013233,
-2.44929359829471E-16));
#40910=VERTEX_POINT('',#40900);
#40920=CARTESIAN_POINT('',(-76.8696426382196,45.1433659013233,0.));
#40930=VERTEX_POINT('',#40920);
#40940=EDGE_CURVE('',#40910,#40930,#40890,.T.);
#40950=ORIENTED_EDGE('',*,*,#40940,.T.);
#40960=EDGE_CURVE('',#40930,#40910,#40890,.T.);
#40970=ORIENTED_EDGE('',*,*,#40960,.T.);
#40980=EDGE_LOOP('',(#40970,#40950));
#40990=FACE_OUTER_BOUND('',#40980,.T.);
#41000=ADVANCED_FACE('',(#40840,#40990),#40790,.T.);
#41010=COLOUR_RGB('',0.501960813999176,1.,0.501960813999176);
#41020=FILL_AREA_STYLE_COLOUR('',#41010);
#41030=FILL_AREA_STYLE('',(#41020));
#41040=SURFACE_STYLE_FILL_AREA(#41030);
#41050=SURFACE_SIDE_STYLE('',(#41040));
#41060=SURFACE_STYLE_USAGE(.BOTH.,#41050);
#41070=PRESENTATION_STYLE_ASSIGNMENT((#41060));
#41080=CARTESIAN_POINT('',(-77.6279002077152,48.1546907667285,0.));
#41090=DIRECTION('',(-0.,1.,0.));
#41100=DIRECTION('',(1.,0.,0.));
#41110=AXIS2_PLACEMENT_3D('',#41080,#41090,#41100);
#41120=PLANE('',#41110);
#41130=CARTESIAN_POINT('',(-74.8696426382196,48.1546907667285,0.));
#41140=DIRECTION('',(0.,-1.,0.));
#41150=DIRECTION('',(-1.,0.,0.));
#41160=AXIS2_PLACEMENT_3D('',#41130,#41140,#41150);
#41170=CIRCLE('',#41160,2.);
#41180=CARTESIAN_POINT('',(-72.8696426382196,48.1546907667285,
-2.44929359829471E-16));
#41190=VERTEX_POINT('',#41180);
#41200=CARTESIAN_POINT('',(-76.8696426382196,48.1546907667285,0.));
#41210=VERTEX_POINT('',#41200);
#41220=EDGE_CURVE('',#41190,#41210,#41170,.T.);
#41230=ORIENTED_EDGE('',*,*,#41220,.T.);
#41240=EDGE_CURVE('',#41210,#41190,#41170,.T.);
#41250=ORIENTED_EDGE('',*,*,#41240,.T.);
#41260=EDGE_LOOP('',(#41250,#41230));
#41270=FACE_BOUND('',#41260,.T.);
#41280=CARTESIAN_POINT('',(-77.1696426382196,48.1546907667285,
-2.99825756949557));
#41290=VERTEX_POINT('',#41280);
#41300=EDGE_CURVE('',#32390,#41290,#32460,.T.);
#41310=ORIENTED_EDGE('',*,*,#41300,.F.);
#41320=CARTESIAN_POINT('',(-77.6279002077152,48.1546907667285,-2.54));
#41330=VERTEX_POINT('',#41320);
#41340=EDGE_CURVE('',#41290,#41330,#32460,.T.);
#41350=ORIENTED_EDGE('',*,*,#41340,.F.);
#41360=EDGE_CURVE('',#41330,#32300,#32460,.T.);
#41370=ORIENTED_EDGE('',*,*,#41360,.F.);
#41380=ORIENTED_EDGE('',*,*,#32470,.F.);
#41390=EDGE_LOOP('',(#41380,#41370,#41350,#41310));
#41400=FACE_BOUND('',#41390,.T.);
#41410=EDGE_CURVE('',#110,#300,#370,.T.);
#41420=ORIENTED_EDGE('',*,*,#41410,.T.);
#41430=ORIENTED_EDGE('',*,*,#380,.T.);
#41440=EDGE_LOOP('',(#41430,#41420));
#41450=FACE_BOUND('',#41440,.T.);
#41460=ORIENTED_EDGE('',*,*,#35800,.T.);
#41470=ORIENTED_EDGE('',*,*,#40610,.F.);
#41480=ORIENTED_EDGE('',*,*,#27170,.F.);
#41490=ORIENTED_EDGE('',*,*,#36640,.F.);
#41500=EDGE_LOOP('',(#41490,#41480,#41470,#41460));
#41510=FACE_OUTER_BOUND('',#41500,.T.);
#41520=ADVANCED_FACE('',(#41270,#41400,#41450,#41510),#41120,.T.);
#41530=COLOUR_RGB('',0.501960813999176,1.,0.501960813999176);
#41540=FILL_AREA_STYLE_COLOUR('',#41530);
#41550=FILL_AREA_STYLE('',(#41540));
#41560=SURFACE_STYLE_FILL_AREA(#41550);
#41570=SURFACE_SIDE_STYLE('',(#41560));
#41580=SURFACE_STYLE_USAGE(.BOTH.,#41570);
#41590=PRESENTATION_STYLE_ASSIGNMENT((#41580));
#41600=CARTESIAN_POINT('',(-74.8696426382196,46.6490283340259,0.));
#41610=DIRECTION('',(0.,-1.,0.));
#41620=DIRECTION('',(-1.,0.,0.));
#41630=AXIS2_PLACEMENT_3D('',#41600,#41610,#41620);
#41640=CYLINDRICAL_SURFACE('',#41630,2.);
#41650=CARTESIAN_POINT('',(-72.8696426382196,46.6490283340259,
-2.44929359829471E-16));
#41660=DIRECTION('',(0.,-1.,0.));
#41670=VECTOR('',#41660,1.);
#41680=LINE('',#41650,#41670);
#41690=EDGE_CURVE('',#41190,#40910,#41680,.T.);
#41700=ORIENTED_EDGE('',*,*,#41690,.T.);
#41710=ORIENTED_EDGE('',*,*,#41220,.F.);
#41720=CARTESIAN_POINT('',(-76.8696426382196,46.6490283340259,0.));
#41730=DIRECTION('',(0.,-1.,0.));
#41740=VECTOR('',#41730,1.);
#41750=LINE('',#41720,#41740);
#41760=EDGE_CURVE('',#41210,#40930,#41750,.T.);
#41770=ORIENTED_EDGE('',*,*,#41760,.F.);
#41780=ORIENTED_EDGE('',*,*,#40960,.F.);
#41790=EDGE_LOOP('',(#41780,#41770,#41710,#41700));
#41800=FACE_OUTER_BOUND('',#41790,.T.);
#41810=ADVANCED_FACE('',(#41800),#41640,.F.);
#41820=COLOUR_RGB('',0.501960813999176,1.,0.501960813999176);
#41830=FILL_AREA_STYLE_COLOUR('',#41820);
#41840=FILL_AREA_STYLE('',(#41830));
#41850=SURFACE_STYLE_FILL_AREA(#41840);
#41860=SURFACE_SIDE_STYLE('',(#41850));
#41870=SURFACE_STYLE_USAGE(.BOTH.,#41860);
#41880=PRESENTATION_STYLE_ASSIGNMENT((#41870));
#41890=EDGE_CURVE('',#2390,#2000,#2060,.T.);
#41900=ORIENTED_EDGE('',*,*,#41890,.T.);
#41910=ORIENTED_EDGE('',*,*,#2400,.T.);
#41920=EDGE_CURVE('',#2310,#31360,#2270,.T.);
#41930=ORIENTED_EDGE('',*,*,#41920,.F.);
#41940=CARTESIAN_POINT('',(-75.545790716623,58.1546907667285,
-5.26117333157282));
#41950=DIRECTION('',(0.,-1.,0.));
#41960=VECTOR('',#41950,1.);
#41970=LINE('',#41940,#41960);
#41980=EDGE_CURVE('',#31360,#2000,#41970,.T.);
#41990=ORIENTED_EDGE('',*,*,#41980,.F.);
#42000=EDGE_LOOP('',(#41990,#41930,#41910,#41900));
#42010=FACE_OUTER_BOUND('',#42000,.T.);
#42020=ADVANCED_FACE('',(#42010),#2230,.T.);
#42030=COLOUR_RGB('',0.94901967048645,0.94901967048645,1.);
#42040=FILL_AREA_STYLE_COLOUR('',#42030);
#42050=FILL_AREA_STYLE('',(#42040));
#42060=SURFACE_STYLE_FILL_AREA(#42050);
#42070=SURFACE_SIDE_STYLE('',(#42060));
#42080=SURFACE_STYLE_USAGE(.BOTH.,#42070);
#42090=PRESENTATION_STYLE_ASSIGNMENT((#42080));
#42100=ORIENTED_EDGE('',*,*,#31370,.F.);
#42110=ORIENTED_EDGE('',*,*,#1440,.T.);
#42120=ORIENTED_EDGE('',*,*,#2070,.T.);
#42130=ORIENTED_EDGE('',*,*,#41980,.T.);
#42140=EDGE_LOOP('',(#42130,#42120,#42110,#42100));
#42150=FACE_OUTER_BOUND('',#42140,.T.);
#42160=ADVANCED_FACE('',(#42150),#2230,.T.);
#42170=COLOUR_RGB('',0.94901967048645,0.94901967048645,1.);
#42180=FILL_AREA_STYLE_COLOUR('',#42170);
#42190=FILL_AREA_STYLE('',(#42180));
#42200=SURFACE_STYLE_FILL_AREA(#42190);
#42210=SURFACE_SIDE_STYLE('',(#42200));
#42220=SURFACE_STYLE_USAGE(.BOTH.,#42210);
#42230=PRESENTATION_STYLE_ASSIGNMENT((#42220));
#42240=EDGE_CURVE('',#39040,#39660,#39000,.T.);
#42250=ORIENTED_EDGE('',*,*,#42240,.T.);
#42260=ORIENTED_EDGE('',*,*,#39740,.F.);
#42270=EDGE_LOOP('',(#42260,#42250));
#42280=FACE_OUTER_BOUND('',#42270,.T.);
#42290=ADVANCED_FACE('',(#42280),#38560,.T.);
#42300=COLOUR_RGB('',0.94901967048645,0.94901967048645,1.);
#42310=FILL_AREA_STYLE_COLOUR('',#42300);
#42320=FILL_AREA_STYLE('',(#42310));
#42330=SURFACE_STYLE_FILL_AREA(#42320);
#42340=SURFACE_SIDE_STYLE('',(#42330));
#42350=SURFACE_STYLE_USAGE(.BOTH.,#42340);
#42360=PRESENTATION_STYLE_ASSIGNMENT((#42350));
#42370=CARTESIAN_POINT('',(-74.1934945598181,45.4433659013232,
-4.89882666843002));
#42380=VERTEX_POINT('',#42370);
#42390=EDGE_CURVE('',#42380,#1910,#1890,.T.);
#42400=ORIENTED_EDGE('',*,*,#42390,.F.);
#42410=ORIENTED_EDGE('',*,*,#31770,.T.);
#42420=EDGE_CURVE('',#31700,#31960,#31680,.T.);
#42430=ORIENTED_EDGE('',*,*,#42420,.F.);
#42440=CARTESIAN_POINT('',(-74.1934945598183,58.1546907667285,
-4.89882666842931));
#42450=DIRECTION('',(0.,-1.,0.));
#42460=VECTOR('',#42450,1.);
#42470=LINE('',#42440,#42460);
#42480=EDGE_CURVE('',#31960,#42380,#42470,.T.);
#42490=ORIENTED_EDGE('',*,*,#42480,.F.);
#42500=EDGE_LOOP('',(#42490,#42430,#42410,#42400));
#42510=FACE_OUTER_BOUND('',#42500,.T.);
#42520=ADVANCED_FACE('',(#42510),#31630,.T.);
#42530=COLOUR_RGB('',0.94901967048645,0.94901967048645,1.);
#42540=FILL_AREA_STYLE_COLOUR('',#42530);
#42550=FILL_AREA_STYLE('',(#42540));
#42560=SURFACE_STYLE_FILL_AREA(#42550);
#42570=SURFACE_SIDE_STYLE('',(#42560));
#42580=SURFACE_STYLE_USAGE(.BOTH.,#42570);
#42590=PRESENTATION_STYLE_ASSIGNMENT((#42580));
#42600=ORIENTED_EDGE('',*,*,#32050,.F.);
#42610=CARTESIAN_POINT('',(-73.3016440001799,44.987308870613,
-4.00697610879089));
#42620=DIRECTION('',(0.,1.,0.));
#42630=VECTOR('',#42620,1.);
#42640=LINE('',#42610,#42630);
#42650=CARTESIAN_POINT('',(-73.3016440001799,45.4433659013232,
-4.00697610879092));
#42660=VERTEX_POINT('',#42650);
#42670=EDGE_CURVE('',#42660,#32020,#42640,.T.);
#42680=ORIENTED_EDGE('',*,*,#42670,.T.);
#42690=EDGE_CURVE('',#42660,#42380,#1890,.T.);
#42700=ORIENTED_EDGE('',*,*,#42690,.F.);
#42710=ORIENTED_EDGE('',*,*,#42480,.T.);
#42720=EDGE_LOOP('',(#42710,#42700,#42680,#42600));
#42730=FACE_OUTER_BOUND('',#42720,.T.);
#42740=ADVANCED_FACE('',(#42730),#31630,.T.);
#42750=COLOUR_RGB('',0.94901967048645,0.94901967048645,1.);
#42760=FILL_AREA_STYLE_COLOUR('',#42750);
#42770=FILL_AREA_STYLE('',(#42760));
#42780=SURFACE_STYLE_FILL_AREA(#42770);
#42790=SURFACE_SIDE_STYLE('',(#42780));
#42800=SURFACE_STYLE_USAGE(.BOTH.,#42790);
#42810=PRESENTATION_STYLE_ASSIGNMENT((#42800));
#42820=ORIENTED_EDGE('',*,*,#42420,.T.);
#42830=ORIENTED_EDGE('',*,*,#31970,.F.);
#42840=EDGE_LOOP('',(#42830,#42820));
#42850=FACE_OUTER_BOUND('',#42840,.T.);
#42860=ADVANCED_FACE('',(#42850),#31330,.T.);
#42870=COLOUR_RGB('',0.94901967048645,0.94901967048645,1.);
#42880=FILL_AREA_STYLE_COLOUR('',#42870);
#42890=FILL_AREA_STYLE('',(#42880));
#42900=SURFACE_STYLE_FILL_AREA(#42890);
#42910=SURFACE_SIDE_STYLE('',(#42900));
#42920=SURFACE_STYLE_USAGE(.BOTH.,#42910);
#42930=PRESENTATION_STYLE_ASSIGNMENT((#42920));
#42940=ORIENTED_EDGE('',*,*,#42240,.F.);
#42950=CARTESIAN_POINT('',(-74.1934945598183,58.1546907667285,
0.181173331570687));
#42960=DIRECTION('',(0.,-1.,0.));
#42970=VECTOR('',#42960,1.);
#42980=LINE('',#42950,#42970);
#42990=CARTESIAN_POINT('',(-74.1934945598181,45.4433659013232,
0.181173331569974));
#43000=VERTEX_POINT('',#42990);
#43010=EDGE_CURVE('',#39660,#43000,#42980,.T.);
#43020=ORIENTED_EDGE('',*,*,#43010,.F.);
#43030=EDGE_CURVE('',#43000,#3190,#3170,.T.);
#43040=ORIENTED_EDGE('',*,*,#43030,.F.);
#43050=ORIENTED_EDGE('',*,*,#39110,.T.);
#43060=EDGE_LOOP('',(#43050,#43040,#43020,#42940));
#43070=FACE_OUTER_BOUND('',#43060,.T.);
#43080=ADVANCED_FACE('',(#43070),#38960,.T.);
#43090=COLOUR_RGB('',0.94901967048645,0.94901967048645,1.);
#43100=FILL_AREA_STYLE_COLOUR('',#43090);
#43110=FILL_AREA_STYLE('',(#43100));
#43120=SURFACE_STYLE_FILL_AREA(#43110);
#43130=SURFACE_SIDE_STYLE('',(#43120));
#43140=SURFACE_STYLE_USAGE(.BOTH.,#43130);
#43150=PRESENTATION_STYLE_ASSIGNMENT((#43140));
#43160=ORIENTED_EDGE('',*,*,#39670,.F.);
#43170=CARTESIAN_POINT('',(-73.3016440001799,44.987308870613,
1.07302389120911));
#43180=DIRECTION('',(0.,1.,0.));
#43190=VECTOR('',#43180,1.);
#43200=LINE('',#43170,#43190);
#43210=CARTESIAN_POINT('',(-73.3016440001799,45.4433659013232,
1.07302389120908));
#43220=VERTEX_POINT('',#43210);
#43230=EDGE_CURVE('',#43220,#39600,#43200,.T.);
#43240=ORIENTED_EDGE('',*,*,#43230,.T.);
#43250=EDGE_CURVE('',#43220,#43000,#3170,.T.);
#43260=ORIENTED_EDGE('',*,*,#43250,.F.);
#43270=ORIENTED_EDGE('',*,*,#43010,.T.);
#43280=EDGE_LOOP('',(#43270,#43260,#43240,#43160));
#43290=FACE_OUTER_BOUND('',#43280,.T.);
#43300=ADVANCED_FACE('',(#43290),#38960,.T.);
#43310=COLOUR_RGB('',0.94901967048645,0.94901967048645,1.);
#43320=FILL_AREA_STYLE_COLOUR('',#43310);
#43330=FILL_AREA_STYLE('',(#43320));
#43340=SURFACE_STYLE_FILL_AREA(#43330);
#43350=SURFACE_SIDE_STYLE('',(#43340));
#43360=SURFACE_STYLE_USAGE(.BOTH.,#43350);
#43370=PRESENTATION_STYLE_ASSIGNMENT((#43360));
#43380=ORIENTED_EDGE('',*,*,#42390,.T.);
#43390=EDGE_CURVE('',#42380,#2390,#1980,.T.);
#43400=ORIENTED_EDGE('',*,*,#43390,.F.);
#43410=ORIENTED_EDGE('',*,*,#41890,.F.);
#43420=ORIENTED_EDGE('',*,*,#2010,.F.);
#43430=EDGE_LOOP('',(#43420,#43410,#43400,#43380));
#43440=FACE_OUTER_BOUND('',#43430,.T.);
#43450=ADVANCED_FACE('',(#43440),#1840,.T.);
#43460=COLOUR_RGB('',0.94901967048645,0.94901967048645,1.);
#43470=FILL_AREA_STYLE_COLOUR('',#43460);
#43480=FILL_AREA_STYLE('',(#43470));
#43490=SURFACE_STYLE_FILL_AREA(#43480);
#43500=SURFACE_SIDE_STYLE('',(#43490));
#43510=SURFACE_STYLE_USAGE(.BOTH.,#43500);
#43520=PRESENTATION_STYLE_ASSIGNMENT((#43510));
#43530=ORIENTED_EDGE('',*,*,#42690,.T.);
#43540=CARTESIAN_POINT('',(-74.8696426382196,45.4433659013232,-5.08));
#43550=DIRECTION('',(0.,1.,0.));
#43560=DIRECTION('',(-1.,0.,0.));
#43570=AXIS2_PLACEMENT_3D('',#43540,#43550,#43560);
#43580=CIRCLE('',#43570,1.9);
#43590=EDGE_CURVE('',#2430,#42660,#43580,.T.);
#43600=ORIENTED_EDGE('',*,*,#43590,.T.);
#43610=ORIENTED_EDGE('',*,*,#2440,.F.);
#43620=ORIENTED_EDGE('',*,*,#43390,.T.);
#43630=EDGE_LOOP('',(#43620,#43610,#43600,#43530));
#43640=FACE_OUTER_BOUND('',#43630,.T.);
#43650=ADVANCED_FACE('',(#43640),#1840,.T.);
#43660=COLOUR_RGB('',0.94901967048645,0.94901967048645,1.);
#43670=FILL_AREA_STYLE_COLOUR('',#43660);
#43680=FILL_AREA_STYLE('',(#43670));
#43690=SURFACE_STYLE_FILL_AREA(#43680);
#43700=SURFACE_SIDE_STYLE('',(#43690));
#43710=SURFACE_STYLE_USAGE(.BOTH.,#43700);
#43720=PRESENTATION_STYLE_ASSIGNMENT((#43710));
#43730=CARTESIAN_POINT('',(-74.688469306649,45.4433659013232,
0.6761480784023));
#43740=VERTEX_POINT('',#43730);
#43750=EDGE_CURVE('',#43740,#3300,#3360,.T.);
#43760=ORIENTED_EDGE('',*,*,#43750,.F.);
#43770=ORIENTED_EDGE('',*,*,#3310,.F.);
#43780=ORIENTED_EDGE('',*,*,#43030,.T.);
#43790=EDGE_CURVE('',#43000,#43740,#3280,.T.);
#43800=ORIENTED_EDGE('',*,*,#43790,.F.);
#43810=EDGE_LOOP('',(#43800,#43780,#43770,#43760));
#43820=FACE_OUTER_BOUND('',#43810,.T.);
#43830=ADVANCED_FACE('',(#43820),#3130,.T.);
#43840=COLOUR_RGB('',0.94901967048645,0.94901967048645,1.);
#43850=FILL_AREA_STYLE_COLOUR('',#43840);
#43860=FILL_AREA_STYLE('',(#43850));
#43870=SURFACE_STYLE_FILL_AREA(#43860);
#43880=SURFACE_SIDE_STYLE('',(#43870));
#43890=SURFACE_STYLE_USAGE(.BOTH.,#43880);
#43900=PRESENTATION_STYLE_ASSIGNMENT((#43890));
#43910=ORIENTED_EDGE('',*,*,#43250,.T.);
#43920=CARTESIAN_POINT('',(-74.8696426382196,45.4433659013232,0.));
#43930=DIRECTION('',(0.,1.,0.));
#43940=DIRECTION('',(-1.,0.,0.));
#43950=AXIS2_PLACEMENT_3D('',#43920,#43930,#43940);
#43960=CIRCLE('',#43950,1.9);
#43970=CARTESIAN_POINT('',(-73.7966187470105,45.4433659013232,
1.56799863803971));
#43980=VERTEX_POINT('',#43970);
#43990=EDGE_CURVE('',#43980,#43220,#43960,.T.);
#44000=ORIENTED_EDGE('',*,*,#43990,.T.);
#44010=EDGE_CURVE('',#43980,#43740,#3360,.T.);
#44020=ORIENTED_EDGE('',*,*,#44010,.F.);
#44030=ORIENTED_EDGE('',*,*,#43790,.T.);
#44040=EDGE_LOOP('',(#44030,#44020,#44000,#43910));
#44050=FACE_OUTER_BOUND('',#44040,.T.);
#44060=ADVANCED_FACE('',(#44050),#3130,.T.);
#44070=COLOUR_RGB('',0.94901967048645,0.94901967048645,1.);
#44080=FILL_AREA_STYLE_COLOUR('',#44070);
#44090=FILL_AREA_STYLE('',(#44080));
#44100=SURFACE_STYLE_FILL_AREA(#44090);
#44110=SURFACE_SIDE_STYLE('',(#44100));
#44120=SURFACE_STYLE_USAGE(.BOTH.,#44110);
#44130=PRESENTATION_STYLE_ASSIGNMENT((#44120));
#44140=EDGE_CURVE('',#38630,#3680,#3740,.T.);
#44150=ORIENTED_EDGE('',*,*,#44140,.F.);
#44160=ORIENTED_EDGE('',*,*,#3690,.F.);
#44170=ORIENTED_EDGE('',*,*,#43750,.T.);
#44180=CARTESIAN_POINT('',(-74.6884693066481,58.1546907667285,
0.676148078402064));
#44190=DIRECTION('',(0.,-1.,0.));
#44200=VECTOR('',#44190,1.);
#44210=LINE('',#44180,#44200);
#44220=EDGE_CURVE('',#38630,#43740,#44210,.T.);
#44230=ORIENTED_EDGE('',*,*,#44220,.T.);
#44240=EDGE_LOOP('',(#44230,#44170,#44160,#44150));
#44250=FACE_OUTER_BOUND('',#44240,.T.);
#44260=ADVANCED_FACE('',(#44250),#3620,.T.);
#44270=COLOUR_RGB('',0.94901967048645,0.94901967048645,1.);
#44280=FILL_AREA_STYLE_COLOUR('',#44270);
#44290=FILL_AREA_STYLE('',(#44280));
#44300=SURFACE_STYLE_FILL_AREA(#44290);
#44310=SURFACE_SIDE_STYLE('',(#44300));
#44320=SURFACE_STYLE_USAGE(.BOTH.,#44310);
#44330=PRESENTATION_STYLE_ASSIGNMENT((#44320));
#44340=ORIENTED_EDGE('',*,*,#44010,.T.);
#44350=CARTESIAN_POINT('',(-73.7966187470105,44.987308870613,
1.56799863803971));
#44360=DIRECTION('',(0.,1.,0.));
#44370=VECTOR('',#44360,1.);
#44380=LINE('',#44350,#44370);
#44390=EDGE_CURVE('',#43980,#38670,#44380,.T.);
#44400=ORIENTED_EDGE('',*,*,#44390,.F.);
#44410=ORIENTED_EDGE('',*,*,#38680,.F.);
#44420=ORIENTED_EDGE('',*,*,#44220,.F.);
#44430=EDGE_LOOP('',(#44420,#44410,#44400,#44340));
#44440=FACE_OUTER_BOUND('',#44430,.T.);
#44450=ADVANCED_FACE('',(#44440),#3620,.T.);
#44460=COLOUR_RGB('',0.94901967048645,0.94901967048645,1.);
#44470=FILL_AREA_STYLE_COLOUR('',#44460);
#44480=FILL_AREA_STYLE('',(#44470));
#44490=SURFACE_STYLE_FILL_AREA(#44480);
#44500=SURFACE_SIDE_STYLE('',(#44490));
#44510=SURFACE_STYLE_USAGE(.BOTH.,#44500);
#44520=PRESENTATION_STYLE_ASSIGNMENT((#44510));
#44530=ORIENTED_EDGE('',*,*,#41920,.T.);
#44540=ORIENTED_EDGE('',*,*,#31440,.F.);
#44550=EDGE_LOOP('',(#44540,#44530));
#44560=FACE_OUTER_BOUND('',#44550,.T.);
#44570=ADVANCED_FACE('',(#44560),#31330,.T.);
#44580=COLOUR_RGB('',0.94901967048645,0.94901967048645,1.);
#44590=FILL_AREA_STYLE_COLOUR('',#44580);
#44600=FILL_AREA_STYLE('',(#44590));
#44610=SURFACE_STYLE_FILL_AREA(#44600);
#44620=SURFACE_SIDE_STYLE('',(#44610));
#44630=SURFACE_STYLE_USAGE(.BOTH.,#44620);
#44640=PRESENTATION_STYLE_ASSIGNMENT((#44630));
#44650=ORIENTED_EDGE('',*,*,#44140,.T.);
#44660=ORIENTED_EDGE('',*,*,#38640,.F.);
#44670=EDGE_LOOP('',(#44660,#44650));
#44680=FACE_OUTER_BOUND('',#44670,.T.);
#44690=ADVANCED_FACE('',(#44680),#38560,.T.);
#44700=COLOUR_RGB('',0.94901967048645,0.94901967048645,1.);
#44710=FILL_AREA_STYLE_COLOUR('',#44700);
#44720=FILL_AREA_STYLE('',(#44710));
#44730=SURFACE_STYLE_FILL_AREA(#44720);
#44740=SURFACE_SIDE_STYLE('',(#44730));
#44750=SURFACE_STYLE_USAGE(.BOTH.,#44740);
#44760=PRESENTATION_STYLE_ASSIGNMENT((#44750));
#44770=ORIENTED_EDGE('',*,*,#41360,.T.);
#44780=CARTESIAN_POINT('',(-77.1696426382196,47.9546907667284,-2.54));
#44790=DIRECTION('',(0.,0.,-1.));
#44800=DIRECTION('',(1.,-0.,0.));
#44810=AXIS2_PLACEMENT_3D('',#44780,#44790,#44800);
#44820=CIRCLE('',#44810,0.49999999999999);
#44830=EDGE_CURVE('',#41330,#32280,#44820,.T.);
#44840=ORIENTED_EDGE('',*,*,#44830,.F.);
#44850=ORIENTED_EDGE('',*,*,#32310,.F.);
#44860=EDGE_LOOP('',(#44850,#44840,#44770));
#44870=FACE_OUTER_BOUND('',#44860,.T.);
#44880=ADVANCED_FACE('',(#44870),#32210,.T.);
#44890=COLOUR_RGB('',0.501960813999176,1.,0.501960813999176);
#44900=FILL_AREA_STYLE_COLOUR('',#44890);
#44910=FILL_AREA_STYLE('',(#44900));
#44920=SURFACE_STYLE_FILL_AREA(#44910);
#44930=SURFACE_SIDE_STYLE('',(#44920));
#44940=SURFACE_STYLE_USAGE(.BOTH.,#44930);
#44950=PRESENTATION_STYLE_ASSIGNMENT((#44940));
#44960=ORIENTED_EDGE('',*,*,#18200,.T.);
#44970=ORIENTED_EDGE('',*,*,#14840,.F.);
#44980=ORIENTED_EDGE('',*,*,#10250,.F.);
#44990=ORIENTED_EDGE('',*,*,#17980,.F.);
#45000=EDGE_LOOP('',(#44990,#44980,#44970,#44960));
#45010=FACE_OUTER_BOUND('',#45000,.T.);
#45020=ADVANCED_FACE('',(#45010),#17840,.F.);
#45030=COLOUR_RGB('',0.501960813999176,1.,0.501960813999176);
#45040=FILL_AREA_STYLE_COLOUR('',#45030);
#45050=FILL_AREA_STYLE('',(#45040));
#45060=SURFACE_STYLE_FILL_AREA(#45050);
#45070=SURFACE_SIDE_STYLE('',(#45060));
#45080=SURFACE_STYLE_USAGE(.BOTH.,#45070);
#45090=PRESENTATION_STYLE_ASSIGNMENT((#45080));
#45100=ORIENTED_EDGE('',*,*,#10530,.T.);
#45110=ORIENTED_EDGE('',*,*,#18470,.F.);
#45120=ORIENTED_EDGE('',*,*,#18750,.F.);
#45130=ORIENTED_EDGE('',*,*,#18560,.T.);
#45140=EDGE_LOOP('',(#45130,#45120,#45110,#45100));
#45150=FACE_OUTER_BOUND('',#45140,.T.);
#45160=ADVANCED_FACE('',(#45150),#18400,.T.);
#45170=COLOUR_RGB('',0.501960813999176,1.,0.501960813999176);
#45180=FILL_AREA_STYLE_COLOUR('',#45170);
#45190=FILL_AREA_STYLE('',(#45180));
#45200=SURFACE_STYLE_FILL_AREA(#45190);
#45210=SURFACE_SIDE_STYLE('',(#45200));
#45220=SURFACE_STYLE_USAGE(.BOTH.,#45210);
#45230=PRESENTATION_STYLE_ASSIGNMENT((#45220));
#45240=ORIENTED_EDGE('',*,*,#32690,.F.);
#45250=ORIENTED_EDGE('',*,*,#140,.T.);
#45260=ORIENTED_EDGE('',*,*,#41410,.F.);
#45270=ORIENTED_EDGE('',*,*,#310,.F.);
#45280=EDGE_LOOP('',(#45270,#45260,#45250,#45240));
#45290=FACE_OUTER_BOUND('',#45280,.T.);
#45300=ADVANCED_FACE('',(#45290),#50,.F.);
#45310=COLOUR_RGB('',0.501960813999176,1.,0.501960813999176);
#45320=FILL_AREA_STYLE_COLOUR('',#45310);
#45330=FILL_AREA_STYLE('',(#45320));
#45340=SURFACE_STYLE_FILL_AREA(#45330);
#45350=SURFACE_SIDE_STYLE('',(#45340));
#45360=SURFACE_STYLE_USAGE(.BOTH.,#45350);
#45370=PRESENTATION_STYLE_ASSIGNMENT((#45360));
#45380=ORIENTED_EDGE('',*,*,#14020,.T.);
#45390=ORIENTED_EDGE('',*,*,#11650,.F.);
#45400=ORIENTED_EDGE('',*,*,#8480,.F.);
#45410=ORIENTED_EDGE('',*,*,#10870,.F.);
#45420=EDGE_LOOP('',(#45410,#45400,#45390,#45380));
#45430=FACE_OUTER_BOUND('',#45420,.T.);
#45440=ADVANCED_FACE('',(#45430),#10710,.F.);
#45450=COLOUR_RGB('',0.501960813999176,1.,0.501960813999176);
#45460=FILL_AREA_STYLE_COLOUR('',#45450);
#45470=FILL_AREA_STYLE('',(#45460));
#45480=SURFACE_STYLE_FILL_AREA(#45470);
#45490=SURFACE_SIDE_STYLE('',(#45480));
#45500=SURFACE_STYLE_USAGE(.BOTH.,#45490);
#45510=PRESENTATION_STYLE_ASSIGNMENT((#45500));
#45520=ORIENTED_EDGE('',*,*,#38770,.F.);
#45530=ORIENTED_EDGE('',*,*,#44390,.T.);
#45540=ORIENTED_EDGE('',*,*,#43990,.F.);
#45550=ORIENTED_EDGE('',*,*,#43230,.F.);
#45560=ORIENTED_EDGE('',*,*,#39630,.F.);
#45570=ORIENTED_EDGE('',*,*,#40190,.T.);
#45580=ORIENTED_EDGE('',*,*,#40800,.T.);
#45590=ORIENTED_EDGE('',*,*,#40320,.F.);
#45600=EDGE_LOOP('',(#45590,#45580,#45570,#45560,#45550,#45540,#45530,
#45520));
#45610=FACE_OUTER_BOUND('',#45600,.T.);
#45620=ADVANCED_FACE('',(#45610),#40120,.T.);
#45630=COLOUR_RGB('',0.94901967048645,0.94901967048645,1.);
#45640=FILL_AREA_STYLE_COLOUR('',#45630);
#45650=FILL_AREA_STYLE('',(#45640));
#45660=SURFACE_STYLE_FILL_AREA(#45650);
#45670=SURFACE_SIDE_STYLE('',(#45660));
#45680=SURFACE_STYLE_USAGE(.BOTH.,#45670);
#45690=PRESENTATION_STYLE_ASSIGNMENT((#45680));
#45700=ORIENTED_EDGE('',*,*,#14090,.F.);
#45710=ORIENTED_EDGE('',*,*,#13290,.F.);
#45720=ORIENTED_EDGE('',*,*,#8950,.T.);
#45730=ORIENTED_EDGE('',*,*,#12890,.F.);
#45740=EDGE_LOOP('',(#45730,#45720,#45710,#45700));
#45750=FACE_OUTER_BOUND('',#45740,.T.);
#45760=ADVANCED_FACE('',(#45750),#12750,.T.);
#45770=COLOUR_RGB('',0.501960813999176,1.,0.501960813999176);
#45780=FILL_AREA_STYLE_COLOUR('',#45770);
#45790=FILL_AREA_STYLE('',(#45780));
#45800=SURFACE_STYLE_FILL_AREA(#45790);
#45810=SURFACE_SIDE_STYLE('',(#45800));
#45820=SURFACE_STYLE_USAGE(.BOTH.,#45810);
#45830=PRESENTATION_STYLE_ASSIGNMENT((#45820));
#45840=ORIENTED_EDGE('',*,*,#31000,.F.);
#45850=ORIENTED_EDGE('',*,*,#25300,.T.);
#45860=ORIENTED_EDGE('',*,*,#4980,.T.);
#45870=ORIENTED_EDGE('',*,*,#25450,.F.);
#45880=EDGE_LOOP('',(#45870,#45860,#45850,#45840));
#45890=FACE_OUTER_BOUND('',#45880,.T.);
#45900=ADVANCED_FACE('',(#45890),#25230,.T.);
#45910=COLOUR_RGB('',0.94901967048645,0.94901967048645,1.);
#45920=FILL_AREA_STYLE_COLOUR('',#45910);
#45930=FILL_AREA_STYLE('',(#45920));
#45940=SURFACE_STYLE_FILL_AREA(#45930);
#45950=SURFACE_SIDE_STYLE('',(#45940));
#45960=SURFACE_STYLE_USAGE(.BOTH.,#45950);
#45970=PRESENTATION_STYLE_ASSIGNMENT((#45960));
#45980=ORIENTED_EDGE('',*,*,#41690,.F.);
#45990=ORIENTED_EDGE('',*,*,#40940,.F.);
#46000=ORIENTED_EDGE('',*,*,#41760,.T.);
#46010=ORIENTED_EDGE('',*,*,#41240,.F.);
#46020=EDGE_LOOP('',(#46010,#46000,#45990,#45980));
#46030=FACE_OUTER_BOUND('',#46020,.T.);
#46040=ADVANCED_FACE('',(#46030),#41640,.F.);
#46050=COLOUR_RGB('',0.501960813999176,1.,0.501960813999176);
#46060=FILL_AREA_STYLE_COLOUR('',#46050);
#46070=FILL_AREA_STYLE('',(#46060));
#46080=SURFACE_STYLE_FILL_AREA(#46070);
#46090=SURFACE_SIDE_STYLE('',(#46080));
#46100=SURFACE_STYLE_USAGE(.BOTH.,#46090);
#46110=PRESENTATION_STYLE_ASSIGNMENT((#46100));
#46120=ORIENTED_EDGE('',*,*,#32640,.T.);
#46130=ORIENTED_EDGE('',*,*,#1610,.F.);
#46140=ORIENTED_EDGE('',*,*,#31470,.F.);
#46150=ORIENTED_EDGE('',*,*,#2500,.T.);
#46160=ORIENTED_EDGE('',*,*,#43590,.F.);
#46170=ORIENTED_EDGE('',*,*,#42670,.F.);
#46180=ORIENTED_EDGE('',*,*,#32030,.F.);
#46190=ORIENTED_EDGE('',*,*,#1100,.T.);
#46200=EDGE_LOOP('',(#46190,#46180,#46170,#46160,#46150,#46140,#46130,
#46120));
#46210=FACE_OUTER_BOUND('',#46200,.T.);
#46220=ADVANCED_FACE('',(#46210),#1010,.T.);
#46230=COLOUR_RGB('',0.94901967048645,0.94901967048645,1.);
#46240=FILL_AREA_STYLE_COLOUR('',#46230);
#46250=FILL_AREA_STYLE('',(#46240));
#46260=SURFACE_STYLE_FILL_AREA(#46250);
#46270=SURFACE_SIDE_STYLE('',(#46260));
#46280=SURFACE_STYLE_USAGE(.BOTH.,#46270);
#46290=PRESENTATION_STYLE_ASSIGNMENT((#46280));
#46300=ORIENTED_EDGE('',*,*,#4840,.T.);
#46310=ORIENTED_EDGE('',*,*,#4260,.F.);
#46320=ORIENTED_EDGE('',*,*,#34400,.F.);
#46330=ORIENTED_EDGE('',*,*,#4090,.T.);
#46340=EDGE_LOOP('',(#46330,#46320,#46310,#46300));
#46350=FACE_OUTER_BOUND('',#46340,.T.);
#46360=ADVANCED_FACE('',(#46350),#4000,.T.);
#46370=COLOUR_RGB('',0.94901967048645,0.94901967048645,1.);
#46380=FILL_AREA_STYLE_COLOUR('',#46370);
#46390=FILL_AREA_STYLE('',(#46380));
#46400=SURFACE_STYLE_FILL_AREA(#46390);
#46410=SURFACE_SIDE_STYLE('',(#46400));
#46420=SURFACE_STYLE_USAGE(.BOTH.,#46410);
#46430=PRESENTATION_STYLE_ASSIGNMENT((#46420));
#46440=EDGE_CURVE('',#41290,#32280,#32260,.T.);
#46450=ORIENTED_EDGE('',*,*,#46440,.T.);
#46460=ORIENTED_EDGE('',*,*,#41300,.T.);
#46470=ORIENTED_EDGE('',*,*,#32400,.T.);
#46480=EDGE_LOOP('',(#46470,#46460,#46450));
#46490=FACE_OUTER_BOUND('',#46480,.T.);
#46500=ADVANCED_FACE('',(#46490),#32210,.T.);
#46510=COLOUR_RGB('',0.501960813999176,1.,0.501960813999176);
#46520=FILL_AREA_STYLE_COLOUR('',#46510);
#46530=FILL_AREA_STYLE('',(#46520));
#46540=SURFACE_STYLE_FILL_AREA(#46530);
#46550=SURFACE_SIDE_STYLE('',(#46540));
#46560=SURFACE_STYLE_USAGE(.BOTH.,#46550);
#46570=PRESENTATION_STYLE_ASSIGNMENT((#46560));
#46580=ORIENTED_EDGE('',*,*,#41340,.T.);
#46590=ORIENTED_EDGE('',*,*,#46440,.F.);
#46600=ORIENTED_EDGE('',*,*,#44830,.T.);
#46610=EDGE_LOOP('',(#46600,#46590,#46580));
#46620=FACE_OUTER_BOUND('',#46610,.T.);
#46630=ADVANCED_FACE('',(#46620),#32210,.T.);
#46640=COLOUR_RGB('',0.501960813999176,1.,0.501960813999176);
#46650=FILL_AREA_STYLE_COLOUR('',#46640);
#46660=FILL_AREA_STYLE('',(#46650));
#46670=SURFACE_STYLE_FILL_AREA(#46660);
#46680=SURFACE_SIDE_STYLE('',(#46670));
#46690=SURFACE_STYLE_USAGE(.BOTH.,#46680);
#46700=PRESENTATION_STYLE_ASSIGNMENT((#46690));
#46710=CLOSED_SHELL('',(#420,#890,#1720,#2110,#2540,#3010,#3500,#3880,
#4370,#5040,#5510,#5980,#6380,#6760,#7070,#7470,#7850,#8160,#10590,
#10980,#11300,#11690,#12000,#12320,#12630,#12950,#13330,#13650,#13890,
#14180,#14560,#14880,#15200,#15510,#15830,#16140,#16460,#16770,#17090,
#17400,#17720,#18040,#18280,#18670,#18800,#19180,#19650,#20100,#20620,
#21090,#21470,#21940,#22410,#22790,#23170,#23640,#23930,#24310,#24490,
#24870,#25110,#25500,#25880,#27280,#27660,#27970,#28350,#28590,#29050,
#29290,#29600,#29890,#30270,#30470,#30870,#31210,#31510,#31820,#32090,
#32510,#32740,#33130,#33380,#33640,#33960,#34270,#34510,#34820,#35030,
#35340,#35550,#36460,#36700,#37060,#37350,#37590,#37780,#37970,#38210,
#38440,#38840,#39220,#39460,#39810,#40000,#40430,#40670,#41000,#41520,
#41810,#42020,#42160,#42290,#42520,#42740,#42860,#43080,#43300,#43450,
#43650,#43830,#44060,#44260,#44450,#44570,#44690,#44880,#45020,#45160,
#45300,#45440,#45620,#45760,#45900,#46040,#46220,#46360,#46500,#46630));
#46720=MANIFOLD_SOLID_BREP('',#46710);
#46730=CARTESIAN_POINT('',(0.,0.,0.));
#46740=DIRECTION('',(0.,0.,1.));
#46750=DIRECTION('',(1.,0.,0.));
#46760=AXIS2_PLACEMENT_3D('',#46730,#46740,#46750);
#46770=APPLICATION_CONTEXT(' ');
#46780=APPLICATION_PROTOCOL_DEFINITION(' ','automotive_design',1998,
#46770);
#46790=PRODUCT_CONTEXT('',#46770,'mechanical');
#46800=PRODUCT_DEFINITION_CONTEXT('part definition',#46770,'design');
#46810=PRODUCT('smkds_2.5-2-5.08','smkds_2.5-2-5.08','',(#46790));
#46820=PRODUCT_RELATED_PRODUCT_CATEGORY('part',' ',(#46810));
#46830=PRODUCT_DEFINITION_FORMATION_WITH_SPECIFIED_SOURCE('','',#46810,
.BOUGHT.);
#46840=PRODUCT_DEFINITION('',' ',#46830,#46800);
#46850=PRODUCT_DEFINITION_SHAPE('','',#46840);
#46860=DIMENSIONAL_EXPONENTS(1.,0.,0.,0.,0.,0.,0.);
#46870=DIMENSIONAL_EXPONENTS(0.,0.,0.,0.,0.,0.,0.);
#46880=DIMENSIONAL_EXPONENTS(0.,0.,0.,0.,0.,0.,0.);
#46890=(LENGTH_UNIT() NAMED_UNIT(*) SI_UNIT(.MILLI.,.METRE.));
#46900=(NAMED_UNIT(*) PLANE_ANGLE_UNIT() SI_UNIT($,.RADIAN.));
#46910=(NAMED_UNIT(*) SI_UNIT($,.STERADIAN.) SOLID_ANGLE_UNIT());
#46920=(GEOMETRIC_REPRESENTATION_CONTEXT(3) 
GLOBAL_UNCERTAINTY_ASSIGNED_CONTEXT((#46930)) 
GLOBAL_UNIT_ASSIGNED_CONTEXT((#46890,#46900,#46910)) 
REPRESENTATION_CONTEXT('',''));
#46930=UNCERTAINTY_MEASURE_WITH_UNIT(LENGTH_MEASURE(1.E-6),#46890,
'distance_accuracy_value','maximum gap value');
#46940=ADVANCED_BREP_SHAPE_REPRESENTATION('',(#46760,#46720),#46920);
#46950=SHAPE_DEFINITION_REPRESENTATION(#46850,#46940);
#46960=COLOUR_RGB('',0.600000023841858,0.600000023841858,
0.600000023841858);
#46970=FILL_AREA_STYLE_COLOUR('',#46960);
#46980=FILL_AREA_STYLE('',(#46970));
#46990=SURFACE_STYLE_FILL_AREA(#46980);
#47000=SURFACE_SIDE_STYLE('',(#46990));
#47010=SURFACE_STYLE_USAGE(.BOTH.,#47000);
#47020=PRESENTATION_STYLE_ASSIGNMENT((#47010));
#47030=STYLED_ITEM('',(#47020),#46720);
#47040=OVER_RIDING_STYLED_ITEM('',(#490),#420,#47030);
#47050=OVER_RIDING_STYLED_ITEM('',(#960),#890,#47030);
#47060=OVER_RIDING_STYLED_ITEM('',(#1790),#1720,#47030);
#47070=OVER_RIDING_STYLED_ITEM('',(#2180),#2110,#47030);
#47080=OVER_RIDING_STYLED_ITEM('',(#2610),#2540,#47030);
#47090=OVER_RIDING_STYLED_ITEM('',(#3080),#3010,#47030);
#47100=OVER_RIDING_STYLED_ITEM('',(#3570),#3500,#47030);
#47110=OVER_RIDING_STYLED_ITEM('',(#3950),#3880,#47030);
#47120=OVER_RIDING_STYLED_ITEM('',(#4440),#4370,#47030);
#47130=OVER_RIDING_STYLED_ITEM('',(#5110),#5040,#47030);
#47140=OVER_RIDING_STYLED_ITEM('',(#5580),#5510,#47030);
#47150=OVER_RIDING_STYLED_ITEM('',(#6050),#5980,#47030);
#47160=OVER_RIDING_STYLED_ITEM('',(#6450),#6380,#47030);
#47170=OVER_RIDING_STYLED_ITEM('',(#6830),#6760,#47030);
#47180=OVER_RIDING_STYLED_ITEM('',(#7140),#7070,#47030);
#47190=OVER_RIDING_STYLED_ITEM('',(#7540),#7470,#47030);
#47200=OVER_RIDING_STYLED_ITEM('',(#7920),#7850,#47030);
#47210=OVER_RIDING_STYLED_ITEM('',(#8230),#8160,#47030);
#47220=OVER_RIDING_STYLED_ITEM('',(#10660),#10590,#47030);
#47230=OVER_RIDING_STYLED_ITEM('',(#11050),#10980,#47030);
#47240=OVER_RIDING_STYLED_ITEM('',(#11370),#11300,#47030);
#47250=OVER_RIDING_STYLED_ITEM('',(#11760),#11690,#47030);
#47260=OVER_RIDING_STYLED_ITEM('',(#12070),#12000,#47030);
#47270=OVER_RIDING_STYLED_ITEM('',(#12390),#12320,#47030);
#47280=OVER_RIDING_STYLED_ITEM('',(#12700),#12630,#47030);
#47290=OVER_RIDING_STYLED_ITEM('',(#13020),#12950,#47030);
#47300=OVER_RIDING_STYLED_ITEM('',(#13400),#13330,#47030);
#47310=OVER_RIDING_STYLED_ITEM('',(#13720),#13650,#47030);
#47320=OVER_RIDING_STYLED_ITEM('',(#13960),#13890,#47030);
#47330=OVER_RIDING_STYLED_ITEM('',(#14250),#14180,#47030);
#47340=OVER_RIDING_STYLED_ITEM('',(#14630),#14560,#47030);
#47350=OVER_RIDING_STYLED_ITEM('',(#14950),#14880,#47030);
#47360=OVER_RIDING_STYLED_ITEM('',(#15270),#15200,#47030);
#47370=OVER_RIDING_STYLED_ITEM('',(#15580),#15510,#47030);
#47380=OVER_RIDING_STYLED_ITEM('',(#15900),#15830,#47030);
#47390=OVER_RIDING_STYLED_ITEM('',(#16210),#16140,#47030);
#47400=OVER_RIDING_STYLED_ITEM('',(#16530),#16460,#47030);
#47410=OVER_RIDING_STYLED_ITEM('',(#16840),#16770,#47030);
#47420=OVER_RIDING_STYLED_ITEM('',(#17160),#17090,#47030);
#47430=OVER_RIDING_STYLED_ITEM('',(#17470),#17400,#47030);
#47440=OVER_RIDING_STYLED_ITEM('',(#17790),#17720,#47030);
#47450=OVER_RIDING_STYLED_ITEM('',(#18110),#18040,#47030);
#47460=OVER_RIDING_STYLED_ITEM('',(#18350),#18280,#47030);
#47470=OVER_RIDING_STYLED_ITEM('',(#18740),#18670,#47030);
#47480=OVER_RIDING_STYLED_ITEM('',(#18870),#18800,#47030);
#47490=OVER_RIDING_STYLED_ITEM('',(#19250),#19180,#47030);
#47500=OVER_RIDING_STYLED_ITEM('',(#19720),#19650,#47030);
#47510=OVER_RIDING_STYLED_ITEM('',(#20170),#20100,#47030);
#47520=OVER_RIDING_STYLED_ITEM('',(#20690),#20620,#47030);
#47530=OVER_RIDING_STYLED_ITEM('',(#21160),#21090,#47030);
#47540=OVER_RIDING_STYLED_ITEM('',(#21540),#21470,#47030);
#47550=OVER_RIDING_STYLED_ITEM('',(#22010),#21940,#47030);
#47560=OVER_RIDING_STYLED_ITEM('',(#22480),#22410,#47030);
#47570=OVER_RIDING_STYLED_ITEM('',(#22860),#22790,#47030);
#47580=OVER_RIDING_STYLED_ITEM('',(#23240),#23170,#47030);
#47590=OVER_RIDING_STYLED_ITEM('',(#23710),#23640,#47030);
#47600=OVER_RIDING_STYLED_ITEM('',(#24000),#23930,#47030);
#47610=OVER_RIDING_STYLED_ITEM('',(#24380),#24310,#47030);
#47620=OVER_RIDING_STYLED_ITEM('',(#24560),#24490,#47030);
#47630=OVER_RIDING_STYLED_ITEM('',(#24940),#24870,#47030);
#47640=OVER_RIDING_STYLED_ITEM('',(#25180),#25110,#47030);
#47650=OVER_RIDING_STYLED_ITEM('',(#25570),#25500,#47030);
#47660=OVER_RIDING_STYLED_ITEM('',(#25950),#25880,#47030);
#47670=OVER_RIDING_STYLED_ITEM('',(#27350),#27280,#47030);
#47680=OVER_RIDING_STYLED_ITEM('',(#27730),#27660,#47030);
#47690=OVER_RIDING_STYLED_ITEM('',(#28040),#27970,#47030);
#47700=OVER_RIDING_STYLED_ITEM('',(#28420),#28350,#47030);
#47710=OVER_RIDING_STYLED_ITEM('',(#28660),#28590,#47030);
#47720=OVER_RIDING_STYLED_ITEM('',(#29120),#29050,#47030);
#47730=OVER_RIDING_STYLED_ITEM('',(#29360),#29290,#47030);
#47740=OVER_RIDING_STYLED_ITEM('',(#29670),#29600,#47030);
#47750=OVER_RIDING_STYLED_ITEM('',(#29960),#29890,#47030);
#47760=OVER_RIDING_STYLED_ITEM('',(#30340),#30270,#47030);
#47770=OVER_RIDING_STYLED_ITEM('',(#30540),#30470,#47030);
#47780=OVER_RIDING_STYLED_ITEM('',(#30940),#30870,#47030);
#47790=OVER_RIDING_STYLED_ITEM('',(#31280),#31210,#47030);
#47800=OVER_RIDING_STYLED_ITEM('',(#31580),#31510,#47030);
#47810=OVER_RIDING_STYLED_ITEM('',(#31890),#31820,#47030);
#47820=OVER_RIDING_STYLED_ITEM('',(#32160),#32090,#47030);
#47830=OVER_RIDING_STYLED_ITEM('',(#32580),#32510,#47030);
#47840=OVER_RIDING_STYLED_ITEM('',(#32810),#32740,#47030);
#47850=OVER_RIDING_STYLED_ITEM('',(#33200),#33130,#47030);
#47860=OVER_RIDING_STYLED_ITEM('',(#33450),#33380,#47030);
#47870=OVER_RIDING_STYLED_ITEM('',(#33710),#33640,#47030);
#47880=OVER_RIDING_STYLED_ITEM('',(#34030),#33960,#47030);
#47890=OVER_RIDING_STYLED_ITEM('',(#34340),#34270,#47030);
#47900=OVER_RIDING_STYLED_ITEM('',(#34580),#34510,#47030);
#47910=OVER_RIDING_STYLED_ITEM('',(#34890),#34820,#47030);
#47920=OVER_RIDING_STYLED_ITEM('',(#35100),#35030,#47030);
#47930=OVER_RIDING_STYLED_ITEM('',(#35410),#35340,#47030);
#47940=OVER_RIDING_STYLED_ITEM('',(#35620),#35550,#47030);
#47950=OVER_RIDING_STYLED_ITEM('',(#36530),#36460,#47030);
#47960=OVER_RIDING_STYLED_ITEM('',(#36770),#36700,#47030);
#47970=OVER_RIDING_STYLED_ITEM('',(#37130),#37060,#47030);
#47980=OVER_RIDING_STYLED_ITEM('',(#37420),#37350,#47030);
#47990=OVER_RIDING_STYLED_ITEM('',(#37660),#37590,#47030);
#48000=OVER_RIDING_STYLED_ITEM('',(#37850),#37780,#47030);
#48010=OVER_RIDING_STYLED_ITEM('',(#38040),#37970,#47030);
#48020=OVER_RIDING_STYLED_ITEM('',(#38280),#38210,#47030);
#48030=OVER_RIDING_STYLED_ITEM('',(#38510),#38440,#47030);
#48040=OVER_RIDING_STYLED_ITEM('',(#38910),#38840,#47030);
#48050=OVER_RIDING_STYLED_ITEM('',(#39290),#39220,#47030);
#48060=OVER_RIDING_STYLED_ITEM('',(#39530),#39460,#47030);
#48070=OVER_RIDING_STYLED_ITEM('',(#39880),#39810,#47030);
#48080=OVER_RIDING_STYLED_ITEM('',(#40070),#40000,#47030);
#48090=OVER_RIDING_STYLED_ITEM('',(#40500),#40430,#47030);
#48100=OVER_RIDING_STYLED_ITEM('',(#40740),#40670,#47030);
#48110=OVER_RIDING_STYLED_ITEM('',(#41070),#41000,#47030);
#48120=OVER_RIDING_STYLED_ITEM('',(#41590),#41520,#47030);
#48130=OVER_RIDING_STYLED_ITEM('',(#41880),#41810,#47030);
#48140=OVER_RIDING_STYLED_ITEM('',(#42090),#42020,#47030);
#48150=OVER_RIDING_STYLED_ITEM('',(#42230),#42160,#47030);
#48160=OVER_RIDING_STYLED_ITEM('',(#42360),#42290,#47030);
#48170=OVER_RIDING_STYLED_ITEM('',(#42590),#42520,#47030);
#48180=OVER_RIDING_STYLED_ITEM('',(#42810),#42740,#47030);
#48190=OVER_RIDING_STYLED_ITEM('',(#42930),#42860,#47030);
#48200=OVER_RIDING_STYLED_ITEM('',(#43150),#43080,#47030);
#48210=OVER_RIDING_STYLED_ITEM('',(#43370),#43300,#47030);
#48220=OVER_RIDING_STYLED_ITEM('',(#43520),#43450,#47030);
#48230=OVER_RIDING_STYLED_ITEM('',(#43720),#43650,#47030);
#48240=OVER_RIDING_STYLED_ITEM('',(#43900),#43830,#47030);
#48250=OVER_RIDING_STYLED_ITEM('',(#44130),#44060,#47030);
#48260=OVER_RIDING_STYLED_ITEM('',(#44330),#44260,#47030);
#48270=OVER_RIDING_STYLED_ITEM('',(#44520),#44450,#47030);
#48280=OVER_RIDING_STYLED_ITEM('',(#44640),#44570,#47030);
#48290=OVER_RIDING_STYLED_ITEM('',(#44760),#44690,#47030);
#48300=OVER_RIDING_STYLED_ITEM('',(#44950),#44880,#47030);
#48310=OVER_RIDING_STYLED_ITEM('',(#45090),#45020,#47030);
#48320=OVER_RIDING_STYLED_ITEM('',(#45230),#45160,#47030);
#48330=OVER_RIDING_STYLED_ITEM('',(#45370),#45300,#47030);
#48340=OVER_RIDING_STYLED_ITEM('',(#45510),#45440,#47030);
#48350=OVER_RIDING_STYLED_ITEM('',(#45690),#45620,#47030);
#48360=OVER_RIDING_STYLED_ITEM('',(#45830),#45760,#47030);
#48370=OVER_RIDING_STYLED_ITEM('',(#45970),#45900,#47030);
#48380=OVER_RIDING_STYLED_ITEM('',(#46110),#46040,#47030);
#48390=OVER_RIDING_STYLED_ITEM('',(#46290),#46220,#47030);
#48400=OVER_RIDING_STYLED_ITEM('',(#46430),#46360,#47030);
#48410=OVER_RIDING_STYLED_ITEM('',(#46570),#46500,#47030);
#48420=OVER_RIDING_STYLED_ITEM('',(#46700),#46630,#47030);
#48430=DRAUGHTING_MODEL('',(#47030,#47040,#47050,#47060,#47070,#47080,
#47090,#47100,#47110,#47120,#47130,#47140,#47150,#47160,#47170,#47180,
#47190,#47200,#47210,#47220,#47230,#47240,#47250,#47260,#47270,#47280,
#47290,#47300,#47310,#47320,#47330,#47340,#47350,#47360,#47370,#47380,
#47390,#47400,#47410,#47420,#47430,#47440,#47450,#47460,#47470,#47480,
#47490,#47500,#47510,#47520,#47530,#47540,#47550,#47560,#47570,#47580,
#47590,#47600,#47610,#47620,#47630,#47640,#47650,#47660,#47670,#47680,
#47690,#47700,#47710,#47720,#47730,#47740,#47750,#47760,#47770,#47780,
#47790,#47800,#47810,#47820,#47830,#47840,#47850,#47860,#47870,#47880,
#47890,#47900,#47910,#47920,#47930,#47940,#47950,#47960,#47970,#47980,
#47990,#48000,#48010,#48020,#48030,#48040,#48050,#48060,#48070,#48080,
#48090,#48100,#48110,#48120,#48130,#48140,#48150,#48160,#48170,#48180,
#48190,#48200,#48210,#48220,#48230,#48240,#48250,#48260,#48270,#48280,
#48290,#48300,#48310,#48320,#48330,#48340,#48350,#48360,#48370,#48380,
#48390,#48400,#48410,#48420),#46920);
#48440=CARTESIAN_POINT('',(68.0196426382195,-28.7546907667286,-2.54));
#48450=DIRECTION('',(0.,0.,1.));
#48460=DIRECTION('',(1.,0.,0.));
#48470=AXIS2_PLACEMENT_3D('',#48440,#48450,#48460);
#48480=ITEM_DEFINED_TRANSFORMATION('smkds_2.5-2-5.08','',#46760,#48470);
#48490=APPLICATION_CONTEXT(' ');
#48500=APPLICATION_PROTOCOL_DEFINITION(' ','automotive_design',1998,
#48490);
#48510=PRODUCT_CONTEXT('',#48490,'mechanical');
#48520=PRODUCT_DEFINITION_CONTEXT('part definition',#48490,'design');
#48530=PRODUCT('smkds_2.5-2-5.08','smkds_2.5-2-5.08','',(#48510));
#48540=PRODUCT_RELATED_PRODUCT_CATEGORY('part',' ',(#48530));
#48550=PRODUCT_DEFINITION_FORMATION_WITH_SPECIFIED_SOURCE('','',#48530,
.BOUGHT.);
#48560=PRODUCT_DEFINITION('',' ',#48550,#48520);
#48570=PRODUCT_DEFINITION_SHAPE('','',#48560);
#48580=DIMENSIONAL_EXPONENTS(1.,0.,0.,0.,0.,0.,0.);
#48590=DIMENSIONAL_EXPONENTS(0.,0.,0.,0.,0.,0.,0.);
#48600=DIMENSIONAL_EXPONENTS(0.,0.,0.,0.,0.,0.,0.);
#48610=(LENGTH_UNIT() NAMED_UNIT(*) SI_UNIT(.MILLI.,.METRE.));
#48620=(NAMED_UNIT(*) PLANE_ANGLE_UNIT() SI_UNIT($,.RADIAN.));
#48630=(NAMED_UNIT(*) SI_UNIT($,.STERADIAN.) SOLID_ANGLE_UNIT());
#48640=(GEOMETRIC_REPRESENTATION_CONTEXT(3) 
GLOBAL_UNCERTAINTY_ASSIGNED_CONTEXT((#48650)) 
GLOBAL_UNIT_ASSIGNED_CONTEXT((#48610,#48620,#48630)) 
REPRESENTATION_CONTEXT('',''));
#48650=UNCERTAINTY_MEASURE_WITH_UNIT(LENGTH_MEASURE(1.E-6),#48610,
'distance_accuracy_value','maximum gap value');
#48660=SHAPE_REPRESENTATION('',(#46760,#48470),#48640);
#48670=SHAPE_DEFINITION_REPRESENTATION(#48570,#48660);
#48680=(REPRESENTATION_RELATIONSHIP('','',#46940,#48660) 
REPRESENTATION_RELATIONSHIP_WITH_TRANSFORMATION(#48480) 
SHAPE_REPRESENTATION_RELATIONSHIP());
#48690=NEXT_ASSEMBLY_USAGE_OCCURRENCE('1','','smkds_2.5-2-5.08',#48560,
#46840,'');
#48700=PRODUCT_DEFINITION_SHAPE('','',#48690);
#48710=CONTEXT_DEPENDENT_SHAPE_REPRESENTATION(#48680,#48700);
ENDSEC;
END-ISO-10303-21;
