ISO-10303-21;
HEADER;
/* Generated by software containing ST-Developer
 * from STEP Tools, Inc. (www.steptools.com) 
 */
/* OPTION: strings as raw bytes, not using required /X/ escapes */

FILE_DESCRIPTION(
/* description */ ('Unknown'),
/* implementation_level */ '2;1');

FILE_NAME(
/* name */ 'SI-D35-L40-11F010-SHRT-00-00',
/* time_stamp */ '2019-10-03T14:46:39+02:00',
/* author */ ('Unknown'),
/* organization */ ('Unknown'),
/* preprocessor_version */ 'ST-DEVELOPER v16.7',
/* originating_system */ 'DEX',
/* authorisation */ $);

FILE_SCHEMA (('AUTOMOTIVE_DESIGN {1 0 10303 214 3 1 1}'));
ENDSEC;

DATA;
#10=PROPERTY_DEFINITION_REPRESENTATION(#14,#12);
#11=PROPERTY_DEFINITION_REPRESENTATION(#15,#13);
#12=REPRESENTATION('',(#16),#3774);
#13=REPRESENTATION('',(#17),#3774);
#14=PROPERTY_DEFINITION('pmi validation property','',#3779);
#15=PROPERTY_DEFINITION('pmi validation property','',#3779);
#16=VALUE_REPRESENTATION_ITEM('number of annotations',COUNT_MEASURE(0.));
#17=VALUE_REPRESENTATION_ITEM('number of views',COUNT_MEASURE(0.));
#18=SHAPE_REPRESENTATION_RELATIONSHIP('','',#2468,#19);
#19=ADVANCED_BREP_SHAPE_REPRESENTATION('',(#2466),#3774);
#20=ORIENTED_CLOSED_SHELL('',*,#2464,.F.);
#21=ORIENTED_CLOSED_SHELL('',*,#2465,.F.);
#22=B_SPLINE_SURFACE_WITH_KNOTS('',3,3,((#3314,#3315,#3316,#3317,#3318),
(#3319,#3320,#3321,#3322,#3323),(#3324,#3325,#3326,#3327,#3328),(#3329,
#3330,#3331,#3332,#3333)),.RULED_SURF.,.F.,.F.,.F.,(4,4),(4,1,4),(0.341623805766069,
1.),(5.26246060168176,5.39843535685011,5.53441011201845),.UNSPECIFIED.);
#23=B_SPLINE_SURFACE_WITH_KNOTS('',3,3,((#3340,#3341,#3342,#3343,#3344),
(#3345,#3346,#3347,#3348,#3349),(#3350,#3351,#3352,#3353,#3354),(#3355,
#3356,#3357,#3358,#3359)),.RULED_SURF.,.F.,.F.,.F.,(4,4),(4,1,4),(0.34162380576607,
1.),(0.748775195161137,0.884749950329481,1.02072470549782),
 .UNSPECIFIED.);
#24=B_SPLINE_SURFACE_WITH_KNOTS('',1,3,((#3384,#3385,#3386,#3387,#3388,
#3389),(#3390,#3391,#3392,#3393,#3394,#3395)),.RULED_SURF.,.F.,.F.,.F.,
(2,2),(4,2,4),(0.,1.),(0.,0.5,1.),.UNSPECIFIED.);
#25=B_SPLINE_SURFACE_WITH_KNOTS('',1,3,((#3396,#3397,#3398,#3399,#3400,
#3401),(#3402,#3403,#3404,#3405,#3406,#3407)),.RULED_SURF.,.F.,.F.,.F.,
(2,2),(4,2,4),(0.,1.),(0.,0.5,1.),.UNSPECIFIED.);
#26=B_SPLINE_SURFACE_WITH_KNOTS('',1,3,((#3463,#3464,#3465,#3466),(#3467,
#3468,#3469,#3470)),.RULED_SURF.,.F.,.F.,.F.,(2,2),(4,4),(0.,1.),(0.,1.),
 .UNSPECIFIED.);
#27=B_SPLINE_SURFACE_WITH_KNOTS('',1,3,((#3471,#3472,#3473,#3474),(#3475,
#3476,#3477,#3478)),.RULED_SURF.,.F.,.F.,.F.,(2,2),(4,4),(0.,1.),(0.,1.),
 .UNSPECIFIED.);
#28=B_SPLINE_SURFACE_WITH_KNOTS('',3,3,((#3590,#3591,#3592,#3593,#3594),
(#3595,#3596,#3597,#3598,#3599),(#3600,#3601,#3602,#3603,#3604),(#3605,
#3606,#3607,#3608,#3609)),.RULED_SURF.,.F.,.F.,.F.,(4,4),(4,1,4),(0.341623805766072,
1.),(5.26246060168176,5.39843535685011,5.53441011201845),.UNSPECIFIED.);
#29=B_SPLINE_SURFACE_WITH_KNOTS('',3,3,((#3616,#3617,#3618,#3619,#3620),
(#3621,#3622,#3623,#3624,#3625),(#3626,#3627,#3628,#3629,#3630),(#3631,
#3632,#3633,#3634,#3635)),.RULED_SURF.,.F.,.F.,.F.,(4,4),(4,1,4),(0.341623805766073,
1.),(0.748775195161137,0.884749950329481,1.02072470549782),
 .UNSPECIFIED.);
#30=B_SPLINE_SURFACE_WITH_KNOTS('',1,3,((#3660,#3661,#3662,#3663,#3664,
#3665),(#3666,#3667,#3668,#3669,#3670,#3671)),.RULED_SURF.,.F.,.F.,.F.,
(2,2),(4,2,4),(0.,1.),(0.,0.5,1.),.UNSPECIFIED.);
#31=B_SPLINE_SURFACE_WITH_KNOTS('',1,3,((#3672,#3673,#3674,#3675,#3676,
#3677),(#3678,#3679,#3680,#3681,#3682,#3683)),.RULED_SURF.,.F.,.F.,.F.,
(2,2),(4,2,4),(0.,1.),(0.,0.5,1.),.UNSPECIFIED.);
#32=B_SPLINE_SURFACE_WITH_KNOTS('',1,3,((#3739,#3740,#3741,#3742),(#3743,
#3744,#3745,#3746)),.RULED_SURF.,.F.,.F.,.F.,(2,2),(4,4),(0.,1.),(0.,1.),
 .UNSPECIFIED.);
#33=B_SPLINE_SURFACE_WITH_KNOTS('',1,3,((#3747,#3748,#3749,#3750),(#3751,
#3752,#3753,#3754)),.RULED_SURF.,.F.,.F.,.F.,(2,2),(4,4),(0.,1.),(0.,1.),
 .UNSPECIFIED.);
#34=CYLINDRICAL_SURFACE('',#2484,14.);
#35=CYLINDRICAL_SURFACE('',#2492,15.);
#36=CYLINDRICAL_SURFACE('',#2498,14.);
#37=CYLINDRICAL_SURFACE('',#2501,17.5);
#38=CYLINDRICAL_SURFACE('',#2503,17.5);
#39=CYLINDRICAL_SURFACE('',#2505,2.);
#40=CYLINDRICAL_SURFACE('',#2530,4.);
#41=CYLINDRICAL_SURFACE('',#2532,4.);
#42=CYLINDRICAL_SURFACE('',#2543,1.8);
#43=CYLINDRICAL_SURFACE('',#2544,1.);
#44=CYLINDRICAL_SURFACE('',#2552,0.4);
#45=CYLINDRICAL_SURFACE('',#2554,1.8);
#46=CYLINDRICAL_SURFACE('',#2555,1.);
#47=CYLINDRICAL_SURFACE('',#2556,2.);
#48=CYLINDRICAL_SURFACE('',#2573,4.);
#49=CYLINDRICAL_SURFACE('',#2575,4.);
#50=CYLINDRICAL_SURFACE('',#2586,1.8);
#51=CYLINDRICAL_SURFACE('',#2587,1.);
#52=CYLINDRICAL_SURFACE('',#2595,0.4);
#53=CYLINDRICAL_SURFACE('',#2597,1.8);
#54=CYLINDRICAL_SURFACE('',#2598,1.);
#55=CYLINDRICAL_SURFACE('',#2604,1.3);
#56=CYLINDRICAL_SURFACE('',#2610,1.3);
#57=TOROIDAL_SURFACE('',#2476,16.5000000000002,0.999999999999999);
#58=TOROIDAL_SURFACE('',#2479,16.5000000000002,0.999999999999999);
#59=TOROIDAL_SURFACE('',#2486,16.4,1.1);
#60=TOROIDAL_SURFACE('',#2489,16.25,1.25);
#61=TOROIDAL_SURFACE('',#2494,16.15,1.15);
#62=TOROIDAL_SURFACE('',#2502,23.3,6.);
#63=TOROIDAL_SURFACE('',#2508,1.8,0.2);
#64=TOROIDAL_SURFACE('',#2559,1.8,0.2);
#65=TOROIDAL_SURFACE('',#2602,1.48,0.2);
#66=TOROIDAL_SURFACE('',#2608,1.48,0.2);
#67=B_SPLINE_CURVE_WITH_KNOTS('',3,(#3063,#3064,#3065,#3066),
 .UNSPECIFIED.,.F.,.F.,(4,4),(3.12731722069275E-18,0.00116342869250927),
 .UNSPECIFIED.);
#68=B_SPLINE_CURVE_WITH_KNOTS('',3,(#3068,#3069,#3070,#3071),
 .UNSPECIFIED.,.F.,.F.,(4,4),(0.,0.000423320130655831),.UNSPECIFIED.);
#69=B_SPLINE_CURVE_WITH_KNOTS('',3,(#3075,#3076,#3077,#3078),
 .UNSPECIFIED.,.F.,.F.,(4,4),(0.,0.000423321461819516),.UNSPECIFIED.);
#70=B_SPLINE_CURVE_WITH_KNOTS('',3,(#3080,#3081,#3082,#3083),
 .UNSPECIFIED.,.F.,.F.,(4,4),(0.,0.00116313737027578),.UNSPECIFIED.);
#71=B_SPLINE_CURVE_WITH_KNOTS('',3,(#3099,#3100,#3101,#3102),
 .UNSPECIFIED.,.F.,.F.,(4,4),(2.77691248356771E-18,0.00116342869250926),
 .UNSPECIFIED.);
#72=B_SPLINE_CURVE_WITH_KNOTS('',3,(#3104,#3105,#3106,#3107),
 .UNSPECIFIED.,.F.,.F.,(4,4),(0.,0.000423320130655835),.UNSPECIFIED.);
#73=B_SPLINE_CURVE_WITH_KNOTS('',3,(#3111,#3112,#3113,#3114),
 .UNSPECIFIED.,.F.,.F.,(4,4),(0.,0.000423321461819523),.UNSPECIFIED.);
#74=B_SPLINE_CURVE_WITH_KNOTS('',3,(#3116,#3117,#3118,#3119),
 .UNSPECIFIED.,.F.,.F.,(4,4),(0.,0.00116313737027578),.UNSPECIFIED.);
#75=B_SPLINE_CURVE_WITH_KNOTS('',3,(#3169,#3170,#3171,#3172,#3173),
 .UNSPECIFIED.,.F.,.F.,(4,1,4),(1.95156391047391E-18,0.00123588374558486,
0.00247176749116971),.UNSPECIFIED.);
#76=B_SPLINE_CURVE_WITH_KNOTS('',3,(#3336,#3337,#3338,#3339),
 .UNSPECIFIED.,.F.,.F.,(4,4),(0.,1.),.UNSPECIFIED.);
#77=B_SPLINE_CURVE_WITH_KNOTS('',3,(#3362,#3363,#3364,#3365),
 .UNSPECIFIED.,.F.,.F.,(4,4),(0.,1.),.UNSPECIFIED.);
#78=B_SPLINE_CURVE_WITH_KNOTS('',3,(#3367,#3368,#3369,#3370),
 .UNSPECIFIED.,.F.,.F.,(4,4),(0.,0.75805685250439),.UNSPECIFIED.);
#79=B_SPLINE_CURVE_WITH_KNOTS('',3,(#3371,#3372,#3373,#3374),
 .UNSPECIFIED.,.F.,.F.,(4,4),(0.241942829431723,1.),.UNSPECIFIED.);
#80=B_SPLINE_CURVE_WITH_KNOTS('',3,(#3376,#3377,#3378,#3379),
 .UNSPECIFIED.,.F.,.F.,(4,4),(0.,1.),.UNSPECIFIED.);
#81=B_SPLINE_CURVE_WITH_KNOTS('',3,(#3380,#3381,#3382,#3383),
 .UNSPECIFIED.,.F.,.F.,(4,4),(0.,1.),.UNSPECIFIED.);
#82=B_SPLINE_CURVE_WITH_KNOTS('',3,(#3446,#3447,#3448,#3449),
 .UNSPECIFIED.,.F.,.F.,(4,4),(0.,1.),.UNSPECIFIED.);
#83=B_SPLINE_CURVE_WITH_KNOTS('',3,(#3450,#3451,#3452,#3453),
 .UNSPECIFIED.,.F.,.F.,(4,4),(0.,1.),.UNSPECIFIED.);
#84=B_SPLINE_CURVE_WITH_KNOTS('',3,(#3455,#3456,#3457,#3458),
 .UNSPECIFIED.,.F.,.F.,(4,4),(0.,1.),.UNSPECIFIED.);
#85=B_SPLINE_CURVE_WITH_KNOTS('',3,(#3459,#3460,#3461,#3462),
 .UNSPECIFIED.,.F.,.F.,(4,4),(0.,1.),.UNSPECIFIED.);
#86=B_SPLINE_CURVE_WITH_KNOTS('',3,(#3483,#3484,#3485,#3486,#3487),
 .UNSPECIFIED.,.F.,.F.,(4,1,4),(1.45460985541832E-18,0.00123588363577346,
0.00247176727154692),.UNSPECIFIED.);
#87=B_SPLINE_CURVE_WITH_KNOTS('',3,(#3612,#3613,#3614,#3615),
 .UNSPECIFIED.,.F.,.F.,(4,4),(0.,1.),.UNSPECIFIED.);
#88=B_SPLINE_CURVE_WITH_KNOTS('',3,(#3638,#3639,#3640,#3641),
 .UNSPECIFIED.,.F.,.F.,(4,4),(0.,1.),.UNSPECIFIED.);
#89=B_SPLINE_CURVE_WITH_KNOTS('',3,(#3643,#3644,#3645,#3646),
 .UNSPECIFIED.,.F.,.F.,(4,4),(0.,0.758056852504386),.UNSPECIFIED.);
#90=B_SPLINE_CURVE_WITH_KNOTS('',3,(#3647,#3648,#3649,#3650),
 .UNSPECIFIED.,.F.,.F.,(4,4),(0.241942829431724,1.),.UNSPECIFIED.);
#91=B_SPLINE_CURVE_WITH_KNOTS('',3,(#3652,#3653,#3654,#3655),
 .UNSPECIFIED.,.F.,.F.,(4,4),(0.,1.),.UNSPECIFIED.);
#92=B_SPLINE_CURVE_WITH_KNOTS('',3,(#3656,#3657,#3658,#3659),
 .UNSPECIFIED.,.F.,.F.,(4,4),(0.,1.),.UNSPECIFIED.);
#93=B_SPLINE_CURVE_WITH_KNOTS('',3,(#3722,#3723,#3724,#3725),
 .UNSPECIFIED.,.F.,.F.,(4,4),(0.,1.),.UNSPECIFIED.);
#94=B_SPLINE_CURVE_WITH_KNOTS('',3,(#3726,#3727,#3728,#3729),
 .UNSPECIFIED.,.F.,.F.,(4,4),(0.,1.),.UNSPECIFIED.);
#95=B_SPLINE_CURVE_WITH_KNOTS('',3,(#3731,#3732,#3733,#3734),
 .UNSPECIFIED.,.F.,.F.,(4,4),(0.,1.),.UNSPECIFIED.);
#96=B_SPLINE_CURVE_WITH_KNOTS('',3,(#3735,#3736,#3737,#3738),
 .UNSPECIFIED.,.F.,.F.,(4,4),(0.,1.),.UNSPECIFIED.);
#97=LINE('',#3050,#248);
#98=LINE('',#3053,#249);
#99=LINE('',#3055,#250);
#100=LINE('',#3057,#251);
#101=LINE('',#3059,#252);
#102=LINE('',#3073,#253);
#103=LINE('',#3086,#254);
#104=LINE('',#3089,#255);
#105=LINE('',#3091,#256);
#106=LINE('',#3093,#257);
#107=LINE('',#3095,#258);
#108=LINE('',#3109,#259);
#109=LINE('',#3180,#260);
#110=LINE('',#3183,#261);
#111=LINE('',#3185,#262);
#112=LINE('',#3187,#263);
#113=LINE('',#3189,#264);
#114=LINE('',#3191,#265);
#115=LINE('',#3193,#266);
#116=LINE('',#3195,#267);
#117=LINE('',#3197,#268);
#118=LINE('',#3199,#269);
#119=LINE('',#3201,#270);
#120=LINE('',#3203,#271);
#121=LINE('',#3205,#272);
#122=LINE('',#3208,#273);
#123=LINE('',#3209,#274);
#124=LINE('',#3211,#275);
#125=LINE('',#3213,#276);
#126=LINE('',#3215,#277);
#127=LINE('',#3217,#278);
#128=LINE('',#3219,#279);
#129=LINE('',#3221,#280);
#130=LINE('',#3223,#281);
#131=LINE('',#3225,#282);
#132=LINE('',#3227,#283);
#133=LINE('',#3229,#284);
#134=LINE('',#3231,#285);
#135=LINE('',#3233,#286);
#136=LINE('',#3235,#287);
#137=LINE('',#3238,#288);
#138=LINE('',#3243,#289);
#139=LINE('',#3247,#290);
#140=LINE('',#3249,#291);
#141=LINE('',#3251,#292);
#142=LINE('',#3256,#293);
#143=LINE('',#3260,#294);
#144=LINE('',#3262,#295);
#145=LINE('',#3264,#296);
#146=LINE('',#3265,#297);
#147=LINE('',#3267,#298);
#148=LINE('',#3269,#299);
#149=LINE('',#3271,#300);
#150=LINE('',#3273,#301);
#151=LINE('',#3277,#302);
#152=LINE('',#3279,#303);
#153=LINE('',#3283,#304);
#154=LINE('',#3285,#305);
#155=LINE('',#3287,#306);
#156=LINE('',#3289,#307);
#157=LINE('',#3291,#308);
#158=LINE('',#3293,#309);
#159=LINE('',#3295,#310);
#160=LINE('',#3297,#311);
#161=LINE('',#3299,#312);
#162=LINE('',#3301,#313);
#163=LINE('',#3302,#314);
#164=LINE('',#3304,#315);
#165=LINE('',#3306,#316);
#166=LINE('',#3308,#317);
#167=LINE('',#3310,#318);
#168=LINE('',#3312,#319);
#169=LINE('',#3313,#320);
#170=LINE('',#3334,#321);
#171=LINE('',#3360,#322);
#172=LINE('',#3409,#323);
#173=LINE('',#3412,#324);
#174=LINE('',#3414,#325);
#175=LINE('',#3416,#326);
#176=LINE('',#3418,#327);
#177=LINE('',#3421,#328);
#178=LINE('',#3423,#329);
#179=LINE('',#3425,#330);
#180=LINE('',#3427,#331);
#181=LINE('',#3428,#332);
#182=LINE('',#3432,#333);
#183=LINE('',#3434,#334);
#184=LINE('',#3435,#335);
#185=LINE('',#3439,#336);
#186=LINE('',#3441,#337);
#187=LINE('',#3443,#338);
#188=LINE('',#3494,#339);
#189=LINE('',#3497,#340);
#190=LINE('',#3499,#341);
#191=LINE('',#3501,#342);
#192=LINE('',#3503,#343);
#193=LINE('',#3505,#344);
#194=LINE('',#3507,#345);
#195=LINE('',#3509,#346);
#196=LINE('',#3511,#347);
#197=LINE('',#3514,#348);
#198=LINE('',#3519,#349);
#199=LINE('',#3523,#350);
#200=LINE('',#3525,#351);
#201=LINE('',#3527,#352);
#202=LINE('',#3532,#353);
#203=LINE('',#3536,#354);
#204=LINE('',#3538,#355);
#205=LINE('',#3540,#356);
#206=LINE('',#3541,#357);
#207=LINE('',#3543,#358);
#208=LINE('',#3545,#359);
#209=LINE('',#3547,#360);
#210=LINE('',#3549,#361);
#211=LINE('',#3553,#362);
#212=LINE('',#3555,#363);
#213=LINE('',#3559,#364);
#214=LINE('',#3561,#365);
#215=LINE('',#3563,#366);
#216=LINE('',#3565,#367);
#217=LINE('',#3567,#368);
#218=LINE('',#3569,#369);
#219=LINE('',#3571,#370);
#220=LINE('',#3573,#371);
#221=LINE('',#3575,#372);
#222=LINE('',#3577,#373);
#223=LINE('',#3578,#374);
#224=LINE('',#3580,#375);
#225=LINE('',#3582,#376);
#226=LINE('',#3584,#377);
#227=LINE('',#3586,#378);
#228=LINE('',#3588,#379);
#229=LINE('',#3589,#380);
#230=LINE('',#3610,#381);
#231=LINE('',#3636,#382);
#232=LINE('',#3685,#383);
#233=LINE('',#3688,#384);
#234=LINE('',#3690,#385);
#235=LINE('',#3692,#386);
#236=LINE('',#3694,#387);
#237=LINE('',#3697,#388);
#238=LINE('',#3699,#389);
#239=LINE('',#3701,#390);
#240=LINE('',#3703,#391);
#241=LINE('',#3704,#392);
#242=LINE('',#3708,#393);
#243=LINE('',#3710,#394);
#244=LINE('',#3711,#395);
#245=LINE('',#3715,#396);
#246=LINE('',#3717,#397);
#247=LINE('',#3719,#398);
#248=VECTOR('',#2617,1000.);
#249=VECTOR('',#2618,1000.);
#250=VECTOR('',#2619,1000.);
#251=VECTOR('',#2620,1000.);
#252=VECTOR('',#2621,1000.);
#253=VECTOR('',#2624,1000.);
#254=VECTOR('',#2627,1000.);
#255=VECTOR('',#2628,1000.);
#256=VECTOR('',#2629,1000.);
#257=VECTOR('',#2630,1000.);
#258=VECTOR('',#2631,1000.);
#259=VECTOR('',#2634,1000.);
#260=VECTOR('',#2707,1000.);
#261=VECTOR('',#2708,1000.);
#262=VECTOR('',#2709,1000.);
#263=VECTOR('',#2710,1000.);
#264=VECTOR('',#2711,1000.);
#265=VECTOR('',#2712,1000.);
#266=VECTOR('',#2713,1000.);
#267=VECTOR('',#2714,1000.);
#268=VECTOR('',#2715,1000.);
#269=VECTOR('',#2716,1000.);
#270=VECTOR('',#2717,1000.);
#271=VECTOR('',#2718,1000.);
#272=VECTOR('',#2721,1000.);
#273=VECTOR('',#2722,1000.);
#274=VECTOR('',#2723,1000.);
#275=VECTOR('',#2726,1000.);
#276=VECTOR('',#2727,1000.);
#277=VECTOR('',#2730,1000.);
#278=VECTOR('',#2733,1000.);
#279=VECTOR('',#2736,1000.);
#280=VECTOR('',#2737,1000.);
#281=VECTOR('',#2740,1000.);
#282=VECTOR('',#2743,1000.);
#283=VECTOR('',#2746,1000.);
#284=VECTOR('',#2747,1000.);
#285=VECTOR('',#2750,1000.);
#286=VECTOR('',#2753,1000.);
#287=VECTOR('',#2756,1000.);
#288=VECTOR('',#2761,1000.);
#289=VECTOR('',#2764,1000.);
#290=VECTOR('',#2767,1000.);
#291=VECTOR('',#2768,1000.);
#292=VECTOR('',#2771,1000.);
#293=VECTOR('',#2774,1000.);
#294=VECTOR('',#2777,1000.);
#295=VECTOR('',#2778,1000.);
#296=VECTOR('',#2781,1000.);
#297=VECTOR('',#2782,1000.);
#298=VECTOR('',#2783,1000.);
#299=VECTOR('',#2784,1000.);
#300=VECTOR('',#2787,1000.);
#301=VECTOR('',#2788,1000.);
#302=VECTOR('',#2793,1000.);
#303=VECTOR('',#2794,1000.);
#304=VECTOR('',#2799,1000.);
#305=VECTOR('',#2800,1000.);
#306=VECTOR('',#2801,1000.);
#307=VECTOR('',#2804,1000.);
#308=VECTOR('',#2807,1000.);
#309=VECTOR('',#2808,1000.);
#310=VECTOR('',#2811,1000.);
#311=VECTOR('',#2812,1000.);
#312=VECTOR('',#2815,1000.);
#313=VECTOR('',#2818,1000.);
#314=VECTOR('',#2819,1000.);
#315=VECTOR('',#2822,1000.);
#316=VECTOR('',#2823,1000.);
#317=VECTOR('',#2826,1000.);
#318=VECTOR('',#2827,1000.);
#319=VECTOR('',#2830,1000.);
#320=VECTOR('',#2831,1000.);
#321=VECTOR('',#2832,1000.);
#322=VECTOR('',#2833,1000.);
#323=VECTOR('',#2840,1000.);
#324=VECTOR('',#2841,1000.);
#325=VECTOR('',#2842,1000.);
#326=VECTOR('',#2843,1000.);
#327=VECTOR('',#2846,1000.);
#328=VECTOR('',#2847,1000.);
#329=VECTOR('',#2848,1000.);
#330=VECTOR('',#2849,1000.);
#331=VECTOR('',#2852,1000.);
#332=VECTOR('',#2853,1000.);
#333=VECTOR('',#2856,1000.);
#334=VECTOR('',#2859,1000.);
#335=VECTOR('',#2860,1000.);
#336=VECTOR('',#2863,1000.);
#337=VECTOR('',#2866,1000.);
#338=VECTOR('',#2869,1000.);
#339=VECTOR('',#2888,1000.);
#340=VECTOR('',#2889,1000.);
#341=VECTOR('',#2890,1000.);
#342=VECTOR('',#2891,1000.);
#343=VECTOR('',#2894,1000.);
#344=VECTOR('',#2895,1000.);
#345=VECTOR('',#2898,1000.);
#346=VECTOR('',#2899,1000.);
#347=VECTOR('',#2902,1000.);
#348=VECTOR('',#2907,1000.);
#349=VECTOR('',#2910,1000.);
#350=VECTOR('',#2913,1000.);
#351=VECTOR('',#2914,1000.);
#352=VECTOR('',#2917,1000.);
#353=VECTOR('',#2920,1000.);
#354=VECTOR('',#2923,1000.);
#355=VECTOR('',#2924,1000.);
#356=VECTOR('',#2927,1000.);
#357=VECTOR('',#2928,1000.);
#358=VECTOR('',#2929,1000.);
#359=VECTOR('',#2930,1000.);
#360=VECTOR('',#2933,1000.);
#361=VECTOR('',#2934,1000.);
#362=VECTOR('',#2939,1000.);
#363=VECTOR('',#2940,1000.);
#364=VECTOR('',#2945,1000.);
#365=VECTOR('',#2946,1000.);
#366=VECTOR('',#2947,1000.);
#367=VECTOR('',#2950,1000.);
#368=VECTOR('',#2953,1000.);
#369=VECTOR('',#2954,1000.);
#370=VECTOR('',#2957,1000.);
#371=VECTOR('',#2958,1000.);
#372=VECTOR('',#2961,1000.);
#373=VECTOR('',#2964,1000.);
#374=VECTOR('',#2965,1000.);
#375=VECTOR('',#2968,1000.);
#376=VECTOR('',#2969,1000.);
#377=VECTOR('',#2972,1000.);
#378=VECTOR('',#2973,1000.);
#379=VECTOR('',#2976,1000.);
#380=VECTOR('',#2977,1000.);
#381=VECTOR('',#2978,1000.);
#382=VECTOR('',#2979,1000.);
#383=VECTOR('',#2986,1000.);
#384=VECTOR('',#2987,1000.);
#385=VECTOR('',#2988,1000.);
#386=VECTOR('',#2989,1000.);
#387=VECTOR('',#2992,1000.);
#388=VECTOR('',#2993,1000.);
#389=VECTOR('',#2994,1000.);
#390=VECTOR('',#2995,1000.);
#391=VECTOR('',#2998,1000.);
#392=VECTOR('',#2999,1000.);
#393=VECTOR('',#3002,1000.);
#394=VECTOR('',#3005,1000.);
#395=VECTOR('',#3006,1000.);
#396=VECTOR('',#3009,1000.);
#397=VECTOR('',#3012,1000.);
#398=VECTOR('',#3015,1000.);
#399=ORIENTED_EDGE('',*,*,#855,.F.);
#400=ORIENTED_EDGE('',*,*,#856,.F.);
#401=ORIENTED_EDGE('',*,*,#857,.F.);
#402=ORIENTED_EDGE('',*,*,#858,.F.);
#403=ORIENTED_EDGE('',*,*,#859,.F.);
#404=ORIENTED_EDGE('',*,*,#860,.F.);
#405=ORIENTED_EDGE('',*,*,#861,.F.);
#406=ORIENTED_EDGE('',*,*,#862,.F.);
#407=ORIENTED_EDGE('',*,*,#863,.F.);
#408=ORIENTED_EDGE('',*,*,#864,.F.);
#409=ORIENTED_EDGE('',*,*,#865,.F.);
#410=ORIENTED_EDGE('',*,*,#866,.F.);
#411=ORIENTED_EDGE('',*,*,#867,.F.);
#412=ORIENTED_EDGE('',*,*,#868,.F.);
#413=ORIENTED_EDGE('',*,*,#869,.F.);
#414=ORIENTED_EDGE('',*,*,#870,.F.);
#415=ORIENTED_EDGE('',*,*,#871,.F.);
#416=ORIENTED_EDGE('',*,*,#872,.F.);
#417=ORIENTED_EDGE('',*,*,#873,.F.);
#418=ORIENTED_EDGE('',*,*,#874,.F.);
#419=ORIENTED_EDGE('',*,*,#875,.F.);
#420=ORIENTED_EDGE('',*,*,#876,.F.);
#421=ORIENTED_EDGE('',*,*,#877,.F.);
#422=ORIENTED_EDGE('',*,*,#878,.F.);
#423=ORIENTED_EDGE('',*,*,#879,.F.);
#424=ORIENTED_EDGE('',*,*,#880,.T.);
#425=ORIENTED_EDGE('',*,*,#881,.F.);
#426=ORIENTED_EDGE('',*,*,#882,.F.);
#427=ORIENTED_EDGE('',*,*,#883,.F.);
#428=ORIENTED_EDGE('',*,*,#884,.F.);
#429=ORIENTED_EDGE('',*,*,#885,.F.);
#430=ORIENTED_EDGE('',*,*,#884,.T.);
#431=ORIENTED_EDGE('',*,*,#886,.F.);
#432=ORIENTED_EDGE('',*,*,#887,.T.);
#433=ORIENTED_EDGE('',*,*,#888,.T.);
#434=ORIENTED_EDGE('',*,*,#889,.F.);
#435=ORIENTED_EDGE('',*,*,#890,.F.);
#436=ORIENTED_EDGE('',*,*,#855,.T.);
#437=ORIENTED_EDGE('',*,*,#891,.F.);
#438=ORIENTED_EDGE('',*,*,#890,.T.);
#439=ORIENTED_EDGE('',*,*,#892,.F.);
#440=ORIENTED_EDGE('',*,*,#891,.T.);
#441=ORIENTED_EDGE('',*,*,#893,.F.);
#442=ORIENTED_EDGE('',*,*,#892,.T.);
#443=ORIENTED_EDGE('',*,*,#893,.T.);
#444=ORIENTED_EDGE('',*,*,#889,.T.);
#445=ORIENTED_EDGE('',*,*,#888,.F.);
#446=ORIENTED_EDGE('',*,*,#883,.T.);
#447=ORIENTED_EDGE('',*,*,#882,.T.);
#448=ORIENTED_EDGE('',*,*,#881,.T.);
#449=ORIENTED_EDGE('',*,*,#887,.F.);
#450=ORIENTED_EDGE('',*,*,#880,.F.);
#451=ORIENTED_EDGE('',*,*,#886,.T.);
#452=ORIENTED_EDGE('',*,*,#885,.T.);
#453=ORIENTED_EDGE('',*,*,#894,.T.);
#454=ORIENTED_EDGE('',*,*,#895,.T.);
#455=ORIENTED_EDGE('',*,*,#896,.F.);
#456=ORIENTED_EDGE('',*,*,#896,.T.);
#457=ORIENTED_EDGE('',*,*,#897,.F.);
#458=ORIENTED_EDGE('',*,*,#898,.T.);
#459=ORIENTED_EDGE('',*,*,#899,.T.);
#460=ORIENTED_EDGE('',*,*,#900,.T.);
#461=ORIENTED_EDGE('',*,*,#901,.T.);
#462=ORIENTED_EDGE('',*,*,#902,.T.);
#463=ORIENTED_EDGE('',*,*,#903,.T.);
#464=ORIENTED_EDGE('',*,*,#904,.T.);
#465=ORIENTED_EDGE('',*,*,#905,.T.);
#466=ORIENTED_EDGE('',*,*,#906,.T.);
#467=ORIENTED_EDGE('',*,*,#907,.T.);
#468=ORIENTED_EDGE('',*,*,#908,.T.);
#469=ORIENTED_EDGE('',*,*,#909,.T.);
#470=ORIENTED_EDGE('',*,*,#897,.T.);
#471=ORIENTED_EDGE('',*,*,#910,.F.);
#472=ORIENTED_EDGE('',*,*,#911,.F.);
#473=ORIENTED_EDGE('',*,*,#898,.F.);
#474=ORIENTED_EDGE('',*,*,#912,.F.);
#475=ORIENTED_EDGE('',*,*,#911,.T.);
#476=ORIENTED_EDGE('',*,*,#913,.T.);
#477=ORIENTED_EDGE('',*,*,#914,.T.);
#478=ORIENTED_EDGE('',*,*,#899,.F.);
#479=ORIENTED_EDGE('',*,*,#900,.F.);
#480=ORIENTED_EDGE('',*,*,#914,.F.);
#481=ORIENTED_EDGE('',*,*,#915,.T.);
#482=ORIENTED_EDGE('',*,*,#913,.F.);
#483=ORIENTED_EDGE('',*,*,#916,.T.);
#484=ORIENTED_EDGE('',*,*,#901,.F.);
#485=ORIENTED_EDGE('',*,*,#915,.F.);
#486=ORIENTED_EDGE('',*,*,#916,.F.);
#487=ORIENTED_EDGE('',*,*,#917,.T.);
#488=ORIENTED_EDGE('',*,*,#918,.T.);
#489=ORIENTED_EDGE('',*,*,#902,.F.);
#490=ORIENTED_EDGE('',*,*,#903,.F.);
#491=ORIENTED_EDGE('',*,*,#918,.F.);
#492=ORIENTED_EDGE('',*,*,#919,.T.);
#493=ORIENTED_EDGE('',*,*,#917,.F.);
#494=ORIENTED_EDGE('',*,*,#920,.F.);
#495=ORIENTED_EDGE('',*,*,#904,.F.);
#496=ORIENTED_EDGE('',*,*,#919,.F.);
#497=ORIENTED_EDGE('',*,*,#920,.T.);
#498=ORIENTED_EDGE('',*,*,#921,.T.);
#499=ORIENTED_EDGE('',*,*,#922,.T.);
#500=ORIENTED_EDGE('',*,*,#905,.F.);
#501=ORIENTED_EDGE('',*,*,#906,.F.);
#502=ORIENTED_EDGE('',*,*,#922,.F.);
#503=ORIENTED_EDGE('',*,*,#923,.T.);
#504=ORIENTED_EDGE('',*,*,#921,.F.);
#505=ORIENTED_EDGE('',*,*,#924,.T.);
#506=ORIENTED_EDGE('',*,*,#907,.F.);
#507=ORIENTED_EDGE('',*,*,#923,.F.);
#508=ORIENTED_EDGE('',*,*,#924,.F.);
#509=ORIENTED_EDGE('',*,*,#910,.T.);
#510=ORIENTED_EDGE('',*,*,#925,.T.);
#511=ORIENTED_EDGE('',*,*,#908,.F.);
#512=ORIENTED_EDGE('',*,*,#909,.F.);
#513=ORIENTED_EDGE('',*,*,#925,.F.);
#514=ORIENTED_EDGE('',*,*,#912,.T.);
#515=ORIENTED_EDGE('',*,*,#926,.F.);
#516=ORIENTED_EDGE('',*,*,#927,.T.);
#517=ORIENTED_EDGE('',*,*,#928,.T.);
#518=ORIENTED_EDGE('',*,*,#929,.T.);
#519=ORIENTED_EDGE('',*,*,#930,.T.);
#520=ORIENTED_EDGE('',*,*,#931,.T.);
#521=ORIENTED_EDGE('',*,*,#932,.T.);
#522=ORIENTED_EDGE('',*,*,#933,.T.);
#523=ORIENTED_EDGE('',*,*,#934,.F.);
#524=ORIENTED_EDGE('',*,*,#935,.F.);
#525=ORIENTED_EDGE('',*,*,#936,.F.);
#526=ORIENTED_EDGE('',*,*,#937,.F.);
#527=ORIENTED_EDGE('',*,*,#930,.F.);
#528=ORIENTED_EDGE('',*,*,#938,.T.);
#529=ORIENTED_EDGE('',*,*,#932,.F.);
#530=ORIENTED_EDGE('',*,*,#939,.F.);
#531=ORIENTED_EDGE('',*,*,#940,.T.);
#532=ORIENTED_EDGE('',*,*,#941,.F.);
#533=ORIENTED_EDGE('',*,*,#942,.T.);
#534=ORIENTED_EDGE('',*,*,#861,.T.);
#535=ORIENTED_EDGE('',*,*,#943,.F.);
#536=ORIENTED_EDGE('',*,*,#944,.T.);
#537=ORIENTED_EDGE('',*,*,#945,.T.);
#538=ORIENTED_EDGE('',*,*,#867,.T.);
#539=ORIENTED_EDGE('',*,*,#946,.F.);
#540=ORIENTED_EDGE('',*,*,#947,.T.);
#541=ORIENTED_EDGE('',*,*,#948,.T.);
#542=ORIENTED_EDGE('',*,*,#859,.T.);
#543=ORIENTED_EDGE('',*,*,#949,.F.);
#544=ORIENTED_EDGE('',*,*,#950,.T.);
#545=ORIENTED_EDGE('',*,*,#943,.T.);
#546=ORIENTED_EDGE('',*,*,#860,.T.);
#547=ORIENTED_EDGE('',*,*,#948,.F.);
#548=ORIENTED_EDGE('',*,*,#951,.T.);
#549=ORIENTED_EDGE('',*,*,#952,.T.);
#550=ORIENTED_EDGE('',*,*,#856,.T.);
#551=ORIENTED_EDGE('',*,*,#945,.F.);
#552=ORIENTED_EDGE('',*,*,#953,.T.);
#553=ORIENTED_EDGE('',*,*,#954,.T.);
#554=ORIENTED_EDGE('',*,*,#857,.T.);
#555=ORIENTED_EDGE('',*,*,#952,.F.);
#556=ORIENTED_EDGE('',*,*,#955,.T.);
#557=ORIENTED_EDGE('',*,*,#949,.T.);
#558=ORIENTED_EDGE('',*,*,#858,.T.);
#559=ORIENTED_EDGE('',*,*,#954,.F.);
#560=ORIENTED_EDGE('',*,*,#956,.T.);
#561=ORIENTED_EDGE('',*,*,#894,.F.);
#562=ORIENTED_EDGE('',*,*,#957,.F.);
#563=ORIENTED_EDGE('',*,*,#944,.F.);
#564=ORIENTED_EDGE('',*,*,#951,.F.);
#565=ORIENTED_EDGE('',*,*,#950,.F.);
#566=ORIENTED_EDGE('',*,*,#956,.F.);
#567=ORIENTED_EDGE('',*,*,#955,.F.);
#568=ORIENTED_EDGE('',*,*,#953,.F.);
#569=ORIENTED_EDGE('',*,*,#947,.F.);
#570=ORIENTED_EDGE('',*,*,#958,.F.);
#571=ORIENTED_EDGE('',*,*,#941,.T.);
#572=ORIENTED_EDGE('',*,*,#959,.F.);
#573=ORIENTED_EDGE('',*,*,#960,.F.);
#574=ORIENTED_EDGE('',*,*,#931,.F.);
#575=ORIENTED_EDGE('',*,*,#961,.F.);
#576=ORIENTED_EDGE('',*,*,#962,.T.);
#577=ORIENTED_EDGE('',*,*,#939,.T.);
#578=ORIENTED_EDGE('',*,*,#937,.T.);
#579=ORIENTED_EDGE('',*,*,#963,.F.);
#580=ORIENTED_EDGE('',*,*,#926,.T.);
#581=ORIENTED_EDGE('',*,*,#960,.T.);
#582=ORIENTED_EDGE('',*,*,#964,.F.);
#583=ORIENTED_EDGE('',*,*,#961,.T.);
#584=ORIENTED_EDGE('',*,*,#936,.T.);
#585=ORIENTED_EDGE('',*,*,#965,.T.);
#586=ORIENTED_EDGE('',*,*,#862,.T.);
#587=ORIENTED_EDGE('',*,*,#942,.F.);
#588=ORIENTED_EDGE('',*,*,#966,.F.);
#589=ORIENTED_EDGE('',*,*,#946,.T.);
#590=ORIENTED_EDGE('',*,*,#866,.T.);
#591=ORIENTED_EDGE('',*,*,#967,.F.);
#592=ORIENTED_EDGE('',*,*,#968,.F.);
#593=ORIENTED_EDGE('',*,*,#969,.T.);
#594=ORIENTED_EDGE('',*,*,#864,.T.);
#595=ORIENTED_EDGE('',*,*,#970,.T.);
#596=ORIENTED_EDGE('',*,*,#940,.F.);
#597=ORIENTED_EDGE('',*,*,#895,.F.);
#598=ORIENTED_EDGE('',*,*,#958,.T.);
#599=ORIENTED_EDGE('',*,*,#968,.T.);
#600=ORIENTED_EDGE('',*,*,#971,.T.);
#601=ORIENTED_EDGE('',*,*,#964,.T.);
#602=ORIENTED_EDGE('',*,*,#972,.T.);
#603=ORIENTED_EDGE('',*,*,#966,.T.);
#604=ORIENTED_EDGE('',*,*,#957,.T.);
#605=ORIENTED_EDGE('',*,*,#967,.T.);
#606=ORIENTED_EDGE('',*,*,#865,.T.);
#607=ORIENTED_EDGE('',*,*,#969,.F.);
#608=ORIENTED_EDGE('',*,*,#962,.F.);
#609=ORIENTED_EDGE('',*,*,#971,.F.);
#610=ORIENTED_EDGE('',*,*,#970,.F.);
#611=ORIENTED_EDGE('',*,*,#863,.T.);
#612=ORIENTED_EDGE('',*,*,#965,.F.);
#613=ORIENTED_EDGE('',*,*,#972,.F.);
#614=ORIENTED_EDGE('',*,*,#959,.T.);
#615=ORIENTED_EDGE('',*,*,#973,.F.);
#616=ORIENTED_EDGE('',*,*,#974,.T.);
#617=ORIENTED_EDGE('',*,*,#975,.F.);
#618=ORIENTED_EDGE('',*,*,#976,.F.);
#619=ORIENTED_EDGE('',*,*,#977,.T.);
#620=ORIENTED_EDGE('',*,*,#978,.F.);
#621=ORIENTED_EDGE('',*,*,#979,.T.);
#622=ORIENTED_EDGE('',*,*,#980,.T.);
#623=ORIENTED_EDGE('',*,*,#978,.T.);
#624=ORIENTED_EDGE('',*,*,#981,.T.);
#625=ORIENTED_EDGE('',*,*,#976,.T.);
#626=ORIENTED_EDGE('',*,*,#982,.T.);
#627=ORIENTED_EDGE('',*,*,#983,.T.);
#628=ORIENTED_EDGE('',*,*,#984,.T.);
#629=ORIENTED_EDGE('',*,*,#985,.F.);
#630=ORIENTED_EDGE('',*,*,#980,.F.);
#631=ORIENTED_EDGE('',*,*,#986,.F.);
#632=ORIENTED_EDGE('',*,*,#987,.F.);
#633=ORIENTED_EDGE('',*,*,#988,.F.);
#634=ORIENTED_EDGE('',*,*,#974,.F.);
#635=ORIENTED_EDGE('',*,*,#988,.T.);
#636=ORIENTED_EDGE('',*,*,#989,.F.);
#637=ORIENTED_EDGE('',*,*,#982,.F.);
#638=ORIENTED_EDGE('',*,*,#975,.T.);
#639=ORIENTED_EDGE('',*,*,#987,.T.);
#640=ORIENTED_EDGE('',*,*,#990,.F.);
#641=ORIENTED_EDGE('',*,*,#983,.F.);
#642=ORIENTED_EDGE('',*,*,#989,.T.);
#643=ORIENTED_EDGE('',*,*,#986,.T.);
#644=ORIENTED_EDGE('',*,*,#979,.F.);
#645=ORIENTED_EDGE('',*,*,#984,.F.);
#646=ORIENTED_EDGE('',*,*,#990,.T.);
#647=ORIENTED_EDGE('',*,*,#933,.F.);
#648=ORIENTED_EDGE('',*,*,#938,.F.);
#649=ORIENTED_EDGE('',*,*,#929,.F.);
#650=ORIENTED_EDGE('',*,*,#991,.T.);
#651=ORIENTED_EDGE('',*,*,#981,.F.);
#652=ORIENTED_EDGE('',*,*,#992,.T.);
#653=ORIENTED_EDGE('',*,*,#935,.T.);
#654=ORIENTED_EDGE('',*,*,#993,.T.);
#655=ORIENTED_EDGE('',*,*,#985,.T.);
#656=ORIENTED_EDGE('',*,*,#994,.T.);
#657=ORIENTED_EDGE('',*,*,#927,.F.);
#658=ORIENTED_EDGE('',*,*,#963,.T.);
#659=ORIENTED_EDGE('',*,*,#977,.F.);
#660=ORIENTED_EDGE('',*,*,#993,.F.);
#661=ORIENTED_EDGE('',*,*,#934,.T.);
#662=ORIENTED_EDGE('',*,*,#992,.F.);
#663=ORIENTED_EDGE('',*,*,#994,.F.);
#664=ORIENTED_EDGE('',*,*,#973,.T.);
#665=ORIENTED_EDGE('',*,*,#991,.F.);
#666=ORIENTED_EDGE('',*,*,#928,.F.);
#667=ORIENTED_EDGE('',*,*,#995,.T.);
#668=ORIENTED_EDGE('',*,*,#996,.T.);
#669=ORIENTED_EDGE('',*,*,#997,.F.);
#670=ORIENTED_EDGE('',*,*,#997,.T.);
#671=ORIENTED_EDGE('',*,*,#998,.F.);
#672=ORIENTED_EDGE('',*,*,#999,.T.);
#673=ORIENTED_EDGE('',*,*,#1000,.T.);
#674=ORIENTED_EDGE('',*,*,#1001,.T.);
#675=ORIENTED_EDGE('',*,*,#1002,.T.);
#676=ORIENTED_EDGE('',*,*,#998,.T.);
#677=ORIENTED_EDGE('',*,*,#999,.F.);
#678=ORIENTED_EDGE('',*,*,#1003,.F.);
#679=ORIENTED_EDGE('',*,*,#1004,.T.);
#680=ORIENTED_EDGE('',*,*,#1004,.F.);
#681=ORIENTED_EDGE('',*,*,#1005,.T.);
#682=ORIENTED_EDGE('',*,*,#1006,.T.);
#683=ORIENTED_EDGE('',*,*,#1000,.F.);
#684=ORIENTED_EDGE('',*,*,#1001,.F.);
#685=ORIENTED_EDGE('',*,*,#1006,.F.);
#686=ORIENTED_EDGE('',*,*,#1007,.T.);
#687=ORIENTED_EDGE('',*,*,#1005,.F.);
#688=ORIENTED_EDGE('',*,*,#1003,.T.);
#689=ORIENTED_EDGE('',*,*,#1002,.F.);
#690=ORIENTED_EDGE('',*,*,#1007,.F.);
#691=ORIENTED_EDGE('',*,*,#1008,.F.);
#692=ORIENTED_EDGE('',*,*,#1009,.T.);
#693=ORIENTED_EDGE('',*,*,#1010,.T.);
#694=ORIENTED_EDGE('',*,*,#1011,.T.);
#695=ORIENTED_EDGE('',*,*,#1012,.T.);
#696=ORIENTED_EDGE('',*,*,#1013,.T.);
#697=ORIENTED_EDGE('',*,*,#1014,.T.);
#698=ORIENTED_EDGE('',*,*,#1015,.T.);
#699=ORIENTED_EDGE('',*,*,#1016,.F.);
#700=ORIENTED_EDGE('',*,*,#1017,.F.);
#701=ORIENTED_EDGE('',*,*,#1018,.F.);
#702=ORIENTED_EDGE('',*,*,#1019,.F.);
#703=ORIENTED_EDGE('',*,*,#1012,.F.);
#704=ORIENTED_EDGE('',*,*,#1020,.T.);
#705=ORIENTED_EDGE('',*,*,#1014,.F.);
#706=ORIENTED_EDGE('',*,*,#1021,.F.);
#707=ORIENTED_EDGE('',*,*,#1022,.T.);
#708=ORIENTED_EDGE('',*,*,#1023,.F.);
#709=ORIENTED_EDGE('',*,*,#1024,.T.);
#710=ORIENTED_EDGE('',*,*,#873,.T.);
#711=ORIENTED_EDGE('',*,*,#1025,.F.);
#712=ORIENTED_EDGE('',*,*,#1026,.T.);
#713=ORIENTED_EDGE('',*,*,#1027,.T.);
#714=ORIENTED_EDGE('',*,*,#879,.T.);
#715=ORIENTED_EDGE('',*,*,#1028,.F.);
#716=ORIENTED_EDGE('',*,*,#1029,.T.);
#717=ORIENTED_EDGE('',*,*,#1030,.T.);
#718=ORIENTED_EDGE('',*,*,#871,.T.);
#719=ORIENTED_EDGE('',*,*,#1031,.F.);
#720=ORIENTED_EDGE('',*,*,#1032,.T.);
#721=ORIENTED_EDGE('',*,*,#1025,.T.);
#722=ORIENTED_EDGE('',*,*,#872,.T.);
#723=ORIENTED_EDGE('',*,*,#1030,.F.);
#724=ORIENTED_EDGE('',*,*,#1033,.T.);
#725=ORIENTED_EDGE('',*,*,#1034,.T.);
#726=ORIENTED_EDGE('',*,*,#868,.T.);
#727=ORIENTED_EDGE('',*,*,#1027,.F.);
#728=ORIENTED_EDGE('',*,*,#1035,.T.);
#729=ORIENTED_EDGE('',*,*,#1036,.T.);
#730=ORIENTED_EDGE('',*,*,#869,.T.);
#731=ORIENTED_EDGE('',*,*,#1034,.F.);
#732=ORIENTED_EDGE('',*,*,#1037,.T.);
#733=ORIENTED_EDGE('',*,*,#1031,.T.);
#734=ORIENTED_EDGE('',*,*,#870,.T.);
#735=ORIENTED_EDGE('',*,*,#1036,.F.);
#736=ORIENTED_EDGE('',*,*,#1038,.T.);
#737=ORIENTED_EDGE('',*,*,#995,.F.);
#738=ORIENTED_EDGE('',*,*,#1039,.F.);
#739=ORIENTED_EDGE('',*,*,#1026,.F.);
#740=ORIENTED_EDGE('',*,*,#1033,.F.);
#741=ORIENTED_EDGE('',*,*,#1032,.F.);
#742=ORIENTED_EDGE('',*,*,#1038,.F.);
#743=ORIENTED_EDGE('',*,*,#1037,.F.);
#744=ORIENTED_EDGE('',*,*,#1035,.F.);
#745=ORIENTED_EDGE('',*,*,#1029,.F.);
#746=ORIENTED_EDGE('',*,*,#1040,.F.);
#747=ORIENTED_EDGE('',*,*,#1023,.T.);
#748=ORIENTED_EDGE('',*,*,#1041,.F.);
#749=ORIENTED_EDGE('',*,*,#1042,.F.);
#750=ORIENTED_EDGE('',*,*,#1013,.F.);
#751=ORIENTED_EDGE('',*,*,#1043,.F.);
#752=ORIENTED_EDGE('',*,*,#1044,.T.);
#753=ORIENTED_EDGE('',*,*,#1021,.T.);
#754=ORIENTED_EDGE('',*,*,#1019,.T.);
#755=ORIENTED_EDGE('',*,*,#1045,.F.);
#756=ORIENTED_EDGE('',*,*,#1008,.T.);
#757=ORIENTED_EDGE('',*,*,#1042,.T.);
#758=ORIENTED_EDGE('',*,*,#1046,.F.);
#759=ORIENTED_EDGE('',*,*,#1043,.T.);
#760=ORIENTED_EDGE('',*,*,#1018,.T.);
#761=ORIENTED_EDGE('',*,*,#1047,.T.);
#762=ORIENTED_EDGE('',*,*,#874,.T.);
#763=ORIENTED_EDGE('',*,*,#1024,.F.);
#764=ORIENTED_EDGE('',*,*,#1048,.F.);
#765=ORIENTED_EDGE('',*,*,#1028,.T.);
#766=ORIENTED_EDGE('',*,*,#878,.T.);
#767=ORIENTED_EDGE('',*,*,#1049,.F.);
#768=ORIENTED_EDGE('',*,*,#1050,.F.);
#769=ORIENTED_EDGE('',*,*,#1051,.T.);
#770=ORIENTED_EDGE('',*,*,#876,.T.);
#771=ORIENTED_EDGE('',*,*,#1052,.T.);
#772=ORIENTED_EDGE('',*,*,#1022,.F.);
#773=ORIENTED_EDGE('',*,*,#996,.F.);
#774=ORIENTED_EDGE('',*,*,#1040,.T.);
#775=ORIENTED_EDGE('',*,*,#1050,.T.);
#776=ORIENTED_EDGE('',*,*,#1053,.T.);
#777=ORIENTED_EDGE('',*,*,#1046,.T.);
#778=ORIENTED_EDGE('',*,*,#1054,.T.);
#779=ORIENTED_EDGE('',*,*,#1048,.T.);
#780=ORIENTED_EDGE('',*,*,#1039,.T.);
#781=ORIENTED_EDGE('',*,*,#1049,.T.);
#782=ORIENTED_EDGE('',*,*,#877,.T.);
#783=ORIENTED_EDGE('',*,*,#1051,.F.);
#784=ORIENTED_EDGE('',*,*,#1044,.F.);
#785=ORIENTED_EDGE('',*,*,#1053,.F.);
#786=ORIENTED_EDGE('',*,*,#1052,.F.);
#787=ORIENTED_EDGE('',*,*,#875,.T.);
#788=ORIENTED_EDGE('',*,*,#1047,.F.);
#789=ORIENTED_EDGE('',*,*,#1054,.F.);
#790=ORIENTED_EDGE('',*,*,#1041,.T.);
#791=ORIENTED_EDGE('',*,*,#1055,.F.);
#792=ORIENTED_EDGE('',*,*,#1056,.T.);
#793=ORIENTED_EDGE('',*,*,#1057,.F.);
#794=ORIENTED_EDGE('',*,*,#1058,.F.);
#795=ORIENTED_EDGE('',*,*,#1059,.T.);
#796=ORIENTED_EDGE('',*,*,#1060,.F.);
#797=ORIENTED_EDGE('',*,*,#1061,.T.);
#798=ORIENTED_EDGE('',*,*,#1062,.T.);
#799=ORIENTED_EDGE('',*,*,#1060,.T.);
#800=ORIENTED_EDGE('',*,*,#1063,.T.);
#801=ORIENTED_EDGE('',*,*,#1058,.T.);
#802=ORIENTED_EDGE('',*,*,#1064,.T.);
#803=ORIENTED_EDGE('',*,*,#1065,.T.);
#804=ORIENTED_EDGE('',*,*,#1066,.T.);
#805=ORIENTED_EDGE('',*,*,#1067,.F.);
#806=ORIENTED_EDGE('',*,*,#1062,.F.);
#807=ORIENTED_EDGE('',*,*,#1068,.F.);
#808=ORIENTED_EDGE('',*,*,#1069,.F.);
#809=ORIENTED_EDGE('',*,*,#1070,.F.);
#810=ORIENTED_EDGE('',*,*,#1056,.F.);
#811=ORIENTED_EDGE('',*,*,#1070,.T.);
#812=ORIENTED_EDGE('',*,*,#1071,.F.);
#813=ORIENTED_EDGE('',*,*,#1064,.F.);
#814=ORIENTED_EDGE('',*,*,#1057,.T.);
#815=ORIENTED_EDGE('',*,*,#1069,.T.);
#816=ORIENTED_EDGE('',*,*,#1072,.F.);
#817=ORIENTED_EDGE('',*,*,#1065,.F.);
#818=ORIENTED_EDGE('',*,*,#1071,.T.);
#819=ORIENTED_EDGE('',*,*,#1068,.T.);
#820=ORIENTED_EDGE('',*,*,#1061,.F.);
#821=ORIENTED_EDGE('',*,*,#1066,.F.);
#822=ORIENTED_EDGE('',*,*,#1072,.T.);
#823=ORIENTED_EDGE('',*,*,#1015,.F.);
#824=ORIENTED_EDGE('',*,*,#1020,.F.);
#825=ORIENTED_EDGE('',*,*,#1011,.F.);
#826=ORIENTED_EDGE('',*,*,#1073,.T.);
#827=ORIENTED_EDGE('',*,*,#1063,.F.);
#828=ORIENTED_EDGE('',*,*,#1074,.T.);
#829=ORIENTED_EDGE('',*,*,#1017,.T.);
#830=ORIENTED_EDGE('',*,*,#1075,.T.);
#831=ORIENTED_EDGE('',*,*,#1067,.T.);
#832=ORIENTED_EDGE('',*,*,#1076,.T.);
#833=ORIENTED_EDGE('',*,*,#1009,.F.);
#834=ORIENTED_EDGE('',*,*,#1045,.T.);
#835=ORIENTED_EDGE('',*,*,#1059,.F.);
#836=ORIENTED_EDGE('',*,*,#1075,.F.);
#837=ORIENTED_EDGE('',*,*,#1016,.T.);
#838=ORIENTED_EDGE('',*,*,#1074,.F.);
#839=ORIENTED_EDGE('',*,*,#1076,.F.);
#840=ORIENTED_EDGE('',*,*,#1055,.T.);
#841=ORIENTED_EDGE('',*,*,#1073,.F.);
#842=ORIENTED_EDGE('',*,*,#1010,.F.);
#843=ORIENTED_EDGE('',*,*,#1077,.T.);
#844=ORIENTED_EDGE('',*,*,#1078,.F.);
#845=ORIENTED_EDGE('',*,*,#1079,.T.);
#846=ORIENTED_EDGE('',*,*,#1078,.T.);
#847=ORIENTED_EDGE('',*,*,#1077,.F.);
#848=ORIENTED_EDGE('',*,*,#1079,.F.);
#849=ORIENTED_EDGE('',*,*,#1080,.T.);
#850=ORIENTED_EDGE('',*,*,#1081,.F.);
#851=ORIENTED_EDGE('',*,*,#1082,.T.);
#852=ORIENTED_EDGE('',*,*,#1081,.T.);
#853=ORIENTED_EDGE('',*,*,#1080,.F.);
#854=ORIENTED_EDGE('',*,*,#1082,.F.);
#855=EDGE_CURVE('',#1083,#1083,#1235,.T.);
#856=EDGE_CURVE('',#1084,#1085,#97,.T.);
#857=EDGE_CURVE('',#1086,#1084,#98,.T.);
#858=EDGE_CURVE('',#1087,#1086,#99,.T.);
#859=EDGE_CURVE('',#1088,#1087,#100,.T.);
#860=EDGE_CURVE('',#1089,#1088,#101,.T.);
#861=EDGE_CURVE('',#1090,#1089,#1236,.T.);
#862=EDGE_CURVE('',#1091,#1090,#67,.T.);
#863=EDGE_CURVE('',#1092,#1091,#68,.T.);
#864=EDGE_CURVE('',#1093,#1092,#102,.F.);
#865=EDGE_CURVE('',#1094,#1093,#69,.T.);
#866=EDGE_CURVE('',#1095,#1094,#70,.T.);
#867=EDGE_CURVE('',#1085,#1095,#1237,.T.);
#868=EDGE_CURVE('',#1096,#1097,#103,.T.);
#869=EDGE_CURVE('',#1098,#1096,#104,.T.);
#870=EDGE_CURVE('',#1099,#1098,#105,.T.);
#871=EDGE_CURVE('',#1100,#1099,#106,.T.);
#872=EDGE_CURVE('',#1101,#1100,#107,.T.);
#873=EDGE_CURVE('',#1102,#1101,#1238,.T.);
#874=EDGE_CURVE('',#1103,#1102,#71,.T.);
#875=EDGE_CURVE('',#1104,#1103,#72,.T.);
#876=EDGE_CURVE('',#1105,#1104,#108,.F.);
#877=EDGE_CURVE('',#1106,#1105,#73,.T.);
#878=EDGE_CURVE('',#1107,#1106,#74,.T.);
#879=EDGE_CURVE('',#1097,#1107,#1239,.T.);
#880=EDGE_CURVE('',#1108,#1108,#1240,.T.);
#881=EDGE_CURVE('',#1109,#1109,#1241,.T.);
#882=EDGE_CURVE('',#1110,#1110,#1242,.T.);
#883=EDGE_CURVE('',#1111,#1111,#1243,.T.);
#884=EDGE_CURVE('',#1112,#1112,#1244,.T.);
#885=EDGE_CURVE('',#1113,#1113,#1245,.T.);
#886=EDGE_CURVE('',#1114,#1114,#1246,.T.);
#887=EDGE_CURVE('',#1115,#1115,#1247,.T.);
#888=EDGE_CURVE('',#1116,#1116,#1248,.T.);
#889=EDGE_CURVE('',#1117,#1117,#1249,.T.);
#890=EDGE_CURVE('',#1118,#1118,#1250,.T.);
#891=EDGE_CURVE('',#1119,#1119,#1251,.T.);
#892=EDGE_CURVE('',#1120,#1120,#1252,.T.);
#893=EDGE_CURVE('',#1121,#1121,#1253,.T.);
#894=EDGE_CURVE('',#1122,#1123,#1254,.T.);
#895=EDGE_CURVE('',#1123,#1122,#75,.T.);
#896=EDGE_CURVE('',#1124,#1124,#1255,.T.);
#897=EDGE_CURVE('',#1125,#1125,#1256,.T.);
#898=EDGE_CURVE('',#1126,#1127,#109,.T.);
#899=EDGE_CURVE('',#1127,#1128,#110,.T.);
#900=EDGE_CURVE('',#1128,#1129,#111,.T.);
#901=EDGE_CURVE('',#1129,#1130,#112,.T.);
#902=EDGE_CURVE('',#1130,#1131,#113,.T.);
#903=EDGE_CURVE('',#1131,#1132,#114,.T.);
#904=EDGE_CURVE('',#1132,#1133,#115,.T.);
#905=EDGE_CURVE('',#1133,#1134,#116,.T.);
#906=EDGE_CURVE('',#1134,#1135,#117,.T.);
#907=EDGE_CURVE('',#1135,#1136,#118,.T.);
#908=EDGE_CURVE('',#1136,#1137,#119,.T.);
#909=EDGE_CURVE('',#1137,#1126,#120,.T.);
#910=EDGE_CURVE('',#1138,#1139,#121,.T.);
#911=EDGE_CURVE('',#1127,#1138,#122,.T.);
#912=EDGE_CURVE('',#1139,#1126,#123,.T.);
#913=EDGE_CURVE('',#1138,#1140,#124,.T.);
#914=EDGE_CURVE('',#1140,#1128,#125,.T.);
#915=EDGE_CURVE('',#1140,#1129,#126,.T.);
#916=EDGE_CURVE('',#1138,#1130,#127,.T.);
#917=EDGE_CURVE('',#1138,#1141,#128,.T.);
#918=EDGE_CURVE('',#1141,#1131,#129,.T.);
#919=EDGE_CURVE('',#1141,#1132,#130,.T.);
#920=EDGE_CURVE('',#1133,#1138,#131,.T.);
#921=EDGE_CURVE('',#1138,#1142,#132,.T.);
#922=EDGE_CURVE('',#1142,#1134,#133,.T.);
#923=EDGE_CURVE('',#1142,#1135,#134,.T.);
#924=EDGE_CURVE('',#1138,#1136,#135,.T.);
#925=EDGE_CURVE('',#1139,#1137,#136,.T.);
#926=EDGE_CURVE('',#1143,#1144,#137,.T.);
#927=EDGE_CURVE('',#1143,#1145,#1257,.T.);
#928=EDGE_CURVE('',#1145,#1146,#138,.T.);
#929=EDGE_CURVE('',#1146,#1147,#1258,.T.);
#930=EDGE_CURVE('',#1147,#1148,#139,.T.);
#931=EDGE_CURVE('',#1148,#1144,#140,.T.);
#932=EDGE_CURVE('',#1149,#1150,#141,.T.);
#933=EDGE_CURVE('',#1150,#1151,#1259,.T.);
#934=EDGE_CURVE('',#1152,#1151,#142,.T.);
#935=EDGE_CURVE('',#1153,#1152,#1260,.T.);
#936=EDGE_CURVE('',#1154,#1153,#143,.T.);
#937=EDGE_CURVE('',#1149,#1154,#144,.T.);
#938=EDGE_CURVE('',#1147,#1150,#145,.T.);
#939=EDGE_CURVE('',#1155,#1149,#146,.T.);
#940=EDGE_CURVE('',#1155,#1156,#147,.T.);
#941=EDGE_CURVE('',#1148,#1156,#148,.T.);
#942=EDGE_CURVE('',#1157,#1090,#149,.T.);
#943=EDGE_CURVE('',#1158,#1089,#150,.T.);
#944=EDGE_CURVE('',#1158,#1157,#1261,.T.);
#945=EDGE_CURVE('',#1159,#1085,#151,.T.);
#946=EDGE_CURVE('',#1160,#1095,#152,.T.);
#947=EDGE_CURVE('',#1160,#1159,#1262,.T.);
#948=EDGE_CURVE('',#1161,#1088,#153,.T.);
#949=EDGE_CURVE('',#1162,#1087,#154,.T.);
#950=EDGE_CURVE('',#1162,#1161,#155,.T.);
#951=EDGE_CURVE('',#1161,#1158,#156,.T.);
#952=EDGE_CURVE('',#1163,#1084,#157,.T.);
#953=EDGE_CURVE('',#1159,#1163,#158,.T.);
#954=EDGE_CURVE('',#1164,#1086,#159,.T.);
#955=EDGE_CURVE('',#1163,#1164,#160,.T.);
#956=EDGE_CURVE('',#1164,#1162,#161,.T.);
#957=EDGE_CURVE('',#1157,#1122,#162,.T.);
#958=EDGE_CURVE('',#1123,#1160,#163,.T.);
#959=EDGE_CURVE('',#1165,#1156,#164,.T.);
#960=EDGE_CURVE('',#1144,#1165,#165,.T.);
#961=EDGE_CURVE('',#1166,#1154,#166,.T.);
#962=EDGE_CURVE('',#1166,#1155,#167,.T.);
#963=EDGE_CURVE('',#1143,#1153,#168,.T.);
#964=EDGE_CURVE('',#1166,#1165,#169,.T.);
#965=EDGE_CURVE('',#1167,#1091,#170,.T.);
#966=EDGE_CURVE('',#1167,#1157,#76,.T.);
#967=EDGE_CURVE('',#1168,#1094,#171,.T.);
#968=EDGE_CURVE('',#1160,#1168,#77,.T.);
#969=EDGE_CURVE('',#1155,#1093,#78,.T.);
#970=EDGE_CURVE('',#1092,#1156,#79,.T.);
#971=EDGE_CURVE('',#1168,#1166,#80,.T.);
#972=EDGE_CURVE('',#1165,#1167,#81,.T.);
#973=EDGE_CURVE('',#1169,#1170,#172,.T.);
#974=EDGE_CURVE('',#1169,#1171,#173,.T.);
#975=EDGE_CURVE('',#1172,#1171,#174,.T.);
#976=EDGE_CURVE('',#1170,#1172,#175,.T.);
#977=EDGE_CURVE('',#1173,#1174,#176,.T.);
#978=EDGE_CURVE('',#1175,#1174,#177,.T.);
#979=EDGE_CURVE('',#1175,#1176,#178,.T.);
#980=EDGE_CURVE('',#1176,#1173,#179,.T.);
#981=EDGE_CURVE('',#1174,#1170,#180,.T.);
#982=EDGE_CURVE('',#1172,#1177,#181,.T.);
#983=EDGE_CURVE('',#1177,#1178,#1263,.T.);
#984=EDGE_CURVE('',#1178,#1175,#182,.T.);
#985=EDGE_CURVE('',#1173,#1169,#183,.T.);
#986=EDGE_CURVE('',#1179,#1176,#184,.T.);
#987=EDGE_CURVE('',#1180,#1179,#1264,.T.);
#988=EDGE_CURVE('',#1171,#1180,#185,.T.);
#989=EDGE_CURVE('',#1177,#1180,#186,.T.);
#990=EDGE_CURVE('',#1178,#1179,#187,.T.);
#991=EDGE_CURVE('',#1146,#1170,#82,.T.);
#992=EDGE_CURVE('',#1174,#1151,#83,.T.);
#993=EDGE_CURVE('',#1152,#1173,#84,.T.);
#994=EDGE_CURVE('',#1169,#1145,#85,.T.);
#995=EDGE_CURVE('',#1181,#1182,#1265,.T.);
#996=EDGE_CURVE('',#1182,#1181,#86,.T.);
#997=EDGE_CURVE('',#1183,#1183,#1266,.T.);
#998=EDGE_CURVE('',#1184,#1184,#1267,.T.);
#999=EDGE_CURVE('',#1185,#1186,#188,.T.);
#1000=EDGE_CURVE('',#1186,#1187,#189,.T.);
#1001=EDGE_CURVE('',#1187,#1188,#190,.T.);
#1002=EDGE_CURVE('',#1188,#1185,#191,.T.);
#1003=EDGE_CURVE('',#1189,#1185,#192,.T.);
#1004=EDGE_CURVE('',#1189,#1186,#193,.T.);
#1005=EDGE_CURVE('',#1189,#1190,#194,.T.);
#1006=EDGE_CURVE('',#1190,#1187,#195,.T.);
#1007=EDGE_CURVE('',#1190,#1188,#196,.T.);
#1008=EDGE_CURVE('',#1191,#1192,#197,.T.);
#1009=EDGE_CURVE('',#1191,#1193,#1268,.T.);
#1010=EDGE_CURVE('',#1193,#1194,#198,.T.);
#1011=EDGE_CURVE('',#1194,#1195,#1269,.T.);
#1012=EDGE_CURVE('',#1195,#1196,#199,.T.);
#1013=EDGE_CURVE('',#1196,#1192,#200,.T.);
#1014=EDGE_CURVE('',#1197,#1198,#201,.T.);
#1015=EDGE_CURVE('',#1198,#1199,#1270,.T.);
#1016=EDGE_CURVE('',#1200,#1199,#202,.T.);
#1017=EDGE_CURVE('',#1201,#1200,#1271,.T.);
#1018=EDGE_CURVE('',#1202,#1201,#203,.T.);
#1019=EDGE_CURVE('',#1197,#1202,#204,.T.);
#1020=EDGE_CURVE('',#1195,#1198,#205,.T.);
#1021=EDGE_CURVE('',#1203,#1197,#206,.T.);
#1022=EDGE_CURVE('',#1203,#1204,#207,.T.);
#1023=EDGE_CURVE('',#1196,#1204,#208,.T.);
#1024=EDGE_CURVE('',#1205,#1102,#209,.T.);
#1025=EDGE_CURVE('',#1206,#1101,#210,.T.);
#1026=EDGE_CURVE('',#1206,#1205,#1272,.T.);
#1027=EDGE_CURVE('',#1207,#1097,#211,.T.);
#1028=EDGE_CURVE('',#1208,#1107,#212,.T.);
#1029=EDGE_CURVE('',#1208,#1207,#1273,.T.);
#1030=EDGE_CURVE('',#1209,#1100,#213,.T.);
#1031=EDGE_CURVE('',#1210,#1099,#214,.T.);
#1032=EDGE_CURVE('',#1210,#1209,#215,.T.);
#1033=EDGE_CURVE('',#1209,#1206,#216,.T.);
#1034=EDGE_CURVE('',#1211,#1096,#217,.T.);
#1035=EDGE_CURVE('',#1207,#1211,#218,.T.);
#1036=EDGE_CURVE('',#1212,#1098,#219,.T.);
#1037=EDGE_CURVE('',#1211,#1212,#220,.T.);
#1038=EDGE_CURVE('',#1212,#1210,#221,.T.);
#1039=EDGE_CURVE('',#1205,#1181,#222,.T.);
#1040=EDGE_CURVE('',#1182,#1208,#223,.T.);
#1041=EDGE_CURVE('',#1213,#1204,#224,.T.);
#1042=EDGE_CURVE('',#1192,#1213,#225,.T.);
#1043=EDGE_CURVE('',#1214,#1202,#226,.T.);
#1044=EDGE_CURVE('',#1214,#1203,#227,.T.);
#1045=EDGE_CURVE('',#1191,#1201,#228,.T.);
#1046=EDGE_CURVE('',#1214,#1213,#229,.T.);
#1047=EDGE_CURVE('',#1215,#1103,#230,.T.);
#1048=EDGE_CURVE('',#1215,#1205,#87,.T.);
#1049=EDGE_CURVE('',#1216,#1106,#231,.T.);
#1050=EDGE_CURVE('',#1208,#1216,#88,.T.);
#1051=EDGE_CURVE('',#1203,#1105,#89,.T.);
#1052=EDGE_CURVE('',#1104,#1204,#90,.T.);
#1053=EDGE_CURVE('',#1216,#1214,#91,.T.);
#1054=EDGE_CURVE('',#1213,#1215,#92,.T.);
#1055=EDGE_CURVE('',#1217,#1218,#232,.T.);
#1056=EDGE_CURVE('',#1217,#1219,#233,.T.);
#1057=EDGE_CURVE('',#1220,#1219,#234,.T.);
#1058=EDGE_CURVE('',#1218,#1220,#235,.T.);
#1059=EDGE_CURVE('',#1221,#1222,#236,.T.);
#1060=EDGE_CURVE('',#1223,#1222,#237,.T.);
#1061=EDGE_CURVE('',#1223,#1224,#238,.T.);
#1062=EDGE_CURVE('',#1224,#1221,#239,.T.);
#1063=EDGE_CURVE('',#1222,#1218,#240,.T.);
#1064=EDGE_CURVE('',#1220,#1225,#241,.T.);
#1065=EDGE_CURVE('',#1225,#1226,#1274,.T.);
#1066=EDGE_CURVE('',#1226,#1223,#242,.T.);
#1067=EDGE_CURVE('',#1221,#1217,#243,.T.);
#1068=EDGE_CURVE('',#1227,#1224,#244,.T.);
#1069=EDGE_CURVE('',#1228,#1227,#1275,.T.);
#1070=EDGE_CURVE('',#1219,#1228,#245,.T.);
#1071=EDGE_CURVE('',#1225,#1228,#246,.T.);
#1072=EDGE_CURVE('',#1226,#1227,#247,.T.);
#1073=EDGE_CURVE('',#1194,#1218,#93,.T.);
#1074=EDGE_CURVE('',#1222,#1199,#94,.T.);
#1075=EDGE_CURVE('',#1200,#1221,#95,.T.);
#1076=EDGE_CURVE('',#1217,#1193,#96,.T.);
#1077=EDGE_CURVE('',#1229,#1229,#1276,.T.);
#1078=EDGE_CURVE('',#1230,#1230,#1277,.T.);
#1079=EDGE_CURVE('',#1231,#1231,#1278,.T.);
#1080=EDGE_CURVE('',#1232,#1232,#1279,.T.);
#1081=EDGE_CURVE('',#1233,#1233,#1280,.T.);
#1082=EDGE_CURVE('',#1234,#1234,#1281,.T.);
#1083=VERTEX_POINT('',#3049);
#1084=VERTEX_POINT('',#3051);
#1085=VERTEX_POINT('',#3052);
#1086=VERTEX_POINT('',#3054);
#1087=VERTEX_POINT('',#3056);
#1088=VERTEX_POINT('',#3058);
#1089=VERTEX_POINT('',#3060);
#1090=VERTEX_POINT('',#3062);
#1091=VERTEX_POINT('',#3067);
#1092=VERTEX_POINT('',#3072);
#1093=VERTEX_POINT('',#3074);
#1094=VERTEX_POINT('',#3079);
#1095=VERTEX_POINT('',#3084);
#1096=VERTEX_POINT('',#3087);
#1097=VERTEX_POINT('',#3088);
#1098=VERTEX_POINT('',#3090);
#1099=VERTEX_POINT('',#3092);
#1100=VERTEX_POINT('',#3094);
#1101=VERTEX_POINT('',#3096);
#1102=VERTEX_POINT('',#3098);
#1103=VERTEX_POINT('',#3103);
#1104=VERTEX_POINT('',#3108);
#1105=VERTEX_POINT('',#3110);
#1106=VERTEX_POINT('',#3115);
#1107=VERTEX_POINT('',#3120);
#1108=VERTEX_POINT('',#3124);
#1109=VERTEX_POINT('',#3126);
#1110=VERTEX_POINT('',#3129);
#1111=VERTEX_POINT('',#3131);
#1112=VERTEX_POINT('',#3134);
#1113=VERTEX_POINT('',#3137);
#1114=VERTEX_POINT('',#3140);
#1115=VERTEX_POINT('',#3142);
#1116=VERTEX_POINT('',#3145);
#1117=VERTEX_POINT('',#3147);
#1118=VERTEX_POINT('',#3150);
#1119=VERTEX_POINT('',#3153);
#1120=VERTEX_POINT('',#3156);
#1121=VERTEX_POINT('',#3159);
#1122=VERTEX_POINT('',#3167);
#1123=VERTEX_POINT('',#3168);
#1124=VERTEX_POINT('',#3175);
#1125=VERTEX_POINT('',#3178);
#1126=VERTEX_POINT('',#3181);
#1127=VERTEX_POINT('',#3182);
#1128=VERTEX_POINT('',#3184);
#1129=VERTEX_POINT('',#3186);
#1130=VERTEX_POINT('',#3188);
#1131=VERTEX_POINT('',#3190);
#1132=VERTEX_POINT('',#3192);
#1133=VERTEX_POINT('',#3194);
#1134=VERTEX_POINT('',#3196);
#1135=VERTEX_POINT('',#3198);
#1136=VERTEX_POINT('',#3200);
#1137=VERTEX_POINT('',#3202);
#1138=VERTEX_POINT('',#3206);
#1139=VERTEX_POINT('',#3207);
#1140=VERTEX_POINT('',#3212);
#1141=VERTEX_POINT('',#3220);
#1142=VERTEX_POINT('',#3228);
#1143=VERTEX_POINT('',#3239);
#1144=VERTEX_POINT('',#3240);
#1145=VERTEX_POINT('',#3242);
#1146=VERTEX_POINT('',#3244);
#1147=VERTEX_POINT('',#3246);
#1148=VERTEX_POINT('',#3248);
#1149=VERTEX_POINT('',#3252);
#1150=VERTEX_POINT('',#3253);
#1151=VERTEX_POINT('',#3255);
#1152=VERTEX_POINT('',#3257);
#1153=VERTEX_POINT('',#3259);
#1154=VERTEX_POINT('',#3261);
#1155=VERTEX_POINT('',#3266);
#1156=VERTEX_POINT('',#3268);
#1157=VERTEX_POINT('',#3272);
#1158=VERTEX_POINT('',#3274);
#1159=VERTEX_POINT('',#3278);
#1160=VERTEX_POINT('',#3280);
#1161=VERTEX_POINT('',#3284);
#1162=VERTEX_POINT('',#3286);
#1163=VERTEX_POINT('',#3292);
#1164=VERTEX_POINT('',#3296);
#1165=VERTEX_POINT('',#3305);
#1166=VERTEX_POINT('',#3309);
#1167=VERTEX_POINT('',#3335);
#1168=VERTEX_POINT('',#3361);
#1169=VERTEX_POINT('',#3410);
#1170=VERTEX_POINT('',#3411);
#1171=VERTEX_POINT('',#3413);
#1172=VERTEX_POINT('',#3415);
#1173=VERTEX_POINT('',#3419);
#1174=VERTEX_POINT('',#3420);
#1175=VERTEX_POINT('',#3422);
#1176=VERTEX_POINT('',#3424);
#1177=VERTEX_POINT('',#3429);
#1178=VERTEX_POINT('',#3431);
#1179=VERTEX_POINT('',#3436);
#1180=VERTEX_POINT('',#3438);
#1181=VERTEX_POINT('',#3481);
#1182=VERTEX_POINT('',#3482);
#1183=VERTEX_POINT('',#3489);
#1184=VERTEX_POINT('',#3492);
#1185=VERTEX_POINT('',#3495);
#1186=VERTEX_POINT('',#3496);
#1187=VERTEX_POINT('',#3498);
#1188=VERTEX_POINT('',#3500);
#1189=VERTEX_POINT('',#3504);
#1190=VERTEX_POINT('',#3508);
#1191=VERTEX_POINT('',#3515);
#1192=VERTEX_POINT('',#3516);
#1193=VERTEX_POINT('',#3518);
#1194=VERTEX_POINT('',#3520);
#1195=VERTEX_POINT('',#3522);
#1196=VERTEX_POINT('',#3524);
#1197=VERTEX_POINT('',#3528);
#1198=VERTEX_POINT('',#3529);
#1199=VERTEX_POINT('',#3531);
#1200=VERTEX_POINT('',#3533);
#1201=VERTEX_POINT('',#3535);
#1202=VERTEX_POINT('',#3537);
#1203=VERTEX_POINT('',#3542);
#1204=VERTEX_POINT('',#3544);
#1205=VERTEX_POINT('',#3548);
#1206=VERTEX_POINT('',#3550);
#1207=VERTEX_POINT('',#3554);
#1208=VERTEX_POINT('',#3556);
#1209=VERTEX_POINT('',#3560);
#1210=VERTEX_POINT('',#3562);
#1211=VERTEX_POINT('',#3568);
#1212=VERTEX_POINT('',#3572);
#1213=VERTEX_POINT('',#3581);
#1214=VERTEX_POINT('',#3585);
#1215=VERTEX_POINT('',#3611);
#1216=VERTEX_POINT('',#3637);
#1217=VERTEX_POINT('',#3686);
#1218=VERTEX_POINT('',#3687);
#1219=VERTEX_POINT('',#3689);
#1220=VERTEX_POINT('',#3691);
#1221=VERTEX_POINT('',#3695);
#1222=VERTEX_POINT('',#3696);
#1223=VERTEX_POINT('',#3698);
#1224=VERTEX_POINT('',#3700);
#1225=VERTEX_POINT('',#3705);
#1226=VERTEX_POINT('',#3707);
#1227=VERTEX_POINT('',#3712);
#1228=VERTEX_POINT('',#3714);
#1229=VERTEX_POINT('',#3757);
#1230=VERTEX_POINT('',#3759);
#1231=VERTEX_POINT('',#3762);
#1232=VERTEX_POINT('',#3766);
#1233=VERTEX_POINT('',#3768);
#1234=VERTEX_POINT('',#3771);
#1235=CIRCLE('',#2471,15.);
#1236=CIRCLE('',#2472,4.);
#1237=CIRCLE('',#2473,4.);
#1238=CIRCLE('',#2474,4.);
#1239=CIRCLE('',#2475,4.);
#1240=CIRCLE('',#2477,17.5);
#1241=CIRCLE('',#2478,17.4714285714289);
#1242=CIRCLE('',#2480,17.4714285714289);
#1243=CIRCLE('',#2481,17.5);
#1244=CIRCLE('',#2483,14.);
#1245=CIRCLE('',#2485,14.);
#1246=CIRCLE('',#2487,16.4);
#1247=CIRCLE('',#2488,17.5);
#1248=CIRCLE('',#2490,17.5);
#1249=CIRCLE('',#2491,16.25);
#1250=CIRCLE('',#2493,15.);
#1251=CIRCLE('',#2495,16.15);
#1252=CIRCLE('',#2497,14.);
#1253=CIRCLE('',#2499,14.);
#1254=CIRCLE('',#2506,2.);
#1255=CIRCLE('',#2507,2.);
#1256=CIRCLE('',#2509,1.8);
#1257=CIRCLE('',#2524,1.);
#1258=CIRCLE('',#2525,1.8);
#1259=CIRCLE('',#2527,1.8);
#1260=CIRCLE('',#2528,1.);
#1261=CIRCLE('',#2531,4.);
#1262=CIRCLE('',#2533,4.);
#1263=CIRCLE('',#2548,0.4);
#1264=CIRCLE('',#2550,0.4);
#1265=CIRCLE('',#2557,2.);
#1266=CIRCLE('',#2558,2.);
#1267=CIRCLE('',#2560,1.8);
#1268=CIRCLE('',#2567,1.);
#1269=CIRCLE('',#2568,1.8);
#1270=CIRCLE('',#2570,1.8);
#1271=CIRCLE('',#2571,1.);
#1272=CIRCLE('',#2574,4.);
#1273=CIRCLE('',#2576,4.);
#1274=CIRCLE('',#2591,0.4);
#1275=CIRCLE('',#2593,0.4);
#1276=CIRCLE('',#2600,1.3);
#1277=CIRCLE('',#2601,1.28);
#1278=CIRCLE('',#2603,1.3);
#1279=CIRCLE('',#2606,1.3);
#1280=CIRCLE('',#2607,1.28);
#1281=CIRCLE('',#2609,1.3);
#1282=EDGE_LOOP('',(#399));
#1283=EDGE_LOOP('',(#400,#401,#402,#403,#404,#405,#406,#407,#408,#409,#410,
#411));
#1284=EDGE_LOOP('',(#412,#413,#414,#415,#416,#417,#418,#419,#420,#421,#422,
#423));
#1285=EDGE_LOOP('',(#424));
#1286=EDGE_LOOP('',(#425));
#1287=EDGE_LOOP('',(#426));
#1288=EDGE_LOOP('',(#427));
#1289=EDGE_LOOP('',(#428));
#1290=EDGE_LOOP('',(#429));
#1291=EDGE_LOOP('',(#430));
#1292=EDGE_LOOP('',(#431));
#1293=EDGE_LOOP('',(#432));
#1294=EDGE_LOOP('',(#433));
#1295=EDGE_LOOP('',(#434));
#1296=EDGE_LOOP('',(#435));
#1297=EDGE_LOOP('',(#436));
#1298=EDGE_LOOP('',(#437));
#1299=EDGE_LOOP('',(#438));
#1300=EDGE_LOOP('',(#439));
#1301=EDGE_LOOP('',(#440));
#1302=EDGE_LOOP('',(#441));
#1303=EDGE_LOOP('',(#442));
#1304=EDGE_LOOP('',(#443));
#1305=EDGE_LOOP('',(#444));
#1306=EDGE_LOOP('',(#445));
#1307=EDGE_LOOP('',(#446));
#1308=EDGE_LOOP('',(#447));
#1309=EDGE_LOOP('',(#448));
#1310=EDGE_LOOP('',(#449));
#1311=EDGE_LOOP('',(#450));
#1312=EDGE_LOOP('',(#451));
#1313=EDGE_LOOP('',(#452));
#1314=EDGE_LOOP('',(#453,#454));
#1315=EDGE_LOOP('',(#455));
#1316=EDGE_LOOP('',(#456));
#1317=EDGE_LOOP('',(#457));
#1318=EDGE_LOOP('',(#458,#459,#460,#461,#462,#463,#464,#465,#466,#467,#468,
#469));
#1319=EDGE_LOOP('',(#470));
#1320=EDGE_LOOP('',(#471,#472,#473,#474));
#1321=EDGE_LOOP('',(#475,#476,#477,#478));
#1322=EDGE_LOOP('',(#479,#480,#481));
#1323=EDGE_LOOP('',(#482,#483,#484,#485));
#1324=EDGE_LOOP('',(#486,#487,#488,#489));
#1325=EDGE_LOOP('',(#490,#491,#492));
#1326=EDGE_LOOP('',(#493,#494,#495,#496));
#1327=EDGE_LOOP('',(#497,#498,#499,#500));
#1328=EDGE_LOOP('',(#501,#502,#503));
#1329=EDGE_LOOP('',(#504,#505,#506,#507));
#1330=EDGE_LOOP('',(#508,#509,#510,#511));
#1331=EDGE_LOOP('',(#512,#513,#514));
#1332=EDGE_LOOP('',(#515,#516,#517,#518,#519,#520));
#1333=EDGE_LOOP('',(#521,#522,#523,#524,#525,#526));
#1334=EDGE_LOOP('',(#527,#528,#529,#530,#531,#532));
#1335=EDGE_LOOP('',(#533,#534,#535,#536));
#1336=EDGE_LOOP('',(#537,#538,#539,#540));
#1337=EDGE_LOOP('',(#541,#542,#543,#544));
#1338=EDGE_LOOP('',(#545,#546,#547,#548));
#1339=EDGE_LOOP('',(#549,#550,#551,#552));
#1340=EDGE_LOOP('',(#553,#554,#555,#556));
#1341=EDGE_LOOP('',(#557,#558,#559,#560));
#1342=EDGE_LOOP('',(#561,#562,#563,#564,#565,#566,#567,#568,#569,#570));
#1343=EDGE_LOOP('',(#571,#572,#573,#574));
#1344=EDGE_LOOP('',(#575,#576,#577,#578));
#1345=EDGE_LOOP('',(#579,#580,#581,#582,#583,#584));
#1346=EDGE_LOOP('',(#585,#586,#587,#588));
#1347=EDGE_LOOP('',(#589,#590,#591,#592));
#1348=EDGE_LOOP('',(#593,#594,#595,#596));
#1349=EDGE_LOOP('',(#597,#598,#599,#600,#601,#602,#603,#604));
#1350=EDGE_LOOP('',(#605,#606,#607,#608,#609));
#1351=EDGE_LOOP('',(#610,#611,#612,#613,#614));
#1352=EDGE_LOOP('',(#615,#616,#617,#618));
#1353=EDGE_LOOP('',(#619,#620,#621,#622));
#1354=EDGE_LOOP('',(#623,#624,#625,#626,#627,#628));
#1355=EDGE_LOOP('',(#629,#630,#631,#632,#633,#634));
#1356=EDGE_LOOP('',(#635,#636,#637,#638));
#1357=EDGE_LOOP('',(#639,#640,#641,#642));
#1358=EDGE_LOOP('',(#643,#644,#645,#646));
#1359=EDGE_LOOP('',(#647,#648,#649,#650,#651,#652));
#1360=EDGE_LOOP('',(#653,#654,#655,#656,#657,#658));
#1361=EDGE_LOOP('',(#659,#660,#661,#662));
#1362=EDGE_LOOP('',(#663,#664,#665,#666));
#1363=EDGE_LOOP('',(#667,#668));
#1364=EDGE_LOOP('',(#669));
#1365=EDGE_LOOP('',(#670));
#1366=EDGE_LOOP('',(#671));
#1367=EDGE_LOOP('',(#672,#673,#674,#675));
#1368=EDGE_LOOP('',(#676));
#1369=EDGE_LOOP('',(#677,#678,#679));
#1370=EDGE_LOOP('',(#680,#681,#682,#683));
#1371=EDGE_LOOP('',(#684,#685,#686));
#1372=EDGE_LOOP('',(#687,#688,#689,#690));
#1373=EDGE_LOOP('',(#691,#692,#693,#694,#695,#696));
#1374=EDGE_LOOP('',(#697,#698,#699,#700,#701,#702));
#1375=EDGE_LOOP('',(#703,#704,#705,#706,#707,#708));
#1376=EDGE_LOOP('',(#709,#710,#711,#712));
#1377=EDGE_LOOP('',(#713,#714,#715,#716));
#1378=EDGE_LOOP('',(#717,#718,#719,#720));
#1379=EDGE_LOOP('',(#721,#722,#723,#724));
#1380=EDGE_LOOP('',(#725,#726,#727,#728));
#1381=EDGE_LOOP('',(#729,#730,#731,#732));
#1382=EDGE_LOOP('',(#733,#734,#735,#736));
#1383=EDGE_LOOP('',(#737,#738,#739,#740,#741,#742,#743,#744,#745,#746));
#1384=EDGE_LOOP('',(#747,#748,#749,#750));
#1385=EDGE_LOOP('',(#751,#752,#753,#754));
#1386=EDGE_LOOP('',(#755,#756,#757,#758,#759,#760));
#1387=EDGE_LOOP('',(#761,#762,#763,#764));
#1388=EDGE_LOOP('',(#765,#766,#767,#768));
#1389=EDGE_LOOP('',(#769,#770,#771,#772));
#1390=EDGE_LOOP('',(#773,#774,#775,#776,#777,#778,#779,#780));
#1391=EDGE_LOOP('',(#781,#782,#783,#784,#785));
#1392=EDGE_LOOP('',(#786,#787,#788,#789,#790));
#1393=EDGE_LOOP('',(#791,#792,#793,#794));
#1394=EDGE_LOOP('',(#795,#796,#797,#798));
#1395=EDGE_LOOP('',(#799,#800,#801,#802,#803,#804));
#1396=EDGE_LOOP('',(#805,#806,#807,#808,#809,#810));
#1397=EDGE_LOOP('',(#811,#812,#813,#814));
#1398=EDGE_LOOP('',(#815,#816,#817,#818));
#1399=EDGE_LOOP('',(#819,#820,#821,#822));
#1400=EDGE_LOOP('',(#823,#824,#825,#826,#827,#828));
#1401=EDGE_LOOP('',(#829,#830,#831,#832,#833,#834));
#1402=EDGE_LOOP('',(#835,#836,#837,#838));
#1403=EDGE_LOOP('',(#839,#840,#841,#842));
#1404=EDGE_LOOP('',(#843));
#1405=EDGE_LOOP('',(#844));
#1406=EDGE_LOOP('',(#845));
#1407=EDGE_LOOP('',(#846));
#1408=EDGE_LOOP('',(#847));
#1409=EDGE_LOOP('',(#848));
#1410=EDGE_LOOP('',(#849));
#1411=EDGE_LOOP('',(#850));
#1412=EDGE_LOOP('',(#851));
#1413=EDGE_LOOP('',(#852));
#1414=EDGE_LOOP('',(#853));
#1415=EDGE_LOOP('',(#854));
#1416=FACE_BOUND('',#1282,.T.);
#1417=FACE_BOUND('',#1283,.T.);
#1418=FACE_BOUND('',#1284,.T.);
#1419=FACE_BOUND('',#1285,.T.);
#1420=FACE_BOUND('',#1286,.T.);
#1421=FACE_BOUND('',#1287,.T.);
#1422=FACE_BOUND('',#1288,.T.);
#1423=FACE_BOUND('',#1289,.T.);
#1424=FACE_BOUND('',#1290,.T.);
#1425=FACE_BOUND('',#1291,.T.);
#1426=FACE_BOUND('',#1292,.T.);
#1427=FACE_BOUND('',#1293,.T.);
#1428=FACE_BOUND('',#1294,.T.);
#1429=FACE_BOUND('',#1295,.T.);
#1430=FACE_BOUND('',#1296,.T.);
#1431=FACE_BOUND('',#1297,.T.);
#1432=FACE_BOUND('',#1298,.T.);
#1433=FACE_BOUND('',#1299,.T.);
#1434=FACE_BOUND('',#1300,.T.);
#1435=FACE_BOUND('',#1301,.T.);
#1436=FACE_BOUND('',#1302,.T.);
#1437=FACE_BOUND('',#1303,.T.);
#1438=FACE_BOUND('',#1304,.T.);
#1439=FACE_BOUND('',#1305,.T.);
#1440=FACE_BOUND('',#1306,.T.);
#1441=FACE_BOUND('',#1307,.T.);
#1442=FACE_BOUND('',#1308,.T.);
#1443=FACE_BOUND('',#1309,.T.);
#1444=FACE_BOUND('',#1310,.T.);
#1445=FACE_BOUND('',#1311,.T.);
#1446=FACE_BOUND('',#1312,.T.);
#1447=FACE_BOUND('',#1313,.T.);
#1448=FACE_BOUND('',#1314,.T.);
#1449=FACE_BOUND('',#1315,.T.);
#1450=FACE_BOUND('',#1316,.T.);
#1451=FACE_BOUND('',#1317,.T.);
#1452=FACE_BOUND('',#1318,.T.);
#1453=FACE_BOUND('',#1319,.T.);
#1454=FACE_BOUND('',#1320,.T.);
#1455=FACE_BOUND('',#1321,.T.);
#1456=FACE_BOUND('',#1322,.T.);
#1457=FACE_BOUND('',#1323,.T.);
#1458=FACE_BOUND('',#1324,.T.);
#1459=FACE_BOUND('',#1325,.T.);
#1460=FACE_BOUND('',#1326,.T.);
#1461=FACE_BOUND('',#1327,.T.);
#1462=FACE_BOUND('',#1328,.T.);
#1463=FACE_BOUND('',#1329,.T.);
#1464=FACE_BOUND('',#1330,.T.);
#1465=FACE_BOUND('',#1331,.T.);
#1466=FACE_BOUND('',#1332,.T.);
#1467=FACE_BOUND('',#1333,.T.);
#1468=FACE_BOUND('',#1334,.T.);
#1469=FACE_BOUND('',#1335,.T.);
#1470=FACE_BOUND('',#1336,.T.);
#1471=FACE_BOUND('',#1337,.T.);
#1472=FACE_BOUND('',#1338,.T.);
#1473=FACE_BOUND('',#1339,.T.);
#1474=FACE_BOUND('',#1340,.T.);
#1475=FACE_BOUND('',#1341,.T.);
#1476=FACE_BOUND('',#1342,.T.);
#1477=FACE_BOUND('',#1343,.T.);
#1478=FACE_BOUND('',#1344,.T.);
#1479=FACE_BOUND('',#1345,.T.);
#1480=FACE_BOUND('',#1346,.T.);
#1481=FACE_BOUND('',#1347,.T.);
#1482=FACE_BOUND('',#1348,.T.);
#1483=FACE_BOUND('',#1349,.T.);
#1484=FACE_BOUND('',#1350,.T.);
#1485=FACE_BOUND('',#1351,.T.);
#1486=FACE_BOUND('',#1352,.T.);
#1487=FACE_BOUND('',#1353,.T.);
#1488=FACE_BOUND('',#1354,.T.);
#1489=FACE_BOUND('',#1355,.T.);
#1490=FACE_BOUND('',#1356,.T.);
#1491=FACE_BOUND('',#1357,.T.);
#1492=FACE_BOUND('',#1358,.T.);
#1493=FACE_BOUND('',#1359,.T.);
#1494=FACE_BOUND('',#1360,.T.);
#1495=FACE_BOUND('',#1361,.T.);
#1496=FACE_BOUND('',#1362,.T.);
#1497=FACE_BOUND('',#1363,.T.);
#1498=FACE_BOUND('',#1364,.T.);
#1499=FACE_BOUND('',#1365,.T.);
#1500=FACE_BOUND('',#1366,.T.);
#1501=FACE_BOUND('',#1367,.T.);
#1502=FACE_BOUND('',#1368,.T.);
#1503=FACE_BOUND('',#1369,.T.);
#1504=FACE_BOUND('',#1370,.T.);
#1505=FACE_BOUND('',#1371,.T.);
#1506=FACE_BOUND('',#1372,.T.);
#1507=FACE_BOUND('',#1373,.T.);
#1508=FACE_BOUND('',#1374,.T.);
#1509=FACE_BOUND('',#1375,.T.);
#1510=FACE_BOUND('',#1376,.T.);
#1511=FACE_BOUND('',#1377,.T.);
#1512=FACE_BOUND('',#1378,.T.);
#1513=FACE_BOUND('',#1379,.T.);
#1514=FACE_BOUND('',#1380,.T.);
#1515=FACE_BOUND('',#1381,.T.);
#1516=FACE_BOUND('',#1382,.T.);
#1517=FACE_BOUND('',#1383,.T.);
#1518=FACE_BOUND('',#1384,.T.);
#1519=FACE_BOUND('',#1385,.T.);
#1520=FACE_BOUND('',#1386,.T.);
#1521=FACE_BOUND('',#1387,.T.);
#1522=FACE_BOUND('',#1388,.T.);
#1523=FACE_BOUND('',#1389,.T.);
#1524=FACE_BOUND('',#1390,.T.);
#1525=FACE_BOUND('',#1391,.T.);
#1526=FACE_BOUND('',#1392,.T.);
#1527=FACE_BOUND('',#1393,.T.);
#1528=FACE_BOUND('',#1394,.T.);
#1529=FACE_BOUND('',#1395,.T.);
#1530=FACE_BOUND('',#1396,.T.);
#1531=FACE_BOUND('',#1397,.T.);
#1532=FACE_BOUND('',#1398,.T.);
#1533=FACE_BOUND('',#1399,.T.);
#1534=FACE_BOUND('',#1400,.T.);
#1535=FACE_BOUND('',#1401,.T.);
#1536=FACE_BOUND('',#1402,.T.);
#1537=FACE_BOUND('',#1403,.T.);
#1538=FACE_BOUND('',#1404,.T.);
#1539=FACE_BOUND('',#1405,.T.);
#1540=FACE_BOUND('',#1406,.T.);
#1541=FACE_BOUND('',#1407,.T.);
#1542=FACE_BOUND('',#1408,.T.);
#1543=FACE_BOUND('',#1409,.T.);
#1544=FACE_BOUND('',#1410,.T.);
#1545=FACE_BOUND('',#1411,.T.);
#1546=FACE_BOUND('',#1412,.T.);
#1547=FACE_BOUND('',#1413,.T.);
#1548=FACE_BOUND('',#1414,.T.);
#1549=FACE_BOUND('',#1415,.T.);
#1550=PLANE('',#2470);
#1551=PLANE('',#2482);
#1552=PLANE('',#2496);
#1553=PLANE('',#2500);
#1554=PLANE('',#2504);
#1555=PLANE('',#2510);
#1556=PLANE('',#2511);
#1557=PLANE('',#2512);
#1558=PLANE('',#2513);
#1559=PLANE('',#2514);
#1560=PLANE('',#2515);
#1561=PLANE('',#2516);
#1562=PLANE('',#2517);
#1563=PLANE('',#2518);
#1564=PLANE('',#2519);
#1565=PLANE('',#2520);
#1566=PLANE('',#2521);
#1567=PLANE('',#2522);
#1568=PLANE('',#2523);
#1569=PLANE('',#2526);
#1570=PLANE('',#2529);
#1571=PLANE('',#2534);
#1572=PLANE('',#2535);
#1573=PLANE('',#2536);
#1574=PLANE('',#2537);
#1575=PLANE('',#2538);
#1576=PLANE('',#2539);
#1577=PLANE('',#2540);
#1578=PLANE('',#2541);
#1579=PLANE('',#2542);
#1580=PLANE('',#2545);
#1581=PLANE('',#2546);
#1582=PLANE('',#2547);
#1583=PLANE('',#2549);
#1584=PLANE('',#2551);
#1585=PLANE('',#2553);
#1586=PLANE('',#2561);
#1587=PLANE('',#2562);
#1588=PLANE('',#2563);
#1589=PLANE('',#2564);
#1590=PLANE('',#2565);
#1591=PLANE('',#2566);
#1592=PLANE('',#2569);
#1593=PLANE('',#2572);
#1594=PLANE('',#2577);
#1595=PLANE('',#2578);
#1596=PLANE('',#2579);
#1597=PLANE('',#2580);
#1598=PLANE('',#2581);
#1599=PLANE('',#2582);
#1600=PLANE('',#2583);
#1601=PLANE('',#2584);
#1602=PLANE('',#2585);
#1603=PLANE('',#2588);
#1604=PLANE('',#2589);
#1605=PLANE('',#2590);
#1606=PLANE('',#2592);
#1607=PLANE('',#2594);
#1608=PLANE('',#2596);
#1609=PLANE('',#2599);
#1610=PLANE('',#2605);
#1611=STYLED_ITEM('',(#1717),#2357);
#1612=STYLED_ITEM('',(#1718),#2358);
#1613=STYLED_ITEM('',(#1719),#2359);
#1614=STYLED_ITEM('',(#1720),#2360);
#1615=STYLED_ITEM('',(#1721),#2361);
#1616=STYLED_ITEM('',(#1722),#2362);
#1617=STYLED_ITEM('',(#1723),#2363);
#1618=STYLED_ITEM('',(#1724),#2364);
#1619=STYLED_ITEM('',(#1725),#2365);
#1620=STYLED_ITEM('',(#1726),#2366);
#1621=STYLED_ITEM('',(#1727),#2367);
#1622=STYLED_ITEM('',(#1728),#2368);
#1623=STYLED_ITEM('',(#1729),#2369);
#1624=STYLED_ITEM('',(#1730),#2370);
#1625=STYLED_ITEM('',(#1731),#2371);
#1626=STYLED_ITEM('',(#1732),#2372);
#1627=STYLED_ITEM('',(#1733),#2373);
#1628=STYLED_ITEM('',(#1734),#2374);
#1629=STYLED_ITEM('',(#1735),#2375);
#1630=STYLED_ITEM('',(#1736),#2376);
#1631=STYLED_ITEM('',(#1737),#2377);
#1632=STYLED_ITEM('',(#1738),#2378);
#1633=STYLED_ITEM('',(#1739),#2379);
#1634=STYLED_ITEM('',(#1740),#2380);
#1635=STYLED_ITEM('',(#1741),#2381);
#1636=STYLED_ITEM('',(#1742),#2382);
#1637=STYLED_ITEM('',(#1743),#2383);
#1638=STYLED_ITEM('',(#1744),#2384);
#1639=STYLED_ITEM('',(#1745),#2385);
#1640=STYLED_ITEM('',(#1746),#2386);
#1641=STYLED_ITEM('',(#1747),#2387);
#1642=STYLED_ITEM('',(#1748),#2388);
#1643=STYLED_ITEM('',(#1749),#2389);
#1644=STYLED_ITEM('',(#1750),#2390);
#1645=STYLED_ITEM('',(#1751),#2391);
#1646=STYLED_ITEM('',(#1752),#2392);
#1647=STYLED_ITEM('',(#1753),#2393);
#1648=STYLED_ITEM('',(#1754),#2394);
#1649=STYLED_ITEM('',(#1755),#2395);
#1650=STYLED_ITEM('',(#1756),#2396);
#1651=STYLED_ITEM('',(#1757),#2397);
#1652=STYLED_ITEM('',(#1758),#2398);
#1653=STYLED_ITEM('',(#1759),#2399);
#1654=STYLED_ITEM('',(#1760),#2400);
#1655=STYLED_ITEM('',(#1761),#2401);
#1656=STYLED_ITEM('',(#1762),#2402);
#1657=STYLED_ITEM('',(#1763),#2403);
#1658=STYLED_ITEM('',(#1764),#2404);
#1659=STYLED_ITEM('',(#1765),#2405);
#1660=STYLED_ITEM('',(#1766),#2406);
#1661=STYLED_ITEM('',(#1767),#2407);
#1662=STYLED_ITEM('',(#1768),#2408);
#1663=STYLED_ITEM('',(#1769),#2409);
#1664=STYLED_ITEM('',(#1770),#2410);
#1665=STYLED_ITEM('',(#1771),#2411);
#1666=STYLED_ITEM('',(#1772),#2412);
#1667=STYLED_ITEM('',(#1773),#2413);
#1668=STYLED_ITEM('',(#1774),#2414);
#1669=STYLED_ITEM('',(#1775),#2415);
#1670=STYLED_ITEM('',(#1776),#2416);
#1671=STYLED_ITEM('',(#1777),#2417);
#1672=STYLED_ITEM('',(#1778),#2418);
#1673=STYLED_ITEM('',(#1779),#2419);
#1674=STYLED_ITEM('',(#1780),#2420);
#1675=STYLED_ITEM('',(#1781),#2421);
#1676=STYLED_ITEM('',(#1782),#2422);
#1677=STYLED_ITEM('',(#1783),#2423);
#1678=STYLED_ITEM('',(#1784),#2424);
#1679=STYLED_ITEM('',(#1785),#2425);
#1680=STYLED_ITEM('',(#1786),#2426);
#1681=STYLED_ITEM('',(#1787),#2427);
#1682=STYLED_ITEM('',(#1788),#2428);
#1683=STYLED_ITEM('',(#1789),#2429);
#1684=STYLED_ITEM('',(#1790),#2430);
#1685=STYLED_ITEM('',(#1791),#2431);
#1686=STYLED_ITEM('',(#1792),#2432);
#1687=STYLED_ITEM('',(#1793),#2433);
#1688=STYLED_ITEM('',(#1794),#2434);
#1689=STYLED_ITEM('',(#1795),#2435);
#1690=STYLED_ITEM('',(#1796),#2436);
#1691=STYLED_ITEM('',(#1797),#2437);
#1692=STYLED_ITEM('',(#1798),#2438);
#1693=STYLED_ITEM('',(#1799),#2439);
#1694=STYLED_ITEM('',(#1800),#2440);
#1695=STYLED_ITEM('',(#1801),#2441);
#1696=STYLED_ITEM('',(#1802),#2442);
#1697=STYLED_ITEM('',(#1803),#2443);
#1698=STYLED_ITEM('',(#1804),#2444);
#1699=STYLED_ITEM('',(#1805),#2445);
#1700=STYLED_ITEM('',(#1806),#2446);
#1701=STYLED_ITEM('',(#1807),#2447);
#1702=STYLED_ITEM('',(#1808),#2448);
#1703=STYLED_ITEM('',(#1809),#2449);
#1704=STYLED_ITEM('',(#1810),#2450);
#1705=STYLED_ITEM('',(#1811),#2451);
#1706=STYLED_ITEM('',(#1812),#2452);
#1707=STYLED_ITEM('',(#1813),#2453);
#1708=STYLED_ITEM('',(#1814),#2454);
#1709=STYLED_ITEM('',(#1815),#2455);
#1710=STYLED_ITEM('',(#1816),#2456);
#1711=STYLED_ITEM('',(#1817),#2457);
#1712=STYLED_ITEM('',(#1818),#2458);
#1713=STYLED_ITEM('',(#1819),#2459);
#1714=STYLED_ITEM('',(#1820),#2460);
#1715=STYLED_ITEM('',(#1821),#2461);
#1716=STYLED_ITEM('',(#1822),#2462);
#1717=PRESENTATION_STYLE_ASSIGNMENT((#1823));
#1718=PRESENTATION_STYLE_ASSIGNMENT((#1824));
#1719=PRESENTATION_STYLE_ASSIGNMENT((#1825));
#1720=PRESENTATION_STYLE_ASSIGNMENT((#1826));
#1721=PRESENTATION_STYLE_ASSIGNMENT((#1827));
#1722=PRESENTATION_STYLE_ASSIGNMENT((#1828));
#1723=PRESENTATION_STYLE_ASSIGNMENT((#1829));
#1724=PRESENTATION_STYLE_ASSIGNMENT((#1830));
#1725=PRESENTATION_STYLE_ASSIGNMENT((#1831));
#1726=PRESENTATION_STYLE_ASSIGNMENT((#1832));
#1727=PRESENTATION_STYLE_ASSIGNMENT((#1833));
#1728=PRESENTATION_STYLE_ASSIGNMENT((#1834));
#1729=PRESENTATION_STYLE_ASSIGNMENT((#1835));
#1730=PRESENTATION_STYLE_ASSIGNMENT((#1836));
#1731=PRESENTATION_STYLE_ASSIGNMENT((#1837));
#1732=PRESENTATION_STYLE_ASSIGNMENT((#1838));
#1733=PRESENTATION_STYLE_ASSIGNMENT((#1839));
#1734=PRESENTATION_STYLE_ASSIGNMENT((#1840));
#1735=PRESENTATION_STYLE_ASSIGNMENT((#1841));
#1736=PRESENTATION_STYLE_ASSIGNMENT((#1842));
#1737=PRESENTATION_STYLE_ASSIGNMENT((#1843));
#1738=PRESENTATION_STYLE_ASSIGNMENT((#1844));
#1739=PRESENTATION_STYLE_ASSIGNMENT((#1845));
#1740=PRESENTATION_STYLE_ASSIGNMENT((#1846));
#1741=PRESENTATION_STYLE_ASSIGNMENT((#1847));
#1742=PRESENTATION_STYLE_ASSIGNMENT((#1848));
#1743=PRESENTATION_STYLE_ASSIGNMENT((#1849));
#1744=PRESENTATION_STYLE_ASSIGNMENT((#1850));
#1745=PRESENTATION_STYLE_ASSIGNMENT((#1851));
#1746=PRESENTATION_STYLE_ASSIGNMENT((#1852));
#1747=PRESENTATION_STYLE_ASSIGNMENT((#1853));
#1748=PRESENTATION_STYLE_ASSIGNMENT((#1854));
#1749=PRESENTATION_STYLE_ASSIGNMENT((#1855));
#1750=PRESENTATION_STYLE_ASSIGNMENT((#1856));
#1751=PRESENTATION_STYLE_ASSIGNMENT((#1857));
#1752=PRESENTATION_STYLE_ASSIGNMENT((#1858));
#1753=PRESENTATION_STYLE_ASSIGNMENT((#1859));
#1754=PRESENTATION_STYLE_ASSIGNMENT((#1860));
#1755=PRESENTATION_STYLE_ASSIGNMENT((#1861));
#1756=PRESENTATION_STYLE_ASSIGNMENT((#1862));
#1757=PRESENTATION_STYLE_ASSIGNMENT((#1863));
#1758=PRESENTATION_STYLE_ASSIGNMENT((#1864));
#1759=PRESENTATION_STYLE_ASSIGNMENT((#1865));
#1760=PRESENTATION_STYLE_ASSIGNMENT((#1866));
#1761=PRESENTATION_STYLE_ASSIGNMENT((#1867));
#1762=PRESENTATION_STYLE_ASSIGNMENT((#1868));
#1763=PRESENTATION_STYLE_ASSIGNMENT((#1869));
#1764=PRESENTATION_STYLE_ASSIGNMENT((#1870));
#1765=PRESENTATION_STYLE_ASSIGNMENT((#1871));
#1766=PRESENTATION_STYLE_ASSIGNMENT((#1872));
#1767=PRESENTATION_STYLE_ASSIGNMENT((#1873));
#1768=PRESENTATION_STYLE_ASSIGNMENT((#1874));
#1769=PRESENTATION_STYLE_ASSIGNMENT((#1875));
#1770=PRESENTATION_STYLE_ASSIGNMENT((#1876));
#1771=PRESENTATION_STYLE_ASSIGNMENT((#1877));
#1772=PRESENTATION_STYLE_ASSIGNMENT((#1878));
#1773=PRESENTATION_STYLE_ASSIGNMENT((#1879));
#1774=PRESENTATION_STYLE_ASSIGNMENT((#1880));
#1775=PRESENTATION_STYLE_ASSIGNMENT((#1881));
#1776=PRESENTATION_STYLE_ASSIGNMENT((#1882));
#1777=PRESENTATION_STYLE_ASSIGNMENT((#1883));
#1778=PRESENTATION_STYLE_ASSIGNMENT((#1884));
#1779=PRESENTATION_STYLE_ASSIGNMENT((#1885));
#1780=PRESENTATION_STYLE_ASSIGNMENT((#1886));
#1781=PRESENTATION_STYLE_ASSIGNMENT((#1887));
#1782=PRESENTATION_STYLE_ASSIGNMENT((#1888));
#1783=PRESENTATION_STYLE_ASSIGNMENT((#1889));
#1784=PRESENTATION_STYLE_ASSIGNMENT((#1890));
#1785=PRESENTATION_STYLE_ASSIGNMENT((#1891));
#1786=PRESENTATION_STYLE_ASSIGNMENT((#1892));
#1787=PRESENTATION_STYLE_ASSIGNMENT((#1893));
#1788=PRESENTATION_STYLE_ASSIGNMENT((#1894));
#1789=PRESENTATION_STYLE_ASSIGNMENT((#1895));
#1790=PRESENTATION_STYLE_ASSIGNMENT((#1896));
#1791=PRESENTATION_STYLE_ASSIGNMENT((#1897));
#1792=PRESENTATION_STYLE_ASSIGNMENT((#1898));
#1793=PRESENTATION_STYLE_ASSIGNMENT((#1899));
#1794=PRESENTATION_STYLE_ASSIGNMENT((#1900));
#1795=PRESENTATION_STYLE_ASSIGNMENT((#1901));
#1796=PRESENTATION_STYLE_ASSIGNMENT((#1902));
#1797=PRESENTATION_STYLE_ASSIGNMENT((#1903));
#1798=PRESENTATION_STYLE_ASSIGNMENT((#1904));
#1799=PRESENTATION_STYLE_ASSIGNMENT((#1905));
#1800=PRESENTATION_STYLE_ASSIGNMENT((#1906));
#1801=PRESENTATION_STYLE_ASSIGNMENT((#1907));
#1802=PRESENTATION_STYLE_ASSIGNMENT((#1908));
#1803=PRESENTATION_STYLE_ASSIGNMENT((#1909));
#1804=PRESENTATION_STYLE_ASSIGNMENT((#1910));
#1805=PRESENTATION_STYLE_ASSIGNMENT((#1911));
#1806=PRESENTATION_STYLE_ASSIGNMENT((#1912));
#1807=PRESENTATION_STYLE_ASSIGNMENT((#1913));
#1808=PRESENTATION_STYLE_ASSIGNMENT((#1914));
#1809=PRESENTATION_STYLE_ASSIGNMENT((#1915));
#1810=PRESENTATION_STYLE_ASSIGNMENT((#1916));
#1811=PRESENTATION_STYLE_ASSIGNMENT((#1917));
#1812=PRESENTATION_STYLE_ASSIGNMENT((#1918));
#1813=PRESENTATION_STYLE_ASSIGNMENT((#1919));
#1814=PRESENTATION_STYLE_ASSIGNMENT((#1920));
#1815=PRESENTATION_STYLE_ASSIGNMENT((#1921));
#1816=PRESENTATION_STYLE_ASSIGNMENT((#1922));
#1817=PRESENTATION_STYLE_ASSIGNMENT((#1923));
#1818=PRESENTATION_STYLE_ASSIGNMENT((#1924));
#1819=PRESENTATION_STYLE_ASSIGNMENT((#1925));
#1820=PRESENTATION_STYLE_ASSIGNMENT((#1926));
#1821=PRESENTATION_STYLE_ASSIGNMENT((#1927));
#1822=PRESENTATION_STYLE_ASSIGNMENT((#1928));
#1823=SURFACE_STYLE_USAGE(.BOTH.,#1929);
#1824=SURFACE_STYLE_USAGE(.BOTH.,#1930);
#1825=SURFACE_STYLE_USAGE(.BOTH.,#1931);
#1826=SURFACE_STYLE_USAGE(.BOTH.,#1932);
#1827=SURFACE_STYLE_USAGE(.BOTH.,#1933);
#1828=SURFACE_STYLE_USAGE(.BOTH.,#1934);
#1829=SURFACE_STYLE_USAGE(.BOTH.,#1935);
#1830=SURFACE_STYLE_USAGE(.BOTH.,#1936);
#1831=SURFACE_STYLE_USAGE(.BOTH.,#1937);
#1832=SURFACE_STYLE_USAGE(.BOTH.,#1938);
#1833=SURFACE_STYLE_USAGE(.BOTH.,#1939);
#1834=SURFACE_STYLE_USAGE(.BOTH.,#1940);
#1835=SURFACE_STYLE_USAGE(.BOTH.,#1941);
#1836=SURFACE_STYLE_USAGE(.BOTH.,#1942);
#1837=SURFACE_STYLE_USAGE(.BOTH.,#1943);
#1838=SURFACE_STYLE_USAGE(.BOTH.,#1944);
#1839=SURFACE_STYLE_USAGE(.BOTH.,#1945);
#1840=SURFACE_STYLE_USAGE(.BOTH.,#1946);
#1841=SURFACE_STYLE_USAGE(.BOTH.,#1947);
#1842=SURFACE_STYLE_USAGE(.BOTH.,#1948);
#1843=SURFACE_STYLE_USAGE(.BOTH.,#1949);
#1844=SURFACE_STYLE_USAGE(.BOTH.,#1950);
#1845=SURFACE_STYLE_USAGE(.BOTH.,#1951);
#1846=SURFACE_STYLE_USAGE(.BOTH.,#1952);
#1847=SURFACE_STYLE_USAGE(.BOTH.,#1953);
#1848=SURFACE_STYLE_USAGE(.BOTH.,#1954);
#1849=SURFACE_STYLE_USAGE(.BOTH.,#1955);
#1850=SURFACE_STYLE_USAGE(.BOTH.,#1956);
#1851=SURFACE_STYLE_USAGE(.BOTH.,#1957);
#1852=SURFACE_STYLE_USAGE(.BOTH.,#1958);
#1853=SURFACE_STYLE_USAGE(.BOTH.,#1959);
#1854=SURFACE_STYLE_USAGE(.BOTH.,#1960);
#1855=SURFACE_STYLE_USAGE(.BOTH.,#1961);
#1856=SURFACE_STYLE_USAGE(.BOTH.,#1962);
#1857=SURFACE_STYLE_USAGE(.BOTH.,#1963);
#1858=SURFACE_STYLE_USAGE(.BOTH.,#1964);
#1859=SURFACE_STYLE_USAGE(.BOTH.,#1965);
#1860=SURFACE_STYLE_USAGE(.BOTH.,#1966);
#1861=SURFACE_STYLE_USAGE(.BOTH.,#1967);
#1862=SURFACE_STYLE_USAGE(.BOTH.,#1968);
#1863=SURFACE_STYLE_USAGE(.BOTH.,#1969);
#1864=SURFACE_STYLE_USAGE(.BOTH.,#1970);
#1865=SURFACE_STYLE_USAGE(.BOTH.,#1971);
#1866=SURFACE_STYLE_USAGE(.BOTH.,#1972);
#1867=SURFACE_STYLE_USAGE(.BOTH.,#1973);
#1868=SURFACE_STYLE_USAGE(.BOTH.,#1974);
#1869=SURFACE_STYLE_USAGE(.BOTH.,#1975);
#1870=SURFACE_STYLE_USAGE(.BOTH.,#1976);
#1871=SURFACE_STYLE_USAGE(.BOTH.,#1977);
#1872=SURFACE_STYLE_USAGE(.BOTH.,#1978);
#1873=SURFACE_STYLE_USAGE(.BOTH.,#1979);
#1874=SURFACE_STYLE_USAGE(.BOTH.,#1980);
#1875=SURFACE_STYLE_USAGE(.BOTH.,#1981);
#1876=SURFACE_STYLE_USAGE(.BOTH.,#1982);
#1877=SURFACE_STYLE_USAGE(.BOTH.,#1983);
#1878=SURFACE_STYLE_USAGE(.BOTH.,#1984);
#1879=SURFACE_STYLE_USAGE(.BOTH.,#1985);
#1880=SURFACE_STYLE_USAGE(.BOTH.,#1986);
#1881=SURFACE_STYLE_USAGE(.BOTH.,#1987);
#1882=SURFACE_STYLE_USAGE(.BOTH.,#1988);
#1883=SURFACE_STYLE_USAGE(.BOTH.,#1989);
#1884=SURFACE_STYLE_USAGE(.BOTH.,#1990);
#1885=SURFACE_STYLE_USAGE(.BOTH.,#1991);
#1886=SURFACE_STYLE_USAGE(.BOTH.,#1992);
#1887=SURFACE_STYLE_USAGE(.BOTH.,#1993);
#1888=SURFACE_STYLE_USAGE(.BOTH.,#1994);
#1889=SURFACE_STYLE_USAGE(.BOTH.,#1995);
#1890=SURFACE_STYLE_USAGE(.BOTH.,#1996);
#1891=SURFACE_STYLE_USAGE(.BOTH.,#1997);
#1892=SURFACE_STYLE_USAGE(.BOTH.,#1998);
#1893=SURFACE_STYLE_USAGE(.BOTH.,#1999);
#1894=SURFACE_STYLE_USAGE(.BOTH.,#2000);
#1895=SURFACE_STYLE_USAGE(.BOTH.,#2001);
#1896=SURFACE_STYLE_USAGE(.BOTH.,#2002);
#1897=SURFACE_STYLE_USAGE(.BOTH.,#2003);
#1898=SURFACE_STYLE_USAGE(.BOTH.,#2004);
#1899=SURFACE_STYLE_USAGE(.BOTH.,#2005);
#1900=SURFACE_STYLE_USAGE(.BOTH.,#2006);
#1901=SURFACE_STYLE_USAGE(.BOTH.,#2007);
#1902=SURFACE_STYLE_USAGE(.BOTH.,#2008);
#1903=SURFACE_STYLE_USAGE(.BOTH.,#2009);
#1904=SURFACE_STYLE_USAGE(.BOTH.,#2010);
#1905=SURFACE_STYLE_USAGE(.BOTH.,#2011);
#1906=SURFACE_STYLE_USAGE(.BOTH.,#2012);
#1907=SURFACE_STYLE_USAGE(.BOTH.,#2013);
#1908=SURFACE_STYLE_USAGE(.BOTH.,#2014);
#1909=SURFACE_STYLE_USAGE(.BOTH.,#2015);
#1910=SURFACE_STYLE_USAGE(.BOTH.,#2016);
#1911=SURFACE_STYLE_USAGE(.BOTH.,#2017);
#1912=SURFACE_STYLE_USAGE(.BOTH.,#2018);
#1913=SURFACE_STYLE_USAGE(.BOTH.,#2019);
#1914=SURFACE_STYLE_USAGE(.BOTH.,#2020);
#1915=SURFACE_STYLE_USAGE(.BOTH.,#2021);
#1916=SURFACE_STYLE_USAGE(.BOTH.,#2022);
#1917=SURFACE_STYLE_USAGE(.BOTH.,#2023);
#1918=SURFACE_STYLE_USAGE(.BOTH.,#2024);
#1919=SURFACE_STYLE_USAGE(.BOTH.,#2025);
#1920=SURFACE_STYLE_USAGE(.BOTH.,#2026);
#1921=SURFACE_STYLE_USAGE(.BOTH.,#2027);
#1922=SURFACE_STYLE_USAGE(.BOTH.,#2028);
#1923=SURFACE_STYLE_USAGE(.BOTH.,#2029);
#1924=SURFACE_STYLE_USAGE(.BOTH.,#2030);
#1925=SURFACE_STYLE_USAGE(.BOTH.,#2031);
#1926=SURFACE_STYLE_USAGE(.BOTH.,#2032);
#1927=SURFACE_STYLE_USAGE(.BOTH.,#2033);
#1928=SURFACE_STYLE_USAGE(.BOTH.,#2034);
#1929=SURFACE_SIDE_STYLE('',(#2035));
#1930=SURFACE_SIDE_STYLE('',(#2036));
#1931=SURFACE_SIDE_STYLE('',(#2037));
#1932=SURFACE_SIDE_STYLE('',(#2038));
#1933=SURFACE_SIDE_STYLE('',(#2039));
#1934=SURFACE_SIDE_STYLE('',(#2040));
#1935=SURFACE_SIDE_STYLE('',(#2041));
#1936=SURFACE_SIDE_STYLE('',(#2042));
#1937=SURFACE_SIDE_STYLE('',(#2043));
#1938=SURFACE_SIDE_STYLE('',(#2044));
#1939=SURFACE_SIDE_STYLE('',(#2045));
#1940=SURFACE_SIDE_STYLE('',(#2046));
#1941=SURFACE_SIDE_STYLE('',(#2047));
#1942=SURFACE_SIDE_STYLE('',(#2048));
#1943=SURFACE_SIDE_STYLE('',(#2049));
#1944=SURFACE_SIDE_STYLE('',(#2050));
#1945=SURFACE_SIDE_STYLE('',(#2051));
#1946=SURFACE_SIDE_STYLE('',(#2052));
#1947=SURFACE_SIDE_STYLE('',(#2053));
#1948=SURFACE_SIDE_STYLE('',(#2054));
#1949=SURFACE_SIDE_STYLE('',(#2055));
#1950=SURFACE_SIDE_STYLE('',(#2056));
#1951=SURFACE_SIDE_STYLE('',(#2057));
#1952=SURFACE_SIDE_STYLE('',(#2058));
#1953=SURFACE_SIDE_STYLE('',(#2059));
#1954=SURFACE_SIDE_STYLE('',(#2060));
#1955=SURFACE_SIDE_STYLE('',(#2061));
#1956=SURFACE_SIDE_STYLE('',(#2062));
#1957=SURFACE_SIDE_STYLE('',(#2063));
#1958=SURFACE_SIDE_STYLE('',(#2064));
#1959=SURFACE_SIDE_STYLE('',(#2065));
#1960=SURFACE_SIDE_STYLE('',(#2066));
#1961=SURFACE_SIDE_STYLE('',(#2067));
#1962=SURFACE_SIDE_STYLE('',(#2068));
#1963=SURFACE_SIDE_STYLE('',(#2069));
#1964=SURFACE_SIDE_STYLE('',(#2070));
#1965=SURFACE_SIDE_STYLE('',(#2071));
#1966=SURFACE_SIDE_STYLE('',(#2072));
#1967=SURFACE_SIDE_STYLE('',(#2073));
#1968=SURFACE_SIDE_STYLE('',(#2074));
#1969=SURFACE_SIDE_STYLE('',(#2075));
#1970=SURFACE_SIDE_STYLE('',(#2076));
#1971=SURFACE_SIDE_STYLE('',(#2077));
#1972=SURFACE_SIDE_STYLE('',(#2078));
#1973=SURFACE_SIDE_STYLE('',(#2079));
#1974=SURFACE_SIDE_STYLE('',(#2080));
#1975=SURFACE_SIDE_STYLE('',(#2081));
#1976=SURFACE_SIDE_STYLE('',(#2082));
#1977=SURFACE_SIDE_STYLE('',(#2083));
#1978=SURFACE_SIDE_STYLE('',(#2084));
#1979=SURFACE_SIDE_STYLE('',(#2085));
#1980=SURFACE_SIDE_STYLE('',(#2086));
#1981=SURFACE_SIDE_STYLE('',(#2087));
#1982=SURFACE_SIDE_STYLE('',(#2088));
#1983=SURFACE_SIDE_STYLE('',(#2089));
#1984=SURFACE_SIDE_STYLE('',(#2090));
#1985=SURFACE_SIDE_STYLE('',(#2091));
#1986=SURFACE_SIDE_STYLE('',(#2092));
#1987=SURFACE_SIDE_STYLE('',(#2093));
#1988=SURFACE_SIDE_STYLE('',(#2094));
#1989=SURFACE_SIDE_STYLE('',(#2095));
#1990=SURFACE_SIDE_STYLE('',(#2096));
#1991=SURFACE_SIDE_STYLE('',(#2097));
#1992=SURFACE_SIDE_STYLE('',(#2098));
#1993=SURFACE_SIDE_STYLE('',(#2099));
#1994=SURFACE_SIDE_STYLE('',(#2100));
#1995=SURFACE_SIDE_STYLE('',(#2101));
#1996=SURFACE_SIDE_STYLE('',(#2102));
#1997=SURFACE_SIDE_STYLE('',(#2103));
#1998=SURFACE_SIDE_STYLE('',(#2104));
#1999=SURFACE_SIDE_STYLE('',(#2105));
#2000=SURFACE_SIDE_STYLE('',(#2106));
#2001=SURFACE_SIDE_STYLE('',(#2107));
#2002=SURFACE_SIDE_STYLE('',(#2108));
#2003=SURFACE_SIDE_STYLE('',(#2109));
#2004=SURFACE_SIDE_STYLE('',(#2110));
#2005=SURFACE_SIDE_STYLE('',(#2111));
#2006=SURFACE_SIDE_STYLE('',(#2112));
#2007=SURFACE_SIDE_STYLE('',(#2113));
#2008=SURFACE_SIDE_STYLE('',(#2114));
#2009=SURFACE_SIDE_STYLE('',(#2115));
#2010=SURFACE_SIDE_STYLE('',(#2116));
#2011=SURFACE_SIDE_STYLE('',(#2117));
#2012=SURFACE_SIDE_STYLE('',(#2118));
#2013=SURFACE_SIDE_STYLE('',(#2119));
#2014=SURFACE_SIDE_STYLE('',(#2120));
#2015=SURFACE_SIDE_STYLE('',(#2121));
#2016=SURFACE_SIDE_STYLE('',(#2122));
#2017=SURFACE_SIDE_STYLE('',(#2123));
#2018=SURFACE_SIDE_STYLE('',(#2124));
#2019=SURFACE_SIDE_STYLE('',(#2125));
#2020=SURFACE_SIDE_STYLE('',(#2126));
#2021=SURFACE_SIDE_STYLE('',(#2127));
#2022=SURFACE_SIDE_STYLE('',(#2128));
#2023=SURFACE_SIDE_STYLE('',(#2129));
#2024=SURFACE_SIDE_STYLE('',(#2130));
#2025=SURFACE_SIDE_STYLE('',(#2131));
#2026=SURFACE_SIDE_STYLE('',(#2132));
#2027=SURFACE_SIDE_STYLE('',(#2133));
#2028=SURFACE_SIDE_STYLE('',(#2134));
#2029=SURFACE_SIDE_STYLE('',(#2135));
#2030=SURFACE_SIDE_STYLE('',(#2136));
#2031=SURFACE_SIDE_STYLE('',(#2137));
#2032=SURFACE_SIDE_STYLE('',(#2138));
#2033=SURFACE_SIDE_STYLE('',(#2139));
#2034=SURFACE_SIDE_STYLE('',(#2140));
#2035=SURFACE_STYLE_FILL_AREA(#2141);
#2036=SURFACE_STYLE_FILL_AREA(#2142);
#2037=SURFACE_STYLE_FILL_AREA(#2143);
#2038=SURFACE_STYLE_FILL_AREA(#2144);
#2039=SURFACE_STYLE_FILL_AREA(#2145);
#2040=SURFACE_STYLE_FILL_AREA(#2146);
#2041=SURFACE_STYLE_FILL_AREA(#2147);
#2042=SURFACE_STYLE_FILL_AREA(#2148);
#2043=SURFACE_STYLE_FILL_AREA(#2149);
#2044=SURFACE_STYLE_FILL_AREA(#2150);
#2045=SURFACE_STYLE_FILL_AREA(#2151);
#2046=SURFACE_STYLE_FILL_AREA(#2152);
#2047=SURFACE_STYLE_FILL_AREA(#2153);
#2048=SURFACE_STYLE_FILL_AREA(#2154);
#2049=SURFACE_STYLE_FILL_AREA(#2155);
#2050=SURFACE_STYLE_FILL_AREA(#2156);
#2051=SURFACE_STYLE_FILL_AREA(#2157);
#2052=SURFACE_STYLE_FILL_AREA(#2158);
#2053=SURFACE_STYLE_FILL_AREA(#2159);
#2054=SURFACE_STYLE_FILL_AREA(#2160);
#2055=SURFACE_STYLE_FILL_AREA(#2161);
#2056=SURFACE_STYLE_FILL_AREA(#2162);
#2057=SURFACE_STYLE_FILL_AREA(#2163);
#2058=SURFACE_STYLE_FILL_AREA(#2164);
#2059=SURFACE_STYLE_FILL_AREA(#2165);
#2060=SURFACE_STYLE_FILL_AREA(#2166);
#2061=SURFACE_STYLE_FILL_AREA(#2167);
#2062=SURFACE_STYLE_FILL_AREA(#2168);
#2063=SURFACE_STYLE_FILL_AREA(#2169);
#2064=SURFACE_STYLE_FILL_AREA(#2170);
#2065=SURFACE_STYLE_FILL_AREA(#2171);
#2066=SURFACE_STYLE_FILL_AREA(#2172);
#2067=SURFACE_STYLE_FILL_AREA(#2173);
#2068=SURFACE_STYLE_FILL_AREA(#2174);
#2069=SURFACE_STYLE_FILL_AREA(#2175);
#2070=SURFACE_STYLE_FILL_AREA(#2176);
#2071=SURFACE_STYLE_FILL_AREA(#2177);
#2072=SURFACE_STYLE_FILL_AREA(#2178);
#2073=SURFACE_STYLE_FILL_AREA(#2179);
#2074=SURFACE_STYLE_FILL_AREA(#2180);
#2075=SURFACE_STYLE_FILL_AREA(#2181);
#2076=SURFACE_STYLE_FILL_AREA(#2182);
#2077=SURFACE_STYLE_FILL_AREA(#2183);
#2078=SURFACE_STYLE_FILL_AREA(#2184);
#2079=SURFACE_STYLE_FILL_AREA(#2185);
#2080=SURFACE_STYLE_FILL_AREA(#2186);
#2081=SURFACE_STYLE_FILL_AREA(#2187);
#2082=SURFACE_STYLE_FILL_AREA(#2188);
#2083=SURFACE_STYLE_FILL_AREA(#2189);
#2084=SURFACE_STYLE_FILL_AREA(#2190);
#2085=SURFACE_STYLE_FILL_AREA(#2191);
#2086=SURFACE_STYLE_FILL_AREA(#2192);
#2087=SURFACE_STYLE_FILL_AREA(#2193);
#2088=SURFACE_STYLE_FILL_AREA(#2194);
#2089=SURFACE_STYLE_FILL_AREA(#2195);
#2090=SURFACE_STYLE_FILL_AREA(#2196);
#2091=SURFACE_STYLE_FILL_AREA(#2197);
#2092=SURFACE_STYLE_FILL_AREA(#2198);
#2093=SURFACE_STYLE_FILL_AREA(#2199);
#2094=SURFACE_STYLE_FILL_AREA(#2200);
#2095=SURFACE_STYLE_FILL_AREA(#2201);
#2096=SURFACE_STYLE_FILL_AREA(#2202);
#2097=SURFACE_STYLE_FILL_AREA(#2203);
#2098=SURFACE_STYLE_FILL_AREA(#2204);
#2099=SURFACE_STYLE_FILL_AREA(#2205);
#2100=SURFACE_STYLE_FILL_AREA(#2206);
#2101=SURFACE_STYLE_FILL_AREA(#2207);
#2102=SURFACE_STYLE_FILL_AREA(#2208);
#2103=SURFACE_STYLE_FILL_AREA(#2209);
#2104=SURFACE_STYLE_FILL_AREA(#2210);
#2105=SURFACE_STYLE_FILL_AREA(#2211);
#2106=SURFACE_STYLE_FILL_AREA(#2212);
#2107=SURFACE_STYLE_FILL_AREA(#2213);
#2108=SURFACE_STYLE_FILL_AREA(#2214);
#2109=SURFACE_STYLE_FILL_AREA(#2215);
#2110=SURFACE_STYLE_FILL_AREA(#2216);
#2111=SURFACE_STYLE_FILL_AREA(#2217);
#2112=SURFACE_STYLE_FILL_AREA(#2218);
#2113=SURFACE_STYLE_FILL_AREA(#2219);
#2114=SURFACE_STYLE_FILL_AREA(#2220);
#2115=SURFACE_STYLE_FILL_AREA(#2221);
#2116=SURFACE_STYLE_FILL_AREA(#2222);
#2117=SURFACE_STYLE_FILL_AREA(#2223);
#2118=SURFACE_STYLE_FILL_AREA(#2224);
#2119=SURFACE_STYLE_FILL_AREA(#2225);
#2120=SURFACE_STYLE_FILL_AREA(#2226);
#2121=SURFACE_STYLE_FILL_AREA(#2227);
#2122=SURFACE_STYLE_FILL_AREA(#2228);
#2123=SURFACE_STYLE_FILL_AREA(#2229);
#2124=SURFACE_STYLE_FILL_AREA(#2230);
#2125=SURFACE_STYLE_FILL_AREA(#2231);
#2126=SURFACE_STYLE_FILL_AREA(#2232);
#2127=SURFACE_STYLE_FILL_AREA(#2233);
#2128=SURFACE_STYLE_FILL_AREA(#2234);
#2129=SURFACE_STYLE_FILL_AREA(#2235);
#2130=SURFACE_STYLE_FILL_AREA(#2236);
#2131=SURFACE_STYLE_FILL_AREA(#2237);
#2132=SURFACE_STYLE_FILL_AREA(#2238);
#2133=SURFACE_STYLE_FILL_AREA(#2239);
#2134=SURFACE_STYLE_FILL_AREA(#2240);
#2135=SURFACE_STYLE_FILL_AREA(#2241);
#2136=SURFACE_STYLE_FILL_AREA(#2242);
#2137=SURFACE_STYLE_FILL_AREA(#2243);
#2138=SURFACE_STYLE_FILL_AREA(#2244);
#2139=SURFACE_STYLE_FILL_AREA(#2245);
#2140=SURFACE_STYLE_FILL_AREA(#2246);
#2141=FILL_AREA_STYLE('',(#2247));
#2142=FILL_AREA_STYLE('',(#2248));
#2143=FILL_AREA_STYLE('',(#2249));
#2144=FILL_AREA_STYLE('',(#2250));
#2145=FILL_AREA_STYLE('',(#2251));
#2146=FILL_AREA_STYLE('',(#2252));
#2147=FILL_AREA_STYLE('',(#2253));
#2148=FILL_AREA_STYLE('',(#2254));
#2149=FILL_AREA_STYLE('',(#2255));
#2150=FILL_AREA_STYLE('',(#2256));
#2151=FILL_AREA_STYLE('',(#2257));
#2152=FILL_AREA_STYLE('',(#2258));
#2153=FILL_AREA_STYLE('',(#2259));
#2154=FILL_AREA_STYLE('',(#2260));
#2155=FILL_AREA_STYLE('',(#2261));
#2156=FILL_AREA_STYLE('',(#2262));
#2157=FILL_AREA_STYLE('',(#2263));
#2158=FILL_AREA_STYLE('',(#2264));
#2159=FILL_AREA_STYLE('',(#2265));
#2160=FILL_AREA_STYLE('',(#2266));
#2161=FILL_AREA_STYLE('',(#2267));
#2162=FILL_AREA_STYLE('',(#2268));
#2163=FILL_AREA_STYLE('',(#2269));
#2164=FILL_AREA_STYLE('',(#2270));
#2165=FILL_AREA_STYLE('',(#2271));
#2166=FILL_AREA_STYLE('',(#2272));
#2167=FILL_AREA_STYLE('',(#2273));
#2168=FILL_AREA_STYLE('',(#2274));
#2169=FILL_AREA_STYLE('',(#2275));
#2170=FILL_AREA_STYLE('',(#2276));
#2171=FILL_AREA_STYLE('',(#2277));
#2172=FILL_AREA_STYLE('',(#2278));
#2173=FILL_AREA_STYLE('',(#2279));
#2174=FILL_AREA_STYLE('',(#2280));
#2175=FILL_AREA_STYLE('',(#2281));
#2176=FILL_AREA_STYLE('',(#2282));
#2177=FILL_AREA_STYLE('',(#2283));
#2178=FILL_AREA_STYLE('',(#2284));
#2179=FILL_AREA_STYLE('',(#2285));
#2180=FILL_AREA_STYLE('',(#2286));
#2181=FILL_AREA_STYLE('',(#2287));
#2182=FILL_AREA_STYLE('',(#2288));
#2183=FILL_AREA_STYLE('',(#2289));
#2184=FILL_AREA_STYLE('',(#2290));
#2185=FILL_AREA_STYLE('',(#2291));
#2186=FILL_AREA_STYLE('',(#2292));
#2187=FILL_AREA_STYLE('',(#2293));
#2188=FILL_AREA_STYLE('',(#2294));
#2189=FILL_AREA_STYLE('',(#2295));
#2190=FILL_AREA_STYLE('',(#2296));
#2191=FILL_AREA_STYLE('',(#2297));
#2192=FILL_AREA_STYLE('',(#2298));
#2193=FILL_AREA_STYLE('',(#2299));
#2194=FILL_AREA_STYLE('',(#2300));
#2195=FILL_AREA_STYLE('',(#2301));
#2196=FILL_AREA_STYLE('',(#2302));
#2197=FILL_AREA_STYLE('',(#2303));
#2198=FILL_AREA_STYLE('',(#2304));
#2199=FILL_AREA_STYLE('',(#2305));
#2200=FILL_AREA_STYLE('',(#2306));
#2201=FILL_AREA_STYLE('',(#2307));
#2202=FILL_AREA_STYLE('',(#2308));
#2203=FILL_AREA_STYLE('',(#2309));
#2204=FILL_AREA_STYLE('',(#2310));
#2205=FILL_AREA_STYLE('',(#2311));
#2206=FILL_AREA_STYLE('',(#2312));
#2207=FILL_AREA_STYLE('',(#2313));
#2208=FILL_AREA_STYLE('',(#2314));
#2209=FILL_AREA_STYLE('',(#2315));
#2210=FILL_AREA_STYLE('',(#2316));
#2211=FILL_AREA_STYLE('',(#2317));
#2212=FILL_AREA_STYLE('',(#2318));
#2213=FILL_AREA_STYLE('',(#2319));
#2214=FILL_AREA_STYLE('',(#2320));
#2215=FILL_AREA_STYLE('',(#2321));
#2216=FILL_AREA_STYLE('',(#2322));
#2217=FILL_AREA_STYLE('',(#2323));
#2218=FILL_AREA_STYLE('',(#2324));
#2219=FILL_AREA_STYLE('',(#2325));
#2220=FILL_AREA_STYLE('',(#2326));
#2221=FILL_AREA_STYLE('',(#2327));
#2222=FILL_AREA_STYLE('',(#2328));
#2223=FILL_AREA_STYLE('',(#2329));
#2224=FILL_AREA_STYLE('',(#2330));
#2225=FILL_AREA_STYLE('',(#2331));
#2226=FILL_AREA_STYLE('',(#2332));
#2227=FILL_AREA_STYLE('',(#2333));
#2228=FILL_AREA_STYLE('',(#2334));
#2229=FILL_AREA_STYLE('',(#2335));
#2230=FILL_AREA_STYLE('',(#2336));
#2231=FILL_AREA_STYLE('',(#2337));
#2232=FILL_AREA_STYLE('',(#2338));
#2233=FILL_AREA_STYLE('',(#2339));
#2234=FILL_AREA_STYLE('',(#2340));
#2235=FILL_AREA_STYLE('',(#2341));
#2236=FILL_AREA_STYLE('',(#2342));
#2237=FILL_AREA_STYLE('',(#2343));
#2238=FILL_AREA_STYLE('',(#2344));
#2239=FILL_AREA_STYLE('',(#2345));
#2240=FILL_AREA_STYLE('',(#2346));
#2241=FILL_AREA_STYLE('',(#2347));
#2242=FILL_AREA_STYLE('',(#2348));
#2243=FILL_AREA_STYLE('',(#2349));
#2244=FILL_AREA_STYLE('',(#2350));
#2245=FILL_AREA_STYLE('',(#2351));
#2246=FILL_AREA_STYLE('',(#2352));
#2247=FILL_AREA_STYLE_COLOUR('',#2353);
#2248=FILL_AREA_STYLE_COLOUR('',#2353);
#2249=FILL_AREA_STYLE_COLOUR('',#2353);
#2250=FILL_AREA_STYLE_COLOUR('',#2353);
#2251=FILL_AREA_STYLE_COLOUR('',#2353);
#2252=FILL_AREA_STYLE_COLOUR('',#2353);
#2253=FILL_AREA_STYLE_COLOUR('',#2353);
#2254=FILL_AREA_STYLE_COLOUR('',#2354);
#2255=FILL_AREA_STYLE_COLOUR('',#2354);
#2256=FILL_AREA_STYLE_COLOUR('',#2353);
#2257=FILL_AREA_STYLE_COLOUR('',#2353);
#2258=FILL_AREA_STYLE_COLOUR('',#2353);
#2259=FILL_AREA_STYLE_COLOUR('',#2353);
#2260=FILL_AREA_STYLE_COLOUR('',#2353);
#2261=FILL_AREA_STYLE_COLOUR('',#2353);
#2262=FILL_AREA_STYLE_COLOUR('',#2353);
#2263=FILL_AREA_STYLE_COLOUR('',#2355);
#2264=FILL_AREA_STYLE_COLOUR('',#2355);
#2265=FILL_AREA_STYLE_COLOUR('',#2355);
#2266=FILL_AREA_STYLE_COLOUR('',#2355);
#2267=FILL_AREA_STYLE_COLOUR('',#2355);
#2268=FILL_AREA_STYLE_COLOUR('',#2355);
#2269=FILL_AREA_STYLE_COLOUR('',#2355);
#2270=FILL_AREA_STYLE_COLOUR('',#2355);
#2271=FILL_AREA_STYLE_COLOUR('',#2355);
#2272=FILL_AREA_STYLE_COLOUR('',#2355);
#2273=FILL_AREA_STYLE_COLOUR('',#2355);
#2274=FILL_AREA_STYLE_COLOUR('',#2355);
#2275=FILL_AREA_STYLE_COLOUR('',#2355);
#2276=FILL_AREA_STYLE_COLOUR('',#2355);
#2277=FILL_AREA_STYLE_COLOUR('',#2355);
#2278=FILL_AREA_STYLE_COLOUR('',#2356);
#2279=FILL_AREA_STYLE_COLOUR('',#2356);
#2280=FILL_AREA_STYLE_COLOUR('',#2356);
#2281=FILL_AREA_STYLE_COLOUR('',#2356);
#2282=FILL_AREA_STYLE_COLOUR('',#2356);
#2283=FILL_AREA_STYLE_COLOUR('',#2356);
#2284=FILL_AREA_STYLE_COLOUR('',#2356);
#2285=FILL_AREA_STYLE_COLOUR('',#2356);
#2286=FILL_AREA_STYLE_COLOUR('',#2356);
#2287=FILL_AREA_STYLE_COLOUR('',#2356);
#2288=FILL_AREA_STYLE_COLOUR('',#2356);
#2289=FILL_AREA_STYLE_COLOUR('',#2356);
#2290=FILL_AREA_STYLE_COLOUR('',#2356);
#2291=FILL_AREA_STYLE_COLOUR('',#2356);
#2292=FILL_AREA_STYLE_COLOUR('',#2356);
#2293=FILL_AREA_STYLE_COLOUR('',#2356);
#2294=FILL_AREA_STYLE_COLOUR('',#2356);
#2295=FILL_AREA_STYLE_COLOUR('',#2356);
#2296=FILL_AREA_STYLE_COLOUR('',#2356);
#2297=FILL_AREA_STYLE_COLOUR('',#2356);
#2298=FILL_AREA_STYLE_COLOUR('',#2356);
#2299=FILL_AREA_STYLE_COLOUR('',#2356);
#2300=FILL_AREA_STYLE_COLOUR('',#2356);
#2301=FILL_AREA_STYLE_COLOUR('',#2356);
#2302=FILL_AREA_STYLE_COLOUR('',#2356);
#2303=FILL_AREA_STYLE_COLOUR('',#2356);
#2304=FILL_AREA_STYLE_COLOUR('',#2356);
#2305=FILL_AREA_STYLE_COLOUR('',#2356);
#2306=FILL_AREA_STYLE_COLOUR('',#2356);
#2307=FILL_AREA_STYLE_COLOUR('',#2356);
#2308=FILL_AREA_STYLE_COLOUR('',#2356);
#2309=FILL_AREA_STYLE_COLOUR('',#2355);
#2310=FILL_AREA_STYLE_COLOUR('',#2355);
#2311=FILL_AREA_STYLE_COLOUR('',#2355);
#2312=FILL_AREA_STYLE_COLOUR('',#2355);
#2313=FILL_AREA_STYLE_COLOUR('',#2355);
#2314=FILL_AREA_STYLE_COLOUR('',#2355);
#2315=FILL_AREA_STYLE_COLOUR('',#2355);
#2316=FILL_AREA_STYLE_COLOUR('',#2356);
#2317=FILL_AREA_STYLE_COLOUR('',#2356);
#2318=FILL_AREA_STYLE_COLOUR('',#2356);
#2319=FILL_AREA_STYLE_COLOUR('',#2356);
#2320=FILL_AREA_STYLE_COLOUR('',#2356);
#2321=FILL_AREA_STYLE_COLOUR('',#2356);
#2322=FILL_AREA_STYLE_COLOUR('',#2356);
#2323=FILL_AREA_STYLE_COLOUR('',#2356);
#2324=FILL_AREA_STYLE_COLOUR('',#2356);
#2325=FILL_AREA_STYLE_COLOUR('',#2356);
#2326=FILL_AREA_STYLE_COLOUR('',#2356);
#2327=FILL_AREA_STYLE_COLOUR('',#2356);
#2328=FILL_AREA_STYLE_COLOUR('',#2356);
#2329=FILL_AREA_STYLE_COLOUR('',#2356);
#2330=FILL_AREA_STYLE_COLOUR('',#2356);
#2331=FILL_AREA_STYLE_COLOUR('',#2356);
#2332=FILL_AREA_STYLE_COLOUR('',#2356);
#2333=FILL_AREA_STYLE_COLOUR('',#2356);
#2334=FILL_AREA_STYLE_COLOUR('',#2356);
#2335=FILL_AREA_STYLE_COLOUR('',#2356);
#2336=FILL_AREA_STYLE_COLOUR('',#2356);
#2337=FILL_AREA_STYLE_COLOUR('',#2356);
#2338=FILL_AREA_STYLE_COLOUR('',#2356);
#2339=FILL_AREA_STYLE_COLOUR('',#2356);
#2340=FILL_AREA_STYLE_COLOUR('',#2356);
#2341=FILL_AREA_STYLE_COLOUR('',#2356);
#2342=FILL_AREA_STYLE_COLOUR('',#2356);
#2343=FILL_AREA_STYLE_COLOUR('',#2356);
#2344=FILL_AREA_STYLE_COLOUR('',#2356);
#2345=FILL_AREA_STYLE_COLOUR('',#2356);
#2346=FILL_AREA_STYLE_COLOUR('',#2356);
#2347=FILL_AREA_STYLE_COLOUR('',#2353);
#2348=FILL_AREA_STYLE_COLOUR('',#2355);
#2349=FILL_AREA_STYLE_COLOUR('',#2356);
#2350=FILL_AREA_STYLE_COLOUR('',#2353);
#2351=FILL_AREA_STYLE_COLOUR('',#2355);
#2352=FILL_AREA_STYLE_COLOUR('',#2356);
#2353=COLOUR_RGB('',0.141176477074623,0.141176477074623,0.141176477074623);
#2354=COLOUR_RGB('',0.517647087574005,0.517647087574005,0.517647087574005);
#2355=COLOUR_RGB('',0.423529446125031,0.423529446125031,0.423529446125031);
#2356=COLOUR_RGB('',0.329411774873734,0.329411774873734,0.329411774873734);
#2357=ADVANCED_FACE('',(#1416,#1417,#1418),#1550,.T.);
#2358=ADVANCED_FACE('',(#1419,#1420),#57,.T.);
#2359=ADVANCED_FACE('',(#1421,#1422),#58,.T.);
#2360=ADVANCED_FACE('',(#1423),#1551,.F.);
#2361=ADVANCED_FACE('',(#1424,#1425),#34,.F.);
#2362=ADVANCED_FACE('',(#1426,#1427),#59,.T.);
#2363=ADVANCED_FACE('',(#1428,#1429),#60,.T.);
#2364=ADVANCED_FACE('',(#1430,#1431),#35,.F.);
#2365=ADVANCED_FACE('',(#1432,#1433),#61,.T.);
#2366=ADVANCED_FACE('',(#1434,#1435),#1552,.T.);
#2367=ADVANCED_FACE('',(#1436,#1437),#36,.F.);
#2368=ADVANCED_FACE('',(#1438,#1439),#1553,.T.);
#2369=ADVANCED_FACE('',(#1440,#1441),#37,.T.);
#2370=ADVANCED_FACE('',(#1442,#1443),#62,.F.);
#2371=ADVANCED_FACE('',(#1444,#1445),#38,.T.);
#2372=ADVANCED_FACE('',(#1446,#1447),#1554,.T.);
#2373=ADVANCED_FACE('',(#1448,#1449),#39,.T.);
#2374=ADVANCED_FACE('',(#1450,#1451),#63,.T.);
#2375=ADVANCED_FACE('',(#1452,#1453),#1555,.T.);
#2376=ADVANCED_FACE('',(#1454),#1556,.T.);
#2377=ADVANCED_FACE('',(#1455),#1557,.T.);
#2378=ADVANCED_FACE('',(#1456),#1558,.T.);
#2379=ADVANCED_FACE('',(#1457),#1559,.T.);
#2380=ADVANCED_FACE('',(#1458),#1560,.T.);
#2381=ADVANCED_FACE('',(#1459),#1561,.T.);
#2382=ADVANCED_FACE('',(#1460),#1562,.T.);
#2383=ADVANCED_FACE('',(#1461),#1563,.T.);
#2384=ADVANCED_FACE('',(#1462),#1564,.T.);
#2385=ADVANCED_FACE('',(#1463),#1565,.T.);
#2386=ADVANCED_FACE('',(#1464),#1566,.T.);
#2387=ADVANCED_FACE('',(#1465),#1567,.T.);
#2388=ADVANCED_FACE('',(#1466),#1568,.T.);
#2389=ADVANCED_FACE('',(#1467),#1569,.T.);
#2390=ADVANCED_FACE('',(#1468),#1570,.F.);
#2391=ADVANCED_FACE('',(#1469),#40,.T.);
#2392=ADVANCED_FACE('',(#1470),#41,.T.);
#2393=ADVANCED_FACE('',(#1471),#1571,.T.);
#2394=ADVANCED_FACE('',(#1472),#1572,.T.);
#2395=ADVANCED_FACE('',(#1473),#1573,.T.);
#2396=ADVANCED_FACE('',(#1474),#1574,.T.);
#2397=ADVANCED_FACE('',(#1475),#1575,.T.);
#2398=ADVANCED_FACE('',(#1476),#1576,.F.);
#2399=ADVANCED_FACE('',(#1477),#1577,.T.);
#2400=ADVANCED_FACE('',(#1478),#1578,.T.);
#2401=ADVANCED_FACE('',(#1479),#1579,.T.);
#2402=ADVANCED_FACE('',(#1480),#22,.T.);
#2403=ADVANCED_FACE('',(#1481),#23,.T.);
#2404=ADVANCED_FACE('',(#1482),#42,.T.);
#2405=ADVANCED_FACE('',(#1483),#43,.F.);
#2406=ADVANCED_FACE('',(#1484),#24,.T.);
#2407=ADVANCED_FACE('',(#1485),#25,.T.);
#2408=ADVANCED_FACE('',(#1486),#1580,.F.);
#2409=ADVANCED_FACE('',(#1487),#1581,.F.);
#2410=ADVANCED_FACE('',(#1488),#1582,.T.);
#2411=ADVANCED_FACE('',(#1489),#1583,.F.);
#2412=ADVANCED_FACE('',(#1490),#1584,.F.);
#2413=ADVANCED_FACE('',(#1491),#44,.T.);
#2414=ADVANCED_FACE('',(#1492),#1585,.F.);
#2415=ADVANCED_FACE('',(#1493),#45,.T.);
#2416=ADVANCED_FACE('',(#1494),#46,.F.);
#2417=ADVANCED_FACE('',(#1495),#26,.T.);
#2418=ADVANCED_FACE('',(#1496),#27,.T.);
#2419=ADVANCED_FACE('',(#1497,#1498),#47,.T.);
#2420=ADVANCED_FACE('',(#1499,#1500),#64,.T.);
#2421=ADVANCED_FACE('',(#1501,#1502),#1586,.T.);
#2422=ADVANCED_FACE('',(#1503),#1587,.T.);
#2423=ADVANCED_FACE('',(#1504),#1588,.T.);
#2424=ADVANCED_FACE('',(#1505),#1589,.T.);
#2425=ADVANCED_FACE('',(#1506),#1590,.T.);
#2426=ADVANCED_FACE('',(#1507),#1591,.T.);
#2427=ADVANCED_FACE('',(#1508),#1592,.T.);
#2428=ADVANCED_FACE('',(#1509),#1593,.F.);
#2429=ADVANCED_FACE('',(#1510),#48,.T.);
#2430=ADVANCED_FACE('',(#1511),#49,.T.);
#2431=ADVANCED_FACE('',(#1512),#1594,.T.);
#2432=ADVANCED_FACE('',(#1513),#1595,.T.);
#2433=ADVANCED_FACE('',(#1514),#1596,.T.);
#2434=ADVANCED_FACE('',(#1515),#1597,.T.);
#2435=ADVANCED_FACE('',(#1516),#1598,.T.);
#2436=ADVANCED_FACE('',(#1517),#1599,.F.);
#2437=ADVANCED_FACE('',(#1518),#1600,.T.);
#2438=ADVANCED_FACE('',(#1519),#1601,.T.);
#2439=ADVANCED_FACE('',(#1520),#1602,.T.);
#2440=ADVANCED_FACE('',(#1521),#28,.T.);
#2441=ADVANCED_FACE('',(#1522),#29,.T.);
#2442=ADVANCED_FACE('',(#1523),#50,.T.);
#2443=ADVANCED_FACE('',(#1524),#51,.F.);
#2444=ADVANCED_FACE('',(#1525),#30,.T.);
#2445=ADVANCED_FACE('',(#1526),#31,.T.);
#2446=ADVANCED_FACE('',(#1527),#1603,.F.);
#2447=ADVANCED_FACE('',(#1528),#1604,.F.);
#2448=ADVANCED_FACE('',(#1529),#1605,.T.);
#2449=ADVANCED_FACE('',(#1530),#1606,.F.);
#2450=ADVANCED_FACE('',(#1531),#1607,.F.);
#2451=ADVANCED_FACE('',(#1532),#52,.T.);
#2452=ADVANCED_FACE('',(#1533),#1608,.F.);
#2453=ADVANCED_FACE('',(#1534),#53,.T.);
#2454=ADVANCED_FACE('',(#1535),#54,.F.);
#2455=ADVANCED_FACE('',(#1536),#32,.T.);
#2456=ADVANCED_FACE('',(#1537),#33,.T.);
#2457=ADVANCED_FACE('',(#1538,#1539),#1609,.T.);
#2458=ADVANCED_FACE('',(#1540,#1541),#65,.F.);
#2459=ADVANCED_FACE('',(#1542,#1543),#55,.F.);
#2460=ADVANCED_FACE('',(#1544,#1545),#1610,.T.);
#2461=ADVANCED_FACE('',(#1546,#1547),#66,.F.);
#2462=ADVANCED_FACE('',(#1548,#1549),#56,.F.);
#2463=CLOSED_SHELL('',(#2357,#2358,#2359,#2360,#2361,#2362,#2363,#2364,
#2365,#2366,#2367,#2368,#2369,#2370,#2371,#2372,#2373,#2374,#2375,#2376,
#2377,#2378,#2379,#2380,#2381,#2382,#2383,#2384,#2385,#2386,#2387,#2388,
#2389,#2390,#2391,#2392,#2393,#2394,#2395,#2396,#2397,#2398,#2399,#2400,
#2401,#2402,#2403,#2404,#2405,#2406,#2407,#2408,#2409,#2410,#2411,#2412,
#2413,#2414,#2415,#2416,#2417,#2418,#2419,#2420,#2421,#2422,#2423,#2424,
#2425,#2426,#2427,#2428,#2429,#2430,#2431,#2432,#2433,#2434,#2435,#2436,
#2437,#2438,#2439,#2440,#2441,#2442,#2443,#2444,#2445,#2446,#2447,#2448,
#2449,#2450,#2451,#2452,#2453,#2454,#2455,#2456));
#2464=CLOSED_SHELL('',(#2457,#2458,#2459));
#2465=CLOSED_SHELL('',(#2460,#2461,#2462));
#2466=BREP_WITH_VOIDS('',#2463,(#20,#21));
#2467=SHAPE_DEFINITION_REPRESENTATION(#3779,#2468);
#2468=SHAPE_REPRESENTATION('SI D35-L40-11F010-SHRT-00-00',(#2469),#3774);
#2469=AXIS2_PLACEMENT_3D('',#3046,#2611,#2612);
#2470=AXIS2_PLACEMENT_3D('',#3047,#2613,#2614);
#2471=AXIS2_PLACEMENT_3D('',#3048,#2615,#2616);
#2472=AXIS2_PLACEMENT_3D('',#3061,#2622,#2623);
#2473=AXIS2_PLACEMENT_3D('',#3085,#2625,#2626);
#2474=AXIS2_PLACEMENT_3D('',#3097,#2632,#2633);
#2475=AXIS2_PLACEMENT_3D('',#3121,#2635,#2636);
#2476=AXIS2_PLACEMENT_3D('',#3122,#2637,#2638);
#2477=AXIS2_PLACEMENT_3D('',#3123,#2639,#2640);
#2478=AXIS2_PLACEMENT_3D('',#3125,#2641,#2642);
#2479=AXIS2_PLACEMENT_3D('',#3127,#2643,#2644);
#2480=AXIS2_PLACEMENT_3D('',#3128,#2645,#2646);
#2481=AXIS2_PLACEMENT_3D('',#3130,#2647,#2648);
#2482=AXIS2_PLACEMENT_3D('',#3132,#2649,#2650);
#2483=AXIS2_PLACEMENT_3D('',#3133,#2651,#2652);
#2484=AXIS2_PLACEMENT_3D('',#3135,#2653,#2654);
#2485=AXIS2_PLACEMENT_3D('',#3136,#2655,#2656);
#2486=AXIS2_PLACEMENT_3D('',#3138,#2657,#2658);
#2487=AXIS2_PLACEMENT_3D('',#3139,#2659,#2660);
#2488=AXIS2_PLACEMENT_3D('',#3141,#2661,#2662);
#2489=AXIS2_PLACEMENT_3D('',#3143,#2663,#2664);
#2490=AXIS2_PLACEMENT_3D('',#3144,#2665,#2666);
#2491=AXIS2_PLACEMENT_3D('',#3146,#2667,#2668);
#2492=AXIS2_PLACEMENT_3D('',#3148,#2669,#2670);
#2493=AXIS2_PLACEMENT_3D('',#3149,#2671,#2672);
#2494=AXIS2_PLACEMENT_3D('',#3151,#2673,#2674);
#2495=AXIS2_PLACEMENT_3D('',#3152,#2675,#2676);
#2496=AXIS2_PLACEMENT_3D('',#3154,#2677,#2678);
#2497=AXIS2_PLACEMENT_3D('',#3155,#2679,#2680);
#2498=AXIS2_PLACEMENT_3D('',#3157,#2681,#2682);
#2499=AXIS2_PLACEMENT_3D('',#3158,#2683,#2684);
#2500=AXIS2_PLACEMENT_3D('',#3160,#2685,#2686);
#2501=AXIS2_PLACEMENT_3D('',#3161,#2687,#2688);
#2502=AXIS2_PLACEMENT_3D('',#3162,#2689,#2690);
#2503=AXIS2_PLACEMENT_3D('',#3163,#2691,#2692);
#2504=AXIS2_PLACEMENT_3D('',#3164,#2693,#2694);
#2505=AXIS2_PLACEMENT_3D('',#3165,#2695,#2696);
#2506=AXIS2_PLACEMENT_3D('',#3166,#2697,#2698);
#2507=AXIS2_PLACEMENT_3D('',#3174,#2699,#2700);
#2508=AXIS2_PLACEMENT_3D('',#3176,#2701,#2702);
#2509=AXIS2_PLACEMENT_3D('',#3177,#2703,#2704);
#2510=AXIS2_PLACEMENT_3D('',#3179,#2705,#2706);
#2511=AXIS2_PLACEMENT_3D('',#3204,#2719,#2720);
#2512=AXIS2_PLACEMENT_3D('',#3210,#2724,#2725);
#2513=AXIS2_PLACEMENT_3D('',#3214,#2728,#2729);
#2514=AXIS2_PLACEMENT_3D('',#3216,#2731,#2732);
#2515=AXIS2_PLACEMENT_3D('',#3218,#2734,#2735);
#2516=AXIS2_PLACEMENT_3D('',#3222,#2738,#2739);
#2517=AXIS2_PLACEMENT_3D('',#3224,#2741,#2742);
#2518=AXIS2_PLACEMENT_3D('',#3226,#2744,#2745);
#2519=AXIS2_PLACEMENT_3D('',#3230,#2748,#2749);
#2520=AXIS2_PLACEMENT_3D('',#3232,#2751,#2752);
#2521=AXIS2_PLACEMENT_3D('',#3234,#2754,#2755);
#2522=AXIS2_PLACEMENT_3D('',#3236,#2757,#2758);
#2523=AXIS2_PLACEMENT_3D('',#3237,#2759,#2760);
#2524=AXIS2_PLACEMENT_3D('',#3241,#2762,#2763);
#2525=AXIS2_PLACEMENT_3D('',#3245,#2765,#2766);
#2526=AXIS2_PLACEMENT_3D('',#3250,#2769,#2770);
#2527=AXIS2_PLACEMENT_3D('',#3254,#2772,#2773);
#2528=AXIS2_PLACEMENT_3D('',#3258,#2775,#2776);
#2529=AXIS2_PLACEMENT_3D('',#3263,#2779,#2780);
#2530=AXIS2_PLACEMENT_3D('',#3270,#2785,#2786);
#2531=AXIS2_PLACEMENT_3D('',#3275,#2789,#2790);
#2532=AXIS2_PLACEMENT_3D('',#3276,#2791,#2792);
#2533=AXIS2_PLACEMENT_3D('',#3281,#2795,#2796);
#2534=AXIS2_PLACEMENT_3D('',#3282,#2797,#2798);
#2535=AXIS2_PLACEMENT_3D('',#3288,#2802,#2803);
#2536=AXIS2_PLACEMENT_3D('',#3290,#2805,#2806);
#2537=AXIS2_PLACEMENT_3D('',#3294,#2809,#2810);
#2538=AXIS2_PLACEMENT_3D('',#3298,#2813,#2814);
#2539=AXIS2_PLACEMENT_3D('',#3300,#2816,#2817);
#2540=AXIS2_PLACEMENT_3D('',#3303,#2820,#2821);
#2541=AXIS2_PLACEMENT_3D('',#3307,#2824,#2825);
#2542=AXIS2_PLACEMENT_3D('',#3311,#2828,#2829);
#2543=AXIS2_PLACEMENT_3D('',#3366,#2834,#2835);
#2544=AXIS2_PLACEMENT_3D('',#3375,#2836,#2837);
#2545=AXIS2_PLACEMENT_3D('',#3408,#2838,#2839);
#2546=AXIS2_PLACEMENT_3D('',#3417,#2844,#2845);
#2547=AXIS2_PLACEMENT_3D('',#3426,#2850,#2851);
#2548=AXIS2_PLACEMENT_3D('',#3430,#2854,#2855);
#2549=AXIS2_PLACEMENT_3D('',#3433,#2857,#2858);
#2550=AXIS2_PLACEMENT_3D('',#3437,#2861,#2862);
#2551=AXIS2_PLACEMENT_3D('',#3440,#2864,#2865);
#2552=AXIS2_PLACEMENT_3D('',#3442,#2867,#2868);
#2553=AXIS2_PLACEMENT_3D('',#3444,#2870,#2871);
#2554=AXIS2_PLACEMENT_3D('',#3445,#2872,#2873);
#2555=AXIS2_PLACEMENT_3D('',#3454,#2874,#2875);
#2556=AXIS2_PLACEMENT_3D('',#3479,#2876,#2877);
#2557=AXIS2_PLACEMENT_3D('',#3480,#2878,#2879);
#2558=AXIS2_PLACEMENT_3D('',#3488,#2880,#2881);
#2559=AXIS2_PLACEMENT_3D('',#3490,#2882,#2883);
#2560=AXIS2_PLACEMENT_3D('',#3491,#2884,#2885);
#2561=AXIS2_PLACEMENT_3D('',#3493,#2886,#2887);
#2562=AXIS2_PLACEMENT_3D('',#3502,#2892,#2893);
#2563=AXIS2_PLACEMENT_3D('',#3506,#2896,#2897);
#2564=AXIS2_PLACEMENT_3D('',#3510,#2900,#2901);
#2565=AXIS2_PLACEMENT_3D('',#3512,#2903,#2904);
#2566=AXIS2_PLACEMENT_3D('',#3513,#2905,#2906);
#2567=AXIS2_PLACEMENT_3D('',#3517,#2908,#2909);
#2568=AXIS2_PLACEMENT_3D('',#3521,#2911,#2912);
#2569=AXIS2_PLACEMENT_3D('',#3526,#2915,#2916);
#2570=AXIS2_PLACEMENT_3D('',#3530,#2918,#2919);
#2571=AXIS2_PLACEMENT_3D('',#3534,#2921,#2922);
#2572=AXIS2_PLACEMENT_3D('',#3539,#2925,#2926);
#2573=AXIS2_PLACEMENT_3D('',#3546,#2931,#2932);
#2574=AXIS2_PLACEMENT_3D('',#3551,#2935,#2936);
#2575=AXIS2_PLACEMENT_3D('',#3552,#2937,#2938);
#2576=AXIS2_PLACEMENT_3D('',#3557,#2941,#2942);
#2577=AXIS2_PLACEMENT_3D('',#3558,#2943,#2944);
#2578=AXIS2_PLACEMENT_3D('',#3564,#2948,#2949);
#2579=AXIS2_PLACEMENT_3D('',#3566,#2951,#2952);
#2580=AXIS2_PLACEMENT_3D('',#3570,#2955,#2956);
#2581=AXIS2_PLACEMENT_3D('',#3574,#2959,#2960);
#2582=AXIS2_PLACEMENT_3D('',#3576,#2962,#2963);
#2583=AXIS2_PLACEMENT_3D('',#3579,#2966,#2967);
#2584=AXIS2_PLACEMENT_3D('',#3583,#2970,#2971);
#2585=AXIS2_PLACEMENT_3D('',#3587,#2974,#2975);
#2586=AXIS2_PLACEMENT_3D('',#3642,#2980,#2981);
#2587=AXIS2_PLACEMENT_3D('',#3651,#2982,#2983);
#2588=AXIS2_PLACEMENT_3D('',#3684,#2984,#2985);
#2589=AXIS2_PLACEMENT_3D('',#3693,#2990,#2991);
#2590=AXIS2_PLACEMENT_3D('',#3702,#2996,#2997);
#2591=AXIS2_PLACEMENT_3D('',#3706,#3000,#3001);
#2592=AXIS2_PLACEMENT_3D('',#3709,#3003,#3004);
#2593=AXIS2_PLACEMENT_3D('',#3713,#3007,#3008);
#2594=AXIS2_PLACEMENT_3D('',#3716,#3010,#3011);
#2595=AXIS2_PLACEMENT_3D('',#3718,#3013,#3014);
#2596=AXIS2_PLACEMENT_3D('',#3720,#3016,#3017);
#2597=AXIS2_PLACEMENT_3D('',#3721,#3018,#3019);
#2598=AXIS2_PLACEMENT_3D('',#3730,#3020,#3021);
#2599=AXIS2_PLACEMENT_3D('',#3755,#3022,#3023);
#2600=AXIS2_PLACEMENT_3D('',#3756,#3024,#3025);
#2601=AXIS2_PLACEMENT_3D('',#3758,#3026,#3027);
#2602=AXIS2_PLACEMENT_3D('',#3760,#3028,#3029);
#2603=AXIS2_PLACEMENT_3D('',#3761,#3030,#3031);
#2604=AXIS2_PLACEMENT_3D('',#3763,#3032,#3033);
#2605=AXIS2_PLACEMENT_3D('',#3764,#3034,#3035);
#2606=AXIS2_PLACEMENT_3D('',#3765,#3036,#3037);
#2607=AXIS2_PLACEMENT_3D('',#3767,#3038,#3039);
#2608=AXIS2_PLACEMENT_3D('',#3769,#3040,#3041);
#2609=AXIS2_PLACEMENT_3D('',#3770,#3042,#3043);
#2610=AXIS2_PLACEMENT_3D('',#3772,#3044,#3045);
#2611=DIRECTION('',(0.,0.,1.));
#2612=DIRECTION('',(1.,0.,0.));
#2613=DIRECTION('',(-3.20077767391152E-16,0.,-1.));
#2614=DIRECTION('',(-1.,0.,3.20077767391152E-16));
#2615=DIRECTION('',(3.20077767391152E-16,0.,1.));
#2616=DIRECTION('',(1.,0.,-3.20077767391152E-16));
#2617=DIRECTION('',(-1.,-6.77698637948274E-16,3.20077767391152E-16));
#2618=DIRECTION('',(-0.707106781186547,-0.707106781186548,2.26329159829334E-16));
#2619=DIRECTION('',(3.88578058618806E-16,-1.,-1.24375197459896E-31));
#2620=DIRECTION('',(0.707106781186548,-0.707106781186547,-2.26329159829334E-16));
#2621=DIRECTION('',(1.,6.77698637948274E-16,-3.20077767391152E-16));
#2622=DIRECTION('',(-3.20077767391152E-16,0.,-1.));
#2623=DIRECTION('',(-1.,0.,3.20077767391152E-16));
#2624=DIRECTION('',(6.77698637948274E-16,-1.,-1.11022302462516E-16));
#2625=DIRECTION('',(-3.20077767391152E-16,0.,-1.));
#2626=DIRECTION('',(-1.,0.,3.20077767391152E-16));
#2627=DIRECTION('',(1.,2.3037127760972E-15,-3.20077767391152E-16));
#2628=DIRECTION('',(0.707106781186546,0.707106781186549,-2.26329159829333E-16));
#2629=DIRECTION('',(-2.01459219676773E-15,1.,6.44826172545053E-31));
#2630=DIRECTION('',(-0.707106781186549,0.707106781186546,2.26329159829335E-16));
#2631=DIRECTION('',(-1.,-2.3037127760972E-15,3.20077767391152E-16));
#2632=DIRECTION('',(-3.20077767391152E-16,0.,-1.));
#2633=DIRECTION('',(-1.,0.,3.20077767391152E-16));
#2634=DIRECTION('',(-2.3037127760972E-15,1.,-5.55111512312581E-17));
#2635=DIRECTION('',(-3.20077767391152E-16,0.,-1.));
#2636=DIRECTION('',(-1.,0.,3.20077767391152E-16));
#2637=DIRECTION('',(-3.20077767391152E-16,0.,-1.));
#2638=DIRECTION('',(-1.,0.,3.20077767391152E-16));
#2639=DIRECTION('',(-3.20077767391152E-16,0.,-1.));
#2640=DIRECTION('',(-1.,0.,3.20077767391152E-16));
#2641=DIRECTION('',(-3.20077767391152E-16,0.,-1.));
#2642=DIRECTION('',(-1.,0.,3.20077767391152E-16));
#2643=DIRECTION('',(-3.20077767391152E-16,0.,-1.));
#2644=DIRECTION('',(-1.,0.,3.20077767391152E-16));
#2645=DIRECTION('',(3.20077767391152E-16,0.,1.));
#2646=DIRECTION('',(1.,0.,-3.20077767391152E-16));
#2647=DIRECTION('',(-3.20077767391152E-16,0.,-1.));
#2648=DIRECTION('',(-1.,0.,3.20077767391152E-16));
#2649=DIRECTION('',(1.92747052886313E-16,0.,-1.));
#2650=DIRECTION('',(-1.,0.,-1.92747052886313E-16));
#2651=DIRECTION('',(1.92747052886313E-16,0.,-1.));
#2652=DIRECTION('',(1.,0.,1.92747052886313E-16));
#2653=DIRECTION('',(-1.22219153989275E-16,0.,1.));
#2654=DIRECTION('',(1.,0.,1.22219153989275E-16));
#2655=DIRECTION('',(1.92747052886313E-16,0.,-1.));
#2656=DIRECTION('',(1.,0.,1.92747052886313E-16));
#2657=DIRECTION('',(3.20077767391152E-16,0.,1.));
#2658=DIRECTION('',(1.,0.,-3.20077767391152E-16));
#2659=DIRECTION('',(3.20077767391152E-16,0.,1.));
#2660=DIRECTION('',(1.,0.,-3.20077767391152E-16));
#2661=DIRECTION('',(3.20077767391152E-16,0.,1.));
#2662=DIRECTION('',(1.,0.,-3.20077767391152E-16));
#2663=DIRECTION('',(-3.20077767391152E-16,0.,-1.));
#2664=DIRECTION('',(-1.,0.,3.20077767391152E-16));
#2665=DIRECTION('',(-3.20077767391152E-16,0.,-1.));
#2666=DIRECTION('',(-1.,0.,3.20077767391152E-16));
#2667=DIRECTION('',(-3.20077767391152E-16,0.,-1.));
#2668=DIRECTION('',(-1.,0.,3.20077767391152E-16));
#2669=DIRECTION('',(3.20077767391152E-16,0.,1.));
#2670=DIRECTION('',(1.,0.,-3.20077767391152E-16));
#2671=DIRECTION('',(3.20077767391152E-16,0.,1.));
#2672=DIRECTION('',(1.,0.,-3.20077767391152E-16));
#2673=DIRECTION('',(3.20077767391152E-16,0.,1.));
#2674=DIRECTION('',(1.,0.,-3.20077767391152E-16));
#2675=DIRECTION('',(3.20077767391152E-16,0.,1.));
#2676=DIRECTION('',(1.,0.,-3.20077767391152E-16));
#2677=DIRECTION('',(3.20077767391152E-16,0.,1.));
#2678=DIRECTION('',(1.,0.,-3.20077767391152E-16));
#2679=DIRECTION('',(3.20077767391152E-16,0.,1.));
#2680=DIRECTION('',(1.,0.,-3.20077767391152E-16));
#2681=DIRECTION('',(3.20077767391152E-16,0.,1.));
#2682=DIRECTION('',(1.,0.,-3.20077767391152E-16));
#2683=DIRECTION('',(3.20077767391152E-16,0.,1.));
#2684=DIRECTION('',(1.,0.,-3.20077767391152E-16));
#2685=DIRECTION('',(-3.20077767391152E-16,0.,-1.));
#2686=DIRECTION('',(-1.,0.,3.20077767391152E-16));
#2687=DIRECTION('',(3.20077767391152E-16,0.,1.));
#2688=DIRECTION('',(1.,0.,-3.20077767391152E-16));
#2689=DIRECTION('',(3.20077767391152E-16,0.,1.));
#2690=DIRECTION('',(1.,0.,-3.20077767391152E-16));
#2691=DIRECTION('',(3.20077767391152E-16,0.,1.));
#2692=DIRECTION('',(1.,0.,-3.20077767391152E-16));
#2693=DIRECTION('',(3.20077767391152E-16,0.,1.));
#2694=DIRECTION('',(1.,0.,-3.20077767391152E-16));
#2695=DIRECTION('',(1.22219153989275E-16,6.16297582203916E-32,-1.));
#2696=DIRECTION('',(-1.,-6.77698637948274E-16,-1.22219153989275E-16));
#2697=DIRECTION('',(1.22219153989275E-16,6.16297582203916E-32,-1.));
#2698=DIRECTION('',(-1.,-6.77698637948274E-16,-1.22219153989275E-16));
#2699=DIRECTION('',(1.22219153989275E-16,6.16297582203916E-32,-1.));
#2700=DIRECTION('',(-1.,-6.77698637948274E-16,-1.22219153989275E-16));
#2701=DIRECTION('',(1.22219153989275E-16,6.16297582203916E-32,-1.));
#2702=DIRECTION('',(-1.,-6.77698637948274E-16,-1.22219153989275E-16));
#2703=DIRECTION('',(1.22219153989275E-16,6.16297582203916E-32,-1.));
#2704=DIRECTION('',(-1.,-6.77698637948274E-16,-1.22219153989275E-16));
#2705=DIRECTION('',(1.22219153989275E-16,6.16297582203916E-32,-1.));
#2706=DIRECTION('',(-1.,-6.77698637948274E-16,-1.22219153989275E-16));
#2707=DIRECTION('',(7.4441877163969E-16,-1.,2.93524742631466E-32));
#2708=DIRECTION('',(-1.,-6.77698637948274E-16,-1.22219153989275E-16));
#2709=DIRECTION('',(6.77698637948274E-16,-1.,2.11979959693304E-32));
#2710=DIRECTION('',(1.,6.77698637948274E-16,1.22219153989275E-16));
#2711=DIRECTION('',(7.4441877163969E-16,-1.,2.93524742631466E-32));
#2712=DIRECTION('',(1.,6.77698637948274E-16,1.22219153989275E-16));
#2713=DIRECTION('',(-7.4441877163969E-16,1.,-2.93524742631466E-32));
#2714=DIRECTION('',(1.,6.77698637948274E-16,1.22219153989275E-16));
#2715=DIRECTION('',(-6.77698637948274E-16,1.,-2.11979959693304E-32));
#2716=DIRECTION('',(-1.,-6.77698637948274E-16,-1.22219153989275E-16));
#2717=DIRECTION('',(-7.4441877163969E-16,1.,-2.93524742631466E-32));
#2718=DIRECTION('',(-1.,-6.77698637948274E-16,-1.22219153989275E-16));
#2719=DIRECTION('',(0.5,3.72209385819845E-16,-0.866025403784439));
#2720=DIRECTION('',(-0.866025403784439,-5.86904236573318E-16,-0.5));
#2721=DIRECTION('',(-7.4441877163969E-16,1.,-2.93524742631466E-32));
#2722=DIRECTION('',(0.654653670707978,-0.654653670707977,0.377964473009227));
#2723=DIRECTION('',(-0.654653670707978,0.654653670707977,-0.377964473009227));
#2724=DIRECTION('',(4.44694211157891E-16,-0.5,-0.866025403784439));
#2725=DIRECTION('',(5.25794659578681E-16,-0.866025403784439,0.5));
#2726=DIRECTION('',(-1.,-6.77698637948274E-16,-1.22219153989275E-16));
#2727=DIRECTION('',(-0.654653670707978,0.654653670707977,-0.377964473009227));
#2728=DIRECTION('',(0.5,3.38849318974137E-16,-0.866025403784439));
#2729=DIRECTION('',(-0.866025403784439,-5.86904236573318E-16,-0.5));
#2730=DIRECTION('',(-0.654653670707977,-0.654653670707978,-0.377964473009227));
#2731=DIRECTION('',(-2.33004426790382E-16,0.5,-0.866025403784439));
#2732=DIRECTION('',(6.48013813567956E-16,-0.866025403784439,-0.5));
#2733=DIRECTION('',(-0.654653670707977,-0.654653670707978,-0.377964473009227));
#2734=DIRECTION('',(0.5,3.72209385819845E-16,-0.866025403784439));
#2735=DIRECTION('',(-0.866025403784439,-5.86904236573318E-16,-0.5));
#2736=DIRECTION('',(7.4441877163969E-16,-1.,2.93524742631466E-32));
#2737=DIRECTION('',(-0.654653670707977,-0.654653670707978,-0.377964473009227));
#2738=DIRECTION('',(-2.33004426790382E-16,0.5,-0.866025403784439));
#2739=DIRECTION('',(6.48013813567956E-16,-0.866025403784439,-0.5));
#2740=DIRECTION('',(0.654653670707978,-0.654653670707977,-0.377964473009227));
#2741=DIRECTION('',(-0.5,-3.72209385819845E-16,-0.866025403784439));
#2742=DIRECTION('',(-0.866025403784439,-5.86904236573318E-16,0.5));
#2743=DIRECTION('',(-0.654653670707978,0.654653670707977,0.377964473009227));
#2744=DIRECTION('',(-2.33004426790382E-16,0.5,-0.866025403784439));
#2745=DIRECTION('',(6.48013813567956E-16,-0.866025403784439,-0.5));
#2746=DIRECTION('',(1.,6.77698637948274E-16,1.22219153989275E-16));
#2747=DIRECTION('',(0.654653670707978,-0.654653670707977,-0.377964473009227));
#2748=DIRECTION('',(-0.5,-3.38849318974137E-16,-0.866025403784439));
#2749=DIRECTION('',(-0.866025403784439,-5.86904236573318E-16,0.5));
#2750=DIRECTION('',(0.654653670707977,0.654653670707978,-0.377964473009227));
#2751=DIRECTION('',(4.44694211157891E-16,-0.5,-0.866025403784439));
#2752=DIRECTION('',(5.25794659578681E-16,-0.866025403784439,0.5));
#2753=DIRECTION('',(0.654653670707977,0.654653670707978,-0.377964473009227));
#2754=DIRECTION('',(-0.5,-3.72209385819845E-16,-0.866025403784439));
#2755=DIRECTION('',(-0.866025403784439,-5.86904236573318E-16,0.5));
#2756=DIRECTION('',(0.654653670707977,0.654653670707978,-0.377964473009227));
#2757=DIRECTION('',(4.44694211157891E-16,-0.5,-0.866025403784439));
#2758=DIRECTION('',(5.25794659578681E-16,-0.866025403784439,0.5));
#2759=DIRECTION('',(-4.83292625467958E-16,1.,-5.4634228265335E-17));
#2760=DIRECTION('',(1.,4.83292625467958E-16,-1.414588143592E-16));
#2761=DIRECTION('',(0.17364817766693,1.37727095267917E-16,0.984807753012208));
#2762=DIRECTION('',(6.90059270695857E-16,-1.,-1.13201815514544E-16));
#2763=DIRECTION('',(-1.,-6.90059270695857E-16,1.414588143592E-16));
#2764=DIRECTION('',(-0.999943151226681,-6.88812998604131E-16,-0.010662753624425));
#2765=DIRECTION('',(-6.90059270695857E-16,1.,1.13201815514544E-16));
#2766=DIRECTION('',(0.984807753012208,6.99233008791919E-16,-0.17364817766693));
#2767=DIRECTION('',(0.17364817766693,1.37727095267917E-16,0.984807753012208));
#2768=DIRECTION('',(0.984807753012208,4.66463190357957E-16,-0.17364817766693));
#2769=DIRECTION('',(4.83292625467958E-16,-1.,5.4634228265335E-17));
#2770=DIRECTION('',(-1.,-4.83292625467958E-16,1.414588143592E-16));
#2771=DIRECTION('',(-0.17364817766693,-1.37727095267917E-16,-0.984807753012208));
#2772=DIRECTION('',(6.90059270695857E-16,-1.,-1.13201815514544E-16));
#2773=DIRECTION('',(0.984807753012208,6.99233008791919E-16,-0.17364817766693));
#2774=DIRECTION('',(-0.999943151226681,-6.76476308154052E-16,-0.010662753624425));
#2775=DIRECTION('',(6.90059270695857E-16,-1.,-1.13201815514544E-16));
#2776=DIRECTION('',(-1.,-6.90059270695857E-16,1.414588143592E-16));
#2777=DIRECTION('',(-0.17364817766693,-1.37727095267917E-16,-0.984807753012208));
#2778=DIRECTION('',(0.984807753012208,4.66463190357957E-16,-0.17364817766693));
#2779=DIRECTION('',(0.984807753012208,6.99233008791919E-16,-0.17364817766693));
#2780=DIRECTION('',(-0.17364817766693,-8.34550926472629E-18,-0.984807753012208));
#2781=DIRECTION('',(6.77698637948274E-16,-1.,-1.11022302462516E-16));
#2782=DIRECTION('',(-0.148239714501787,0.520800376132808,-0.840709197799307));
#2783=DIRECTION('',(-6.77698637948274E-16,1.,2.2376576540244E-16));
#2784=DIRECTION('',(0.148239714501787,0.520800376132808,0.840709197799307));
#2785=DIRECTION('',(1.414588143592E-16,-1.11022302462516E-16,1.));
#2786=DIRECTION('',(1.,6.77698637948274E-16,-1.414588143592E-16));
#2787=DIRECTION('',(1.414588143592E-16,-1.11022302462516E-16,1.));
#2788=DIRECTION('',(1.414588143592E-16,-1.11022302462516E-16,1.));
#2789=DIRECTION('',(1.414588143592E-16,-1.11022302462516E-16,1.));
#2790=DIRECTION('',(-1.,-6.77698637948274E-16,1.414588143592E-16));
#2791=DIRECTION('',(1.414588143592E-16,-1.11022302462516E-16,1.));
#2792=DIRECTION('',(1.,6.77698637948274E-16,-1.414588143592E-16));
#2793=DIRECTION('',(1.414588143592E-16,-1.11022302462516E-16,1.));
#2794=DIRECTION('',(1.414588143592E-16,-1.11022302462516E-16,1.));
#2795=DIRECTION('',(1.414588143592E-16,-1.11022302462516E-16,1.));
#2796=DIRECTION('',(-1.,-6.77698637948274E-16,1.414588143592E-16));
#2797=DIRECTION('',(0.707106781186547,0.707106781186548,-2.15218639578107E-17));
#2798=DIRECTION('',(0.707106781186548,-0.707106781186547,-1.78531109826189E-16));
#2799=DIRECTION('',(1.414588143592E-16,-1.11022302462516E-16,1.));
#2800=DIRECTION('',(1.414588143592E-16,-1.11022302462516E-16,1.));
#2801=DIRECTION('',(-0.707106781186548,0.707106781186547,1.78531109826189E-16));
#2802=DIRECTION('',(-6.77698637948274E-16,1.,1.11022302462516E-16));
#2803=DIRECTION('',(-1.414588143592E-16,1.11022302462516E-16,-1.));
#2804=DIRECTION('',(-1.,-6.77698637948274E-16,1.414588143592E-16));
#2805=DIRECTION('',(6.77698637948274E-16,-1.,-1.11022302462516E-16));
#2806=DIRECTION('',(1.414588143592E-16,-1.11022302462516E-16,1.));
#2807=DIRECTION('',(1.414588143592E-16,-1.11022302462516E-16,1.));
#2808=DIRECTION('',(1.,6.77698637948274E-16,-1.414588143592E-16));
#2809=DIRECTION('',(0.707106781186548,-0.707106781186547,-1.78531109826189E-16));
#2810=DIRECTION('',(-0.707106781186547,-0.707106781186548,2.15218639578107E-17));
#2811=DIRECTION('',(1.414588143592E-16,-1.11022302462516E-16,1.));
#2812=DIRECTION('',(0.707106781186547,0.707106781186548,-2.15218639578098E-17));
#2813=DIRECTION('',(1.,3.88578058618806E-16,-1.414588143592E-16));
#2814=DIRECTION('',(3.88578058618806E-16,-1.,-1.11022302462516E-16));
#2815=DIRECTION('',(-3.88578058618806E-16,1.,1.11022302462516E-16));
#2816=DIRECTION('',(1.414588143592E-16,-1.11022302462516E-16,1.));
#2817=DIRECTION('',(1.,6.77698637948274E-16,-1.414588143592E-16));
#2818=DIRECTION('',(6.77698637948274E-16,-1.,-1.11022302462516E-16));
#2819=DIRECTION('',(6.77698637948274E-16,-1.,-1.11022302462516E-16));
#2820=DIRECTION('',(-0.0904360362437144,0.853678492302533,-0.512888248187264));
#2821=DIRECTION('',(2.27756605847247E-16,-0.514998575379044,-0.857191033176127));
#2822=DIRECTION('',(-0.984807753012208,-6.99233008791919E-16,0.17364817766693));
#2823=DIRECTION('',(0.148239714501787,0.520800376132808,0.840709197799307));
#2824=DIRECTION('',(-0.0904360362437136,-0.853678492302533,-0.512888248187263));
#2825=DIRECTION('',(4.70271060312111E-16,-0.514998575379043,0.857191033176127));
#2826=DIRECTION('',(-0.148239714501787,0.520800376132808,-0.840709197799307));
#2827=DIRECTION('',(-0.984807753012208,-6.99233008791919E-16,0.17364817766693));
#2828=DIRECTION('',(0.984807753012208,6.99233008791919E-16,-0.17364817766693));
#2829=DIRECTION('',(-0.17364817766693,-8.34550926472629E-18,-0.984807753012208));
#2830=DIRECTION('',(6.77698637948274E-16,-1.,-1.11022302462516E-16));
#2831=DIRECTION('',(-6.77698637948274E-16,1.,2.2376576540244E-16));
#2832=DIRECTION('',(-0.616149552784906,-5.05008117985752E-16,0.787629182168208));
#2833=DIRECTION('',(-0.616149552784906,-5.05008117985752E-16,0.787629182168208));
#2834=DIRECTION('',(6.77698637948274E-16,-1.,-1.11022302462516E-16));
#2835=DIRECTION('',(-1.414588143592E-16,1.11022302462516E-16,-1.));
#2836=DIRECTION('',(6.77698637948274E-16,-1.,-1.11022302462516E-16));
#2837=DIRECTION('',(-1.414588143592E-16,1.11022302462516E-16,-1.));
#2838=DIRECTION('',(-0.0885211214540991,-0.949271531945484,0.301740898279273));
#2839=DIRECTION('',(-7.0483266524863E-17,0.302930111025857,0.953012774223862));
#2840=DIRECTION('',(-0.959559998630963,-6.19039260767359E-16,-0.281504190070675));
#2841=DIRECTION('',(0.267223913757463,-0.314457562538849,-0.91088298989402));
#2842=DIRECTION('',(0.959559998630963,-2.3379637933819E-15,0.281504190070674));
#2843=DIRECTION('',(0.267223913757463,-0.314457562538849,-0.91088298989402));
#2844=DIRECTION('',(-0.088521121454095,0.949271531945484,0.301740898279275));
#2845=DIRECTION('',(-3.40107380746623E-16,0.302930111025858,-0.953012774223862));
#2846=DIRECTION('',(-0.959559998630963,-6.19039260767359E-16,-0.281504190070675));
#2847=DIRECTION('',(-0.267223913757463,-0.314457562538849,0.91088298989402));
#2848=DIRECTION('',(0.959559998630963,-2.3379637933819E-15,0.281504190070674));
#2849=DIRECTION('',(-0.267223913757463,-0.314457562538849,0.91088298989402));
#2850=DIRECTION('',(-0.959559998630963,-6.19039260767359E-16,-0.281504190070675));
#2851=DIRECTION('',(-0.281504190070675,-2.97307566586566E-16,0.959559998630963));
#2852=DIRECTION('',(-6.77698637948274E-16,1.,1.11022302462516E-16));
#2853=DIRECTION('',(0.281504190070675,1.1660720450565E-16,-0.959559998630963));
#2854=DIRECTION('',(-0.959559998630963,-6.19039260767359E-16,-0.281504190070675));
#2855=DIRECTION('',(-6.77698637948274E-16,1.,1.11022302462516E-16));
#2856=DIRECTION('',(-0.281504190070675,-1.1660720450565E-16,0.959559998630963));
#2857=DIRECTION('',(-0.959559998630963,-6.19039260767359E-16,-0.281504190070675));
#2858=DIRECTION('',(-0.281504190070675,-2.97307566586566E-16,0.959559998630963));
#2859=DIRECTION('',(-6.77698637948274E-16,1.,1.11022302462516E-16));
#2860=DIRECTION('',(-0.281504190070675,-1.1660720450565E-16,0.959559998630963));
#2861=DIRECTION('',(-0.959559998630963,-6.19039260767359E-16,-0.281504190070675));
#2862=DIRECTION('',(-6.77698637948274E-16,1.,1.11022302462516E-16));
#2863=DIRECTION('',(0.281504190070675,1.1660720450565E-16,-0.959559998630963));
#2864=DIRECTION('',(-2.21059111771602E-15,-1.,-7.70038213066337E-16));
#2865=DIRECTION('',(-1.,2.21059111771602E-15,1.414588143592E-16));
#2866=DIRECTION('',(0.959559998630963,-2.3379637933819E-15,0.281504190070674));
#2867=DIRECTION('',(0.959559998630963,-2.3379637933819E-15,0.281504190070674));
#2868=DIRECTION('',(0.281504190070674,2.97307566586566E-16,-0.959559998630963));
#2869=DIRECTION('',(0.959559998630963,-2.3379637933819E-15,0.281504190070674));
#2870=DIRECTION('',(2.21059111771602E-15,1.,7.70038213066337E-16));
#2871=DIRECTION('',(1.,-2.21059111771602E-15,-1.414588143592E-16));
#2872=DIRECTION('',(6.90059270695857E-16,-1.,-1.13201815514544E-16));
#2873=DIRECTION('',(0.984807753012208,6.99233008791919E-16,-0.17364817766693));
#2874=DIRECTION('',(6.90059270695857E-16,-1.,-1.13201815514544E-16));
#2875=DIRECTION('',(0.984807753012208,6.99233008791919E-16,-0.17364817766693));
#2876=DIRECTION('',(1.22219153989275E-16,3.38963670212154E-32,-1.));
#2877=DIRECTION('',(2.1094237467878E-15,-1.,2.23915618716076E-31));
#2878=DIRECTION('',(1.22219153989275E-16,3.38963670212154E-32,-1.));
#2879=DIRECTION('',(2.1094237467878E-15,-1.,2.23915618716076E-31));
#2880=DIRECTION('',(1.22219153989275E-16,3.38963670212154E-32,-1.));
#2881=DIRECTION('',(2.1094237467878E-15,-1.,2.23915618716076E-31));
#2882=DIRECTION('',(1.22219153989275E-16,3.38963670212154E-32,-1.));
#2883=DIRECTION('',(2.1094237467878E-15,-1.,2.23915618716076E-31));
#2884=DIRECTION('',(1.22219153989275E-16,3.38963670212154E-32,-1.));
#2885=DIRECTION('',(2.1094237467878E-15,-1.,2.23915618716076E-31));
#2886=DIRECTION('',(1.22219153989275E-16,3.38963670212154E-32,-1.));
#2887=DIRECTION('',(2.1094237467878E-15,-1.,2.23915618716076E-31));
#2888=DIRECTION('',(-1.,-2.1094237467878E-15,-1.22219153989275E-16));
#2889=DIRECTION('',(2.1094237467878E-15,-1.,2.23915618716076E-31));
#2890=DIRECTION('',(1.,2.1094237467878E-15,1.22219153989275E-16));
#2891=DIRECTION('',(-2.1094237467878E-15,1.,-2.23915618716076E-31));
#2892=DIRECTION('',(1.16055676557765E-15,-0.5,-0.866025403784439));
#2893=DIRECTION('',(1.76570497506975E-15,-0.866025403784439,0.5));
#2894=DIRECTION('',(0.654653670707976,0.654653670707979,-0.377964473009227));
#2895=DIRECTION('',(-0.654653670707979,0.654653670707976,-0.377964473009227));
#2896=DIRECTION('',(0.5,1.0547118733939E-15,-0.866025403784439));
#2897=DIRECTION('',(0.866025403784439,1.82681455206439E-15,0.5));
#2898=DIRECTION('',(2.1094237467878E-15,-1.,2.23915618716076E-31));
#2899=DIRECTION('',(-0.654653670707976,-0.654653670707979,-0.377964473009227));
#2900=DIRECTION('',(-9.48866981210145E-16,0.5,-0.866025403784439));
#2901=DIRECTION('',(1.88792412905903E-15,-0.866025403784439,-0.5));
#2902=DIRECTION('',(0.654653670707979,-0.654653670707976,-0.377964473009227));
#2903=DIRECTION('',(-0.5,-1.0547118733939E-15,-0.866025403784439));
#2904=DIRECTION('',(0.866025403784439,1.82681455206439E-15,-0.5));
#2905=DIRECTION('',(2.10930676361689E-15,-1.,-1.10145379496593E-16));
#2906=DIRECTION('',(-1.,-2.10930676361689E-15,-6.0794180667212E-16));
#2907=DIRECTION('',(-0.17364817766693,-4.74749299329319E-16,0.984807753012208));
#2908=DIRECTION('',(-2.31607340884479E-15,1.,-5.76906642832856E-17));
#2909=DIRECTION('',(1.,2.31607340884479E-15,6.0794180667212E-16));
#2910=DIRECTION('',(0.999943151226681,2.31532660157289E-15,-0.0106627536244246));
#2911=DIRECTION('',(2.31607340884479E-15,-1.,5.76906642832856E-17));
#2912=DIRECTION('',(-0.984807753012208,-2.29090492829695E-15,-0.17364817766693));
#2913=DIRECTION('',(-0.17364817766693,-4.74749299329319E-16,0.984807753012208));
#2914=DIRECTION('',(-0.984807753012208,-2.05813510986298E-15,-0.17364817766693));
#2915=DIRECTION('',(-2.10930676361689E-15,1.,1.10145379496593E-16));
#2916=DIRECTION('',(1.,2.10930676361689E-15,6.0794180667212E-16));
#2917=DIRECTION('',(0.17364817766693,4.74749299329319E-16,-0.984807753012208));
#2918=DIRECTION('',(-2.31607340884479E-15,1.,-5.76906642832856E-17));
#2919=DIRECTION('',(-0.984807753012208,-2.29090492829695E-15,-0.17364817766693));
#2920=DIRECTION('',(0.999943151226681,2.30298991112281E-15,-0.0106627536244246));
#2921=DIRECTION('',(-2.31607340884479E-15,1.,-5.76906642832856E-17));
#2922=DIRECTION('',(1.,2.31607340884479E-15,6.0794180667212E-16));
#2923=DIRECTION('',(0.17364817766693,4.74749299329319E-16,-0.984807753012208));
#2924=DIRECTION('',(-0.984807753012208,-2.05813510986298E-15,-0.17364817766693));
#2925=DIRECTION('',(-0.984807753012208,-2.29090492829695E-15,-0.17364817766693));
#2926=DIRECTION('',(0.17364817766693,3.45367713326128E-16,-0.984807753012208));
#2927=DIRECTION('',(-2.3037127760972E-15,1.,-5.55111512312581E-17));
#2928=DIRECTION('',(0.148239714501789,-0.520800376132808,-0.840709197799307));
#2929=DIRECTION('',(2.3037127760972E-15,-1.,1.68254614171182E-16));
#2930=DIRECTION('',(-0.148239714501786,-0.520800376132808,0.840709197799307));
#2931=DIRECTION('',(-6.0794180667212E-16,5.55111512312567E-17,1.));
#2932=DIRECTION('',(-1.,-2.3037127760972E-15,-6.0794180667212E-16));
#2933=DIRECTION('',(-6.0794180667212E-16,5.55111512312567E-17,1.));
#2934=DIRECTION('',(-6.0794180667212E-16,5.55111512312567E-17,1.));
#2935=DIRECTION('',(-6.0794180667212E-16,5.55111512312567E-17,1.));
#2936=DIRECTION('',(1.,2.3037127760972E-15,6.0794180667212E-16));
#2937=DIRECTION('',(-6.0794180667212E-16,5.55111512312567E-17,1.));
#2938=DIRECTION('',(-1.,-2.3037127760972E-15,-6.0794180667212E-16));
#2939=DIRECTION('',(-6.0794180667212E-16,5.55111512312567E-17,1.));
#2940=DIRECTION('',(-6.0794180667212E-16,5.55111512312567E-17,1.));
#2941=DIRECTION('',(-6.0794180667212E-16,5.55111512312567E-17,1.));
#2942=DIRECTION('',(1.,2.3037127760972E-15,6.0794180667212E-16));
#2943=DIRECTION('',(-0.707106781186546,-0.707106781186549,-3.90627462597562E-16));
#2944=DIRECTION('',(-0.707106781186549,0.707106781186546,-4.69132085531751E-16));
#2945=DIRECTION('',(-6.0794180667212E-16,5.55111512312567E-17,1.));
#2946=DIRECTION('',(-6.0794180667212E-16,5.55111512312567E-17,1.));
#2947=DIRECTION('',(0.707106781186549,-0.707106781186546,4.69132085531751E-16));
#2948=DIRECTION('',(2.3037127760972E-15,-1.,5.55111512312581E-17));
#2949=DIRECTION('',(6.0794180667212E-16,-5.55111512312567E-17,-1.));
#2950=DIRECTION('',(1.,2.3037127760972E-15,6.0794180667212E-16));
#2951=DIRECTION('',(-2.3037127760972E-15,1.,-5.55111512312581E-17));
#2952=DIRECTION('',(-6.0794180667212E-16,5.55111512312567E-17,1.));
#2953=DIRECTION('',(-6.0794180667212E-16,5.55111512312567E-17,1.));
#2954=DIRECTION('',(-1.,-2.3037127760972E-15,-6.0794180667212E-16));
#2955=DIRECTION('',(-0.707106781186549,0.707106781186546,-4.69132085531751E-16));
#2956=DIRECTION('',(0.707106781186546,0.707106781186549,3.90627462597562E-16));
#2957=DIRECTION('',(-6.0794180667212E-16,5.55111512312567E-17,1.));
#2958=DIRECTION('',(-0.707106781186546,-0.707106781186549,-3.90627462597562E-16));
#2959=DIRECTION('',(-1.,-2.01459219676773E-15,-6.0794180667212E-16));
#2960=DIRECTION('',(-2.01459219676773E-15,1.,-5.5511151231258E-17));
#2961=DIRECTION('',(2.01459219676773E-15,-1.,5.5511151231258E-17));
#2962=DIRECTION('',(-6.0794180667212E-16,5.55111512312567E-17,1.));
#2963=DIRECTION('',(-1.,-2.3037127760972E-15,-6.0794180667212E-16));
#2964=DIRECTION('',(-2.3037127760972E-15,1.,-5.55111512312581E-17));
#2965=DIRECTION('',(-2.3037127760972E-15,1.,-5.55111512312581E-17));
#2966=DIRECTION('',(0.090436036243716,-0.853678492302532,-0.512888248187264));
#2967=DIRECTION('',(-6.65286532400325E-16,0.514998575379044,-0.857191033176127));
#2968=DIRECTION('',(0.984807753012208,2.29090492829695E-15,0.17364817766693));
#2969=DIRECTION('',(-0.148239714501786,-0.520800376132808,0.840709197799307));
#2970=DIRECTION('',(0.0904360362437124,0.853678492302533,-0.512888248187263));
#2971=DIRECTION('',(-1.70753106314479E-15,0.514998575379043,0.857191033176127));
#2972=DIRECTION('',(0.148239714501789,-0.520800376132808,-0.840709197799307));
#2973=DIRECTION('',(0.984807753012208,2.29090492829695E-15,0.17364817766693));
#2974=DIRECTION('',(-0.984807753012208,-2.29090492829695E-15,-0.17364817766693));
#2975=DIRECTION('',(0.17364817766693,3.45367713326128E-16,-0.984807753012208));
#2976=DIRECTION('',(-2.3037127760972E-15,1.,-5.55111512312581E-17));
#2977=DIRECTION('',(2.3037127760972E-15,-1.,1.68254614171182E-16));
#2978=DIRECTION('',(0.616149552784906,1.46315379938266E-15,0.787629182168208));
#2979=DIRECTION('',(0.616149552784906,1.46315379938266E-15,0.787629182168208));
#2980=DIRECTION('',(-2.3037127760972E-15,1.,-5.55111512312581E-17));
#2981=DIRECTION('',(6.0794180667212E-16,-5.55111512312567E-17,-1.));
#2982=DIRECTION('',(-2.3037127760972E-15,1.,-5.55111512312581E-17));
#2983=DIRECTION('',(6.0794180667212E-16,-5.55111512312567E-17,-1.));
#2984=DIRECTION('',(0.0885211214540975,0.949271531945484,0.301740898279273));
#2985=DIRECTION('',(1.18487659291547E-16,-0.302930111025857,0.953012774223862));
#2986=DIRECTION('',(0.959559998630963,2.19492400661072E-15,-0.281504190070675));
#2987=DIRECTION('',(-0.267223913757464,0.314457562538849,-0.91088298989402));
#2988=DIRECTION('',(-0.959559998630963,7.62079047538548E-16,0.281504190070674));
#2989=DIRECTION('',(-0.267223913757464,0.314457562538849,-0.91088298989402));
#2990=DIRECTION('',(0.0885211214540964,-0.949271531945484,0.301740898279275));
#2991=DIRECTION('',(1.27724027477808E-15,-0.302930111025858,-0.953012774223862));
#2992=DIRECTION('',(0.959559998630963,2.19492400661072E-15,-0.281504190070675));
#2993=DIRECTION('',(0.267223913757462,0.31445756253885,0.91088298989402));
#2994=DIRECTION('',(-0.959559998630963,7.62079047538548E-16,0.281504190070674));
#2995=DIRECTION('',(0.267223913757462,0.31445756253885,0.91088298989402));
#2996=DIRECTION('',(0.959559998630963,2.19492400661072E-15,-0.281504190070675));
#2997=DIRECTION('',(0.281504190070675,7.01771079390178E-16,0.959559998630963));
#2998=DIRECTION('',(2.3037127760972E-15,-1.,5.55111512312581E-17));
#2999=DIRECTION('',(-0.281504190070675,-5.21070717309261E-16,-0.959559998630963));
#3000=DIRECTION('',(0.959559998630963,2.19492400661072E-15,-0.281504190070675));
#3001=DIRECTION('',(2.3037127760972E-15,-1.,5.55111512312581E-17));
#3002=DIRECTION('',(0.281504190070675,5.21070717309261E-16,0.959559998630963));
#3003=DIRECTION('',(0.959559998630963,2.19492400661072E-15,-0.281504190070675));
#3004=DIRECTION('',(0.281504190070675,7.01771079390178E-16,0.959559998630963));
#3005=DIRECTION('',(2.3037127760972E-15,-1.,5.55111512312581E-17));
#3006=DIRECTION('',(0.281504190070675,5.21070717309261E-16,0.959559998630963));
#3007=DIRECTION('',(0.959559998630963,2.19492400661072E-15,-0.281504190070675));
#3008=DIRECTION('',(2.3037127760972E-15,-1.,5.55111512312581E-17));
#3009=DIRECTION('',(-0.281504190070675,-5.21070717309261E-16,-0.959559998630963));
#3010=DIRECTION('',(5.8457697956709E-16,1.,-7.14527061835079E-16));
#3011=DIRECTION('',(1.,-5.8457697956709E-16,6.0794180667212E-16));
#3012=DIRECTION('',(-0.959559998630963,7.62079047538548E-16,0.281504190070674));
#3013=DIRECTION('',(-0.959559998630963,7.62079047538548E-16,0.281504190070674));
#3014=DIRECTION('',(-0.281504190070674,-7.01771079390176E-16,-0.959559998630963));
#3015=DIRECTION('',(-0.959559998630963,7.62079047538548E-16,0.281504190070674));
#3016=DIRECTION('',(-5.8457697956709E-16,-1.,7.14527061835079E-16));
#3017=DIRECTION('',(-1.,5.8457697956709E-16,-6.0794180667212E-16));
#3018=DIRECTION('',(-2.31607340884479E-15,1.,-5.76906642832856E-17));
#3019=DIRECTION('',(-0.984807753012208,-2.29090492829695E-15,-0.17364817766693));
#3020=DIRECTION('',(-2.31607340884479E-15,1.,-5.76906642832856E-17));
#3021=DIRECTION('',(-0.984807753012208,-2.29090492829695E-15,-0.17364817766693));
#3022=DIRECTION('',(-3.20077767391152E-16,0.,-1.));
#3023=DIRECTION('',(-1.,0.,3.20077767391152E-16));
#3024=DIRECTION('',(-3.20077767391152E-16,0.,-1.));
#3025=DIRECTION('',(-1.,0.,3.20077767391152E-16));
#3026=DIRECTION('',(1.22219153989275E-16,3.38963670212154E-32,-1.));
#3027=DIRECTION('',(2.1094237467878E-15,-1.,2.23915618716076E-31));
#3028=DIRECTION('',(1.22219153989275E-16,3.38963670212154E-32,-1.));
#3029=DIRECTION('',(2.1094237467878E-15,-1.,2.23915618716076E-31));
#3030=DIRECTION('',(-1.22219153989275E-16,-3.38963670212154E-32,1.));
#3031=DIRECTION('',(-2.1094237467878E-15,1.,-2.23915618716076E-31));
#3032=DIRECTION('',(6.0794180667212E-16,-5.55111512312567E-17,-1.));
#3033=DIRECTION('',(2.3037127760972E-15,-1.,5.55111512312581E-17));
#3034=DIRECTION('',(-3.20077767391152E-16,0.,-1.));
#3035=DIRECTION('',(-1.,0.,3.20077767391152E-16));
#3036=DIRECTION('',(-3.20077767391152E-16,0.,-1.));
#3037=DIRECTION('',(-1.,0.,3.20077767391152E-16));
#3038=DIRECTION('',(1.22219153989275E-16,6.16297582203916E-32,-1.));
#3039=DIRECTION('',(-1.,-6.77698637948274E-16,-1.22219153989275E-16));
#3040=DIRECTION('',(1.22219153989275E-16,6.16297582203916E-32,-1.));
#3041=DIRECTION('',(-1.,-6.77698637948274E-16,-1.22219153989275E-16));
#3042=DIRECTION('',(-1.22219153989275E-16,-6.16297582203916E-32,1.));
#3043=DIRECTION('',(1.,6.77698637948274E-16,1.22219153989275E-16));
#3044=DIRECTION('',(-1.414588143592E-16,1.11022302462516E-16,-1.));
#3045=DIRECTION('',(-6.77698637948274E-16,1.,1.11022302462516E-16));
#3046=CARTESIAN_POINT('',(0.,0.,0.));
#3047=CARTESIAN_POINT('',(3.67394039744224E-17,0.,1.70000000000001));
#3048=CARTESIAN_POINT('',(-3.72890599010691E-15,0.,1.70000000000001));
#3049=CARTESIAN_POINT('',(15.,0.,1.70000000000001));
#3050=CARTESIAN_POINT('',(-1.11534828053764E-15,1.7,1.70000000000001));
#3051=CARTESIAN_POINT('',(1.50000006227104,1.7,1.70000000000001));
#3052=CARTESIAN_POINT('',(-0.999999937728959,1.7,1.70000000000001));
#3053=CARTESIAN_POINT('',(-0.099999968864479,0.0999999688644789,1.70000000000001));
#3054=CARTESIAN_POINT('',(2.50000006227104,2.7,1.70000000000001));
#3055=CARTESIAN_POINT('',(2.50000006227104,9.71445170744175E-16,1.70000000000001));
#3056=CARTESIAN_POINT('',(2.50000006227104,5.7,1.70000000000001));
#3057=CARTESIAN_POINT('',(4.10000003113552,4.10000003113552,1.70000000000001));
#3058=CARTESIAN_POINT('',(1.50000006227104,6.7,1.70000000000001));
#3059=CARTESIAN_POINT('',(-4.50384147027901E-15,6.7,1.70000000000001));
#3060=CARTESIAN_POINT('',(-0.999999937728962,6.7,1.70000000000001));
#3061=CARTESIAN_POINT('',(0.462705466549526,2.97703170839524,1.70000000000001));
#3062=CARTESIAN_POINT('',(-1.62828767945876,6.38698004573795,1.70000000000001));
#3063=CARTESIAN_POINT('',(-2.56702824428459,5.7,1.70000000000001));
#3064=CARTESIAN_POINT('',(-2.24975214106199,5.92314989698355,1.70000000000001));
#3065=CARTESIAN_POINT('',(-1.95422667071624,6.17645355817297,1.70000000000001));
#3066=CARTESIAN_POINT('',(-1.62828767945876,6.38698004573795,1.70000000000001));
#3067=CARTESIAN_POINT('',(-2.56702824428459,5.7,1.70000000000001));
#3068=CARTESIAN_POINT('',(-2.96981730355706,5.56976595395645,1.70000000017645));
#3069=CARTESIAN_POINT('',(-2.83351608227364,5.60687353415175,1.70000000017645));
#3070=CARTESIAN_POINT('',(-2.69910104859333,5.6498147327698,1.70000000000001));
#3071=CARTESIAN_POINT('',(-2.56702824428459,5.7,1.70000000000001));
#3072=CARTESIAN_POINT('',(-2.96987288337305,5.56975096069144,1.70000000132401));
#3073=CARTESIAN_POINT('',(-2.96992846595862,6.38698004573795,1.70000000000001));
#3074=CARTESIAN_POINT('',(-2.96987354266837,2.83024916878727,1.70000000123391));
#3075=CARTESIAN_POINT('',(-2.56702824756069,2.7,1.70000000000001));
#3076=CARTESIAN_POINT('',(-2.699101477839,2.75018540066627,1.70000000000001));
#3077=CARTESIAN_POINT('',(-2.83351696495373,2.79312663859908,1.70000000000001));
#3078=CARTESIAN_POINT('',(-2.9698186217344,2.8302343061947,1.70000000000001));
#3079=CARTESIAN_POINT('',(-2.56702824756069,2.7,1.70000000000001));
#3080=CARTESIAN_POINT('',(-1.62828767945876,2.01301995426205,1.70000000000001));
#3081=CARTESIAN_POINT('',(-1.95424798018709,2.22356020577723,1.70000000000001));
#3082=CARTESIAN_POINT('',(-2.24975535147875,2.47685236099988,1.69999999999988));
#3083=CARTESIAN_POINT('',(-2.56702824428454,2.7,1.69999999999988));
#3084=CARTESIAN_POINT('',(-1.62828767945876,2.01301995426205,1.70000000000001));
#3085=CARTESIAN_POINT('',(0.462705466549525,5.42296829160476,1.70000000000001));
#3086=CARTESIAN_POINT('',(3.95305112333967E-15,-1.7,1.70000000000001));
#3087=CARTESIAN_POINT('',(-1.50000000000001,-1.7,1.70000000000001));
#3088=CARTESIAN_POINT('',(0.999999999999992,-1.7,1.70000000000001));
#3089=CARTESIAN_POINT('',(0.0999999999999946,-0.099999999999994,1.70000000000001));
#3090=CARTESIAN_POINT('',(-2.5,-2.70000000000001,1.70000000000001));
#3091=CARTESIAN_POINT('',(-2.50000000000001,-5.03648049191935E-15,1.70000000000001));
#3092=CARTESIAN_POINT('',(-2.5,-5.70000000000001,1.70000000000001));
#3093=CARTESIAN_POINT('',(-4.1,-4.10000000000002,1.70000000000001));
#3094=CARTESIAN_POINT('',(-1.5,-6.7,1.70000000000001));
#3095=CARTESIAN_POINT('',(1.54716150038257E-14,-6.7,1.70000000000001));
#3096=CARTESIAN_POINT('',(1.,-6.7,1.70000000000001));
#3097=CARTESIAN_POINT('',(-0.462705404278492,-2.97703170839524,1.70000000000001));
#3098=CARTESIAN_POINT('',(1.6282877417298,-6.38698004573795,1.70000000000001));
#3099=CARTESIAN_POINT('',(2.56702830655564,-5.69999999999999,1.70000000000001));
#3100=CARTESIAN_POINT('',(2.24975220333303,-5.92314989698354,1.70000000000001));
#3101=CARTESIAN_POINT('',(1.95422673298728,-6.17645355817296,1.70000000000001));
#3102=CARTESIAN_POINT('',(1.6282877417298,-6.38698004573795,1.70000000000001));
#3103=CARTESIAN_POINT('',(2.56702830655563,-5.69999999999999,1.70000000000001));
#3104=CARTESIAN_POINT('',(2.9698173658281,-5.56976595395644,1.70000000017645));
#3105=CARTESIAN_POINT('',(2.83351614454468,-5.60687353415175,1.70000000017645));
#3106=CARTESIAN_POINT('',(2.69910111086437,-5.64981473276979,1.70000000000001));
#3107=CARTESIAN_POINT('',(2.56702830655563,-5.69999999999999,1.70000000000001));
#3108=CARTESIAN_POINT('',(2.96987294564409,-5.56975096069143,1.70000000132401));
#3109=CARTESIAN_POINT('',(2.96992852822967,-6.38698004573794,1.70000000000001));
#3110=CARTESIAN_POINT('',(2.96987360493941,-2.83024916878727,1.70000000123391));
#3111=CARTESIAN_POINT('',(2.56702830983173,-2.7,1.70000000000001));
#3112=CARTESIAN_POINT('',(2.69910154011004,-2.75018540066627,1.70000000000001));
#3113=CARTESIAN_POINT('',(2.83351702722477,-2.79312663859908,1.70000000000001));
#3114=CARTESIAN_POINT('',(2.96981868400544,-2.8302343061947,1.70000000000001));
#3115=CARTESIAN_POINT('',(2.56702830983173,-2.7,1.70000000000001));
#3116=CARTESIAN_POINT('',(1.6282877417298,-2.01301995426205,1.70000000000001));
#3117=CARTESIAN_POINT('',(1.95424804245813,-2.22356020577723,1.70000000000001));
#3118=CARTESIAN_POINT('',(2.24975541374979,-2.47685236099987,1.69999999999988));
#3119=CARTESIAN_POINT('',(2.56702830655557,-2.69999999999999,1.69999999999988));
#3120=CARTESIAN_POINT('',(1.6282877417298,-2.01301995426205,1.70000000000001));
#3121=CARTESIAN_POINT('',(-0.462705404278485,-5.42296829160476,1.70000000000001));
#3122=CARTESIAN_POINT('',(-2.3792561470186E-15,0.,7.66132477258524));
#3123=CARTESIAN_POINT('',(-1.82081846620427E-15,0.,7.66132477258524));
#3124=CARTESIAN_POINT('',(-17.5,0.,7.66132477258524));
#3125=CARTESIAN_POINT('',(-3.01365855985018E-15,0.,7.42399266221588));
#3126=CARTESIAN_POINT('',(-17.4714285714289,0.,7.42399266221588));
#3127=CARTESIAN_POINT('',(-3.44276239525998E-15,0.,4.33867522741479));
#3128=CARTESIAN_POINT('',(-3.92523534405705E-15,0.,4.57600733778415));
#3129=CARTESIAN_POINT('',(17.4714285714289,0.,4.57600733778414));
#3130=CARTESIAN_POINT('',(-2.88432471444565E-15,0.,4.33867522741479));
#3131=CARTESIAN_POINT('',(-17.5,0.,4.3386752274148));
#3132=CARTESIAN_POINT('',(-2.61003704080788E-15,0.,39.9));
#3133=CARTESIAN_POINT('',(-2.61003704080788E-15,0.,39.9));
#3134=CARTESIAN_POINT('',(14.,0.,39.9));
#3135=CARTESIAN_POINT('',(-2.61003704080788E-15,0.,39.9));
#3136=CARTESIAN_POINT('',(-2.6222589562068E-15,0.,40.));
#3137=CARTESIAN_POINT('',(14.,0.,40.));
#3138=CARTESIAN_POINT('',(3.37682044597665E-15,0.,38.9));
#3139=CARTESIAN_POINT('',(3.72890599010692E-15,0.,40.));
#3140=CARTESIAN_POINT('',(16.4,0.,40.));
#3141=CARTESIAN_POINT('',(3.37682044597665E-15,0.,38.9));
#3142=CARTESIAN_POINT('',(17.5,0.,38.9));
#3143=CARTESIAN_POINT('',(-3.87294098543293E-15,0.,1.25000000000001));
#3144=CARTESIAN_POINT('',(-3.87294098543293E-15,0.,1.25000000000001));
#3145=CARTESIAN_POINT('',(-17.5,0.,1.25000000000002));
#3146=CARTESIAN_POINT('',(-4.27303819467187E-15,0.,1.14925430283463E-14));
#3147=CARTESIAN_POINT('',(-16.25,0.,1.66938067484525E-14));
#3148=CARTESIAN_POINT('',(-3.72890599010692E-15,0.,1.7));
#3149=CARTESIAN_POINT('',(-3.87294098543293E-15,0.,1.25000000000001));
#3150=CARTESIAN_POINT('',(15.,0.,1.25000000000001));
#3151=CARTESIAN_POINT('',(-3.46944695195361E-15,0.,1.25000000000001));
#3152=CARTESIAN_POINT('',(-4.24103041793275E-15,0.,0.100000000000011));
#3153=CARTESIAN_POINT('',(16.15,0.,0.100000000000006));
#3154=CARTESIAN_POINT('',(14.,0.,0.100000000000006));
#3155=CARTESIAN_POINT('',(-4.24103041793275E-15,0.,0.10000000000001));
#3156=CARTESIAN_POINT('',(14.,0.,0.100000000000006));
#3157=CARTESIAN_POINT('',(-3.72890599010692E-15,0.,1.7));
#3158=CARTESIAN_POINT('',(-4.27303819467187E-15,0.,1.01915004213637E-14));
#3159=CARTESIAN_POINT('',(14.,0.,5.71041167788757E-15));
#3160=CARTESIAN_POINT('',(14.,0.,6.84850869335044E-15));
#3161=CARTESIAN_POINT('',(-3.72890599010692E-15,0.,1.7));
#3162=CARTESIAN_POINT('',(-3.46944695195361E-15,0.,6.00000000000002));
#3163=CARTESIAN_POINT('',(-3.72890599010692E-15,0.,1.7));
#3164=CARTESIAN_POINT('',(2.00692838477176E-30,0.,40.));
#3165=CARTESIAN_POINT('',(6.73236555827947E-16,4.2,0.39999999999999));
#3166=CARTESIAN_POINT('',(5.38795486439743E-16,4.2,1.5));
#3167=CARTESIAN_POINT('',(-1.62828767945876,5.36132649712422,1.5));
#3168=CARTESIAN_POINT('',(-1.62828767945876,3.03867350287578,1.5));
#3169=CARTESIAN_POINT('',(-1.62828767945876,3.03867350287578,1.5));
#3170=CARTESIAN_POINT('',(-1.87103594222509,3.37902912763008,1.5));
#3171=CARTESIAN_POINT('',(-2.12901880954213,4.19811077377336,1.3566961014616));
#3172=CARTESIAN_POINT('',(-1.87092561795988,5.02112555724298,1.5));
#3173=CARTESIAN_POINT('',(-1.62828767945876,5.36132649712422,1.5));
#3174=CARTESIAN_POINT('',(6.48792725030092E-16,4.2,0.599999999999989));
#3175=CARTESIAN_POINT('',(-2.,4.2,0.599999999999989));
#3176=CARTESIAN_POINT('',(6.48792725030092E-16,4.2,0.599999999999989));
#3177=CARTESIAN_POINT('',(6.73236555827947E-16,4.2,0.39999999999999));
#3178=CARTESIAN_POINT('',(-1.8,4.2,0.39999999999999));
#3179=CARTESIAN_POINT('',(-1.8,4.2,0.399999999999989));
#3180=CARTESIAN_POINT('',(-0.249999999999999,4.2,0.39999999999999));
#3181=CARTESIAN_POINT('',(-0.25,5.825,0.39999999999999));
#3182=CARTESIAN_POINT('',(-0.249999999999999,4.45,0.39999999999999));
#3183=CARTESIAN_POINT('',(-1.8,4.45,0.399999999999989));
#3184=CARTESIAN_POINT('',(-1.625,4.45,0.39999999999999));
#3185=CARTESIAN_POINT('',(-1.625,4.2,0.39999999999999));
#3186=CARTESIAN_POINT('',(-1.625,3.95,0.39999999999999));
#3187=CARTESIAN_POINT('',(-1.8,3.95,0.399999999999989));
#3188=CARTESIAN_POINT('',(-0.249999999999999,3.95,0.39999999999999));
#3189=CARTESIAN_POINT('',(-0.249999999999999,4.2,0.39999999999999));
#3190=CARTESIAN_POINT('',(-0.249999999999998,2.575,0.39999999999999));
#3191=CARTESIAN_POINT('',(-1.8,2.575,0.399999999999989));
#3192=CARTESIAN_POINT('',(0.250000000000002,2.575,0.39999999999999));
#3193=CARTESIAN_POINT('',(0.250000000000001,4.2,0.39999999999999));
#3194=CARTESIAN_POINT('',(0.250000000000001,3.95,0.39999999999999));
#3195=CARTESIAN_POINT('',(-1.8,3.95,0.399999999999989));
#3196=CARTESIAN_POINT('',(1.625,3.95,0.39999999999999));
#3197=CARTESIAN_POINT('',(1.625,4.2,0.39999999999999));
#3198=CARTESIAN_POINT('',(1.625,4.45,0.39999999999999));
#3199=CARTESIAN_POINT('',(-1.8,4.45,0.399999999999989));
#3200=CARTESIAN_POINT('',(0.250000000000001,4.45,0.39999999999999));
#3201=CARTESIAN_POINT('',(0.250000000000001,4.2,0.39999999999999));
#3202=CARTESIAN_POINT('',(0.25,5.825,0.39999999999999));
#3203=CARTESIAN_POINT('',(-1.8,5.825,0.399999999999989));
#3204=CARTESIAN_POINT('',(-0.249999999999999,4.2,0.39999999999999));
#3205=CARTESIAN_POINT('',(6.55595740463987E-16,4.2,0.544337567297399));
#3206=CARTESIAN_POINT('',(6.96253321932194E-16,4.2,0.544337567297399));
#3207=CARTESIAN_POINT('',(-3.30449995339164E-16,5.575,0.544337567297399));
#3208=CARTESIAN_POINT('',(-0.142857142857142,4.34285714285714,0.46185895741317));
#3209=CARTESIAN_POINT('',(0.446428571428572,5.12857142857143,0.80208322318563));
#3210=CARTESIAN_POINT('',(5.58022004965154E-16,4.45,0.39999999999999));
#3211=CARTESIAN_POINT('',(7.09805849088263E-16,4.2,0.544337567297399));
#3212=CARTESIAN_POINT('',(-1.375,4.2,0.544337567297399));
#3213=CARTESIAN_POINT('',(-1.51785714285714,4.34285714285714,0.46185895741317));
#3214=CARTESIAN_POINT('',(-1.625,4.2,0.39999999999999));
#3215=CARTESIAN_POINT('',(-0.928571428571429,4.64642857142857,0.80208322318563));
#3216=CARTESIAN_POINT('',(8.96871323939291E-16,3.95,0.39999999999999));
#3217=CARTESIAN_POINT('',(-0.142857142857142,4.05714285714286,0.46185895741317));
#3218=CARTESIAN_POINT('',(-0.249999999999999,4.2,0.39999999999999));
#3219=CARTESIAN_POINT('',(6.55595740463987E-16,4.2,0.544337567297399));
#3220=CARTESIAN_POINT('',(1.64164147626714E-15,2.825,0.544337567297399));
#3221=CARTESIAN_POINT('',(-0.142857142857141,2.68214285714286,0.46185895741317));
#3222=CARTESIAN_POINT('',(1.82870695111817E-15,2.575,0.39999999999999));
#3223=CARTESIAN_POINT('',(-0.446428571428571,3.27142857142857,0.80208322318563));
#3224=CARTESIAN_POINT('',(0.250000000000001,4.2,0.39999999999999));
#3225=CARTESIAN_POINT('',(0.142857142857144,4.05714285714286,0.46185895741317));
#3226=CARTESIAN_POINT('',(8.96871323939291E-16,3.95,0.39999999999999));
#3227=CARTESIAN_POINT('',(7.09805849088263E-16,4.2,0.544337567297399));
#3228=CARTESIAN_POINT('',(1.375,4.2,0.544337567297399));
#3229=CARTESIAN_POINT('',(1.51785714285714,4.05714285714286,0.46185895741317));
#3230=CARTESIAN_POINT('',(1.625,4.2,0.39999999999999));
#3231=CARTESIAN_POINT('',(0.92857142857143,3.75357142857143,0.80208322318563));
#3232=CARTESIAN_POINT('',(5.58022004965154E-16,4.45,0.39999999999999));
#3233=CARTESIAN_POINT('',(0.142857142857144,4.34285714285714,0.46185895741317));
#3234=CARTESIAN_POINT('',(0.250000000000001,4.2,0.39999999999999));
#3235=CARTESIAN_POINT('',(0.142857142857143,5.71785714285714,0.46185895741317));
#3236=CARTESIAN_POINT('',(-3.73813622213723E-16,5.825,0.39999999999999));
#3237=CARTESIAN_POINT('',(-3.46118650004555,4.95,0.470901111265929));
#3238=CARTESIAN_POINT('',(-2.67334029763578,4.95,0.331982569132389));
#3239=CARTESIAN_POINT('',(-3.069236683989,4.95,-1.91325740924498));
#3240=CARTESIAN_POINT('',(-2.67334029763578,4.95,0.331982569132389));
#3241=CARTESIAN_POINT('',(-2.0844289309768,4.95,-2.08690558691191));
#3242=CARTESIAN_POINT('',(-3.08437208220348,4.95,-2.09756834053633));
#3243=CARTESIAN_POINT('',(-3.88432660318482,4.95,-2.10609854343587));
#3244=CARTESIAN_POINT('',(-3.88432660318482,4.95,-2.10609854343587));
#3245=CARTESIAN_POINT('',(-2.0844289309768,4.95,-2.08690558691191));
#3246=CARTESIAN_POINT('',(-3.85708288639877,4.95,-1.77433886711143));
#3247=CARTESIAN_POINT('',(-3.46118650004555,4.95,0.470901111265929));
#3248=CARTESIAN_POINT('',(-3.46118650004555,4.95,0.470901111265929));
#3249=CARTESIAN_POINT('',(-3.46118650004555,4.95,0.470901111265929));
#3250=CARTESIAN_POINT('',(-3.46118650004555,3.45,0.470901111265929));
#3251=CARTESIAN_POINT('',(-3.46118650004555,3.45,0.470901111265929));
#3252=CARTESIAN_POINT('',(-3.46118650004555,3.45,0.470901111265929));
#3253=CARTESIAN_POINT('',(-3.85708288639877,3.45,-1.77433886711143));
#3254=CARTESIAN_POINT('',(-2.0844289309768,3.45,-2.08690558691191));
#3255=CARTESIAN_POINT('',(-3.88432660318482,3.45,-2.10609854343587));
#3256=CARTESIAN_POINT('',(-3.88432660318482,3.45,-2.10609854343587));
#3257=CARTESIAN_POINT('',(-3.08437208220348,3.45,-2.09756834053633));
#3258=CARTESIAN_POINT('',(-2.0844289309768,3.45,-2.08690558691191));
#3259=CARTESIAN_POINT('',(-3.069236683989,3.45,-1.91325740924498));
#3260=CARTESIAN_POINT('',(-2.67334029763578,3.45,0.331982569132389));
#3261=CARTESIAN_POINT('',(-2.67334029763578,3.45,0.331982569132389));
#3262=CARTESIAN_POINT('',(-3.46118650004555,3.45,0.470901111265929));
#3263=CARTESIAN_POINT('',(-3.24770780269532,4.95,1.68159896642395));
#3264=CARTESIAN_POINT('',(-3.85708288639877,4.95,-1.77433886711143));
#3265=CARTESIAN_POINT('',(-3.46118650004555,3.45,0.470901111265929));
#3266=CARTESIAN_POINT('',(-3.40094163488073,3.23834586572596,0.812566719800469));
#3267=CARTESIAN_POINT('',(-3.40094163488073,3.23834586572596,0.812566719800469));
#3268=CARTESIAN_POINT('',(-3.4009412090458,5.16165413427404,0.812566647809849));
#3269=CARTESIAN_POINT('',(-3.24770780269532,5.7,1.68159896642395));
#3270=CARTESIAN_POINT('',(0.462705466549526,2.97703170839524,1.5));
#3271=CARTESIAN_POINT('',(-1.62828767945876,6.38698004573795,2.3));
#3272=CARTESIAN_POINT('',(-1.62828767945876,6.38698004573795,1.5));
#3273=CARTESIAN_POINT('',(-0.999999937728962,6.7,1.5));
#3274=CARTESIAN_POINT('',(-0.999999937728962,6.7,1.5));
#3275=CARTESIAN_POINT('',(0.462705466549526,2.97703170839524,1.5));
#3276=CARTESIAN_POINT('',(0.462705466549525,5.42296829160476,1.5));
#3277=CARTESIAN_POINT('',(-0.999999937728959,1.7,1.5));
#3278=CARTESIAN_POINT('',(-0.999999937728959,1.7,1.5));
#3279=CARTESIAN_POINT('',(-1.62828767945876,2.01301995426205,2.3));
#3280=CARTESIAN_POINT('',(-1.62828767945876,2.01301995426205,1.5));
#3281=CARTESIAN_POINT('',(0.462705466549525,5.42296829160476,1.5));
#3282=CARTESIAN_POINT('',(1.50000006227104,6.7,1.5));
#3283=CARTESIAN_POINT('',(1.50000006227104,6.7,1.5));
#3284=CARTESIAN_POINT('',(1.50000006227104,6.7,1.5));
#3285=CARTESIAN_POINT('',(2.50000006227104,5.7,1.5));
#3286=CARTESIAN_POINT('',(2.50000006227104,5.7,1.5));
#3287=CARTESIAN_POINT('',(1.50000006227104,6.7,1.5));
#3288=CARTESIAN_POINT('',(1.50000006227104,6.7,1.5));
#3289=CARTESIAN_POINT('',(1.50000006227104,6.7,1.5));
#3290=CARTESIAN_POINT('',(1.50000006227104,1.7,1.5));
#3291=CARTESIAN_POINT('',(1.50000006227104,1.7,1.5));
#3292=CARTESIAN_POINT('',(1.50000006227104,1.7,1.5));
#3293=CARTESIAN_POINT('',(1.50000006227104,1.7,1.5));
#3294=CARTESIAN_POINT('',(2.50000006227104,2.7,1.5));
#3295=CARTESIAN_POINT('',(2.50000006227104,2.7,1.5));
#3296=CARTESIAN_POINT('',(2.50000006227104,2.7,1.5));
#3297=CARTESIAN_POINT('',(2.50000006227104,2.7,1.5));
#3298=CARTESIAN_POINT('',(2.50000006227104,5.7,1.5));
#3299=CARTESIAN_POINT('',(2.50000006227104,5.7,1.5));
#3300=CARTESIAN_POINT('',(0.462705466549526,2.97703170839524,1.5));
#3301=CARTESIAN_POINT('',(-1.62828767945876,6.38698004573795,1.5));
#3302=CARTESIAN_POINT('',(-1.62828767945876,6.38698004573795,1.5));
#3303=CARTESIAN_POINT('',(-3.24770780269532,5.7,1.68159896642395));
#3304=CARTESIAN_POINT('',(-2.61309543247097,5.16165413427404,0.67364817766693));
#3305=CARTESIAN_POINT('',(-2.61309543247097,5.16165413427404,0.67364817766693));
#3306=CARTESIAN_POINT('',(-2.45986160028556,5.7,1.54268042429041));
#3307=CARTESIAN_POINT('',(-3.46118650004555,3.45,0.470901111265929));
#3308=CARTESIAN_POINT('',(-2.67334029763578,3.45,0.331982569132389));
#3309=CARTESIAN_POINT('',(-2.61309543247097,3.23834586572596,0.67364817766693));
#3310=CARTESIAN_POINT('',(-2.61309543247097,3.23834586572596,0.67364817766693));
#3311=CARTESIAN_POINT('',(-2.45986160028556,4.95,1.54268042429041));
#3312=CARTESIAN_POINT('',(-3.069236683989,4.95,-1.91325740924498));
#3313=CARTESIAN_POINT('',(-2.61309543247097,3.23834586572596,0.67364817766693));
#3314=CARTESIAN_POINT('',(-1.62828767945876,6.38698004573795,2.02670095538714));
#3315=CARTESIAN_POINT('',(-1.8151319441192,6.29211936589237,2.02673945776261));
#3316=CARTESIAN_POINT('',(-2.17141563880955,6.08169515834185,1.95735422784062));
#3317=CARTESIAN_POINT('',(-2.45164247288759,5.83272289670232,1.79422375124977));
#3318=CARTESIAN_POINT('',(-2.56896379035684,5.7,1.702474224907));
#3319=CARTESIAN_POINT('',(-1.62828767945876,6.38698004573795,1.8511339702581));
#3320=CARTESIAN_POINT('',(-1.79363675971319,6.29212590922774,1.8511689468124));
#3321=CARTESIAN_POINT('',(-2.10896510239869,6.08168717975827,1.7897592461525));
#3322=CARTESIAN_POINT('',(-2.3569513852524,5.83273231053412,1.64539560194495));
#3323=CARTESIAN_POINT('',(-2.46078827098578,5.7,1.56419254399407));
#3324=CARTESIAN_POINT('',(-1.62828767945876,6.38698004573795,1.67556698512905));
#3325=CARTESIAN_POINT('',(-1.77214157530718,6.29213245256311,1.67559843586218));
#3326=CARTESIAN_POINT('',(-2.04651456598784,6.08167920117469,1.62216426446438));
#3327=CARTESIAN_POINT('',(-2.26226029761722,5.83274172436591,1.49656745264013));
#3328=CARTESIAN_POINT('',(-2.35261275161473,5.7,1.42591086308114));
#3329=CARTESIAN_POINT('',(-1.62828767945876,6.38698004573795,1.5));
#3330=CARTESIAN_POINT('',(-1.75064639090116,6.29213899589848,1.50002792491196));
#3331=CARTESIAN_POINT('',(-1.98406402957698,6.0816712225911,1.45456928277626));
#3332=CARTESIAN_POINT('',(-2.16756920998203,5.83275113819771,1.34773930333531));
#3333=CARTESIAN_POINT('',(-2.24443723224367,5.7,1.28762918216821));
#3334=CARTESIAN_POINT('',(-2.73735687447159,5.7,1.91773252790278));
#3335=CARTESIAN_POINT('',(-2.24443723224367,5.7,1.28762918216821));
#3336=CARTESIAN_POINT('',(-2.24443723224367,5.7,1.28762918216821));
#3337=CARTESIAN_POINT('',(-2.08967231527928,5.96726161111739,1.40869927014018));
#3338=CARTESIAN_POINT('',(-1.8743561305347,6.19625495969671,1.5));
#3339=CARTESIAN_POINT('',(-1.62828767945876,6.38698004573795,1.5));
#3340=CARTESIAN_POINT('',(-2.56896379035683,2.7,1.702474224907));
#3341=CARTESIAN_POINT('',(-2.45164247288755,2.56727710329765,1.79422375124979));
#3342=CARTESIAN_POINT('',(-2.17141563880962,2.3183048416582,1.95735422784059));
#3343=CARTESIAN_POINT('',(-1.81513194411915,2.1078806341076,2.02673945776263));
#3344=CARTESIAN_POINT('',(-1.62828767945876,2.01301995426205,2.02670095538714));
#3345=CARTESIAN_POINT('',(-2.46078827098578,2.7,1.56419254399407));
#3346=CARTESIAN_POINT('',(-2.35695138525236,2.56726768946585,1.64539560194497));
#3347=CARTESIAN_POINT('',(-2.10896510239875,2.31831282024179,1.78975924615247));
#3348=CARTESIAN_POINT('',(-1.79363675971314,2.10787409077223,1.85116894681241));
#3349=CARTESIAN_POINT('',(-1.62828767945876,2.01301995426205,1.8511339702581));
#3350=CARTESIAN_POINT('',(-2.35261275161472,2.7,1.42591086308114));
#3351=CARTESIAN_POINT('',(-2.26226029761718,2.56725827563406,1.49656745264015));
#3352=CARTESIAN_POINT('',(-2.04651456598789,2.31832079882537,1.62216426446436));
#3353=CARTESIAN_POINT('',(-1.77214157530714,2.10786754743686,1.67559843586219));
#3354=CARTESIAN_POINT('',(-1.62828767945876,2.01301995426205,1.67556698512905));
#3355=CARTESIAN_POINT('',(-2.24443723224367,2.7,1.28762918216821));
#3356=CARTESIAN_POINT('',(-2.167569209982,2.56724886180226,1.34773930333533));
#3357=CARTESIAN_POINT('',(-1.98406402957703,2.31832877740895,1.45456928277624));
#3358=CARTESIAN_POINT('',(-1.75064639090114,2.10786100410149,1.50002792491197));
#3359=CARTESIAN_POINT('',(-1.62828767945876,2.01301995426205,1.5));
#3360=CARTESIAN_POINT('',(-2.73735687447159,2.7,1.91773252790278));
#3361=CARTESIAN_POINT('',(-2.24443723224367,2.7,1.28762918216821));
#3362=CARTESIAN_POINT('',(-1.62828767945876,2.01301995426205,1.5));
#3363=CARTESIAN_POINT('',(-1.87435613053471,2.20374504030331,1.5));
#3364=CARTESIAN_POINT('',(-2.08967231527929,2.43273838888262,1.40869927014018));
#3365=CARTESIAN_POINT('',(-2.24443723224367,2.7,1.28762918216821));
#3366=CARTESIAN_POINT('',(-1.62828767945876,6.38698004573795,0.5));
#3367=CARTESIAN_POINT('',(-3.40094163488073,3.23834586572596,0.812566719800479));
#3368=CARTESIAN_POINT('',(-3.34309438525589,3.10231360821563,1.14063477491275));
#3369=CARTESIAN_POINT('',(-3.19199514468876,2.96628135070531,1.45173206116967));
#3370=CARTESIAN_POINT('',(-2.96990407557335,2.83024909319499,1.70002726872205));
#3371=CARTESIAN_POINT('',(-2.9699037939874,5.56975107803339,1.70002758353175));
#3372=CARTESIAN_POINT('',(-3.19199501454971,5.43371876344694,1.4517323239138));
#3373=CARTESIAN_POINT('',(-3.34309435989946,5.29768644886049,1.1406349154671));
#3374=CARTESIAN_POINT('',(-3.40094163435136,5.16165413427404,0.812566722802701));
#3375=CARTESIAN_POINT('',(-1.62828767945876,6.38698004573795,0.5));
#3376=CARTESIAN_POINT('',(-2.24443723357762,2.7,1.28762918112468));
#3377=CARTESIAN_POINT('',(-2.43672869498685,2.87944862190865,1.13720268468764));
#3378=CARTESIAN_POINT('',(-2.57070103844033,3.0588972438173,0.914078733786565));
#3379=CARTESIAN_POINT('',(-2.61309543247097,3.23834586572596,0.67364817766693));
#3380=CARTESIAN_POINT('',(-2.61309543217687,5.16165413427404,0.67364817933483));
#3381=CARTESIAN_POINT('',(-2.57070103773904,5.34110275618269,0.914078735382664));
#3382=CARTESIAN_POINT('',(-2.43672869390767,5.52055137809135,1.13720268605684));
#3383=CARTESIAN_POINT('',(-2.24443723224367,5.7,1.28762918216821));
#3384=CARTESIAN_POINT('',(-3.40094163488073,3.23834586572596,0.812566719800469));
#3385=CARTESIAN_POINT('',(-3.36278215332238,3.14861090955314,1.02897989380844));
#3386=CARTESIAN_POINT('',(-3.28458303846771,3.05889724381731,1.23821295851126));
#3387=CARTESIAN_POINT('',(-3.05836832206307,2.87944862190865,1.61496789335599));
#3388=CARTESIAN_POINT('',(-2.91043910716067,2.78973464724086,1.78233298275983));
#3389=CARTESIAN_POINT('',(-2.73735661077831,2.7,1.9177321858737));
#3390=CARTESIAN_POINT('',(-2.61309543247097,3.23834586572596,0.67364817766693));
#3391=CARTESIAN_POINT('',(-2.59189630998948,3.14861340479186,0.793874375588019));
#3392=CARTESIAN_POINT('',(-2.54845105569565,3.05889724381731,0.910117899879829));
#3393=CARTESIAN_POINT('',(-2.42277743069077,2.87944862190865,1.11942689367699));
#3394=CARTESIAN_POINT('',(-2.34059121057837,2.78973205865498,1.21240936467593));
#3395=CARTESIAN_POINT('',(-2.24443696748322,2.7,1.28762884097395));
#3396=CARTESIAN_POINT('',(-2.73735687447159,5.7,1.91773252790278));
#3397=CARTESIAN_POINT('',(-2.9104397231118,5.61026504382718,1.78233261865763));
#3398=CARTESIAN_POINT('',(-3.05836563332603,5.52055137809135,1.61496624803235));
#3399=CARTESIAN_POINT('',(-3.28458575447954,5.34110275618269,1.23821455841015));
#3400=CARTESIAN_POINT('',(-3.36278218519116,5.2513887815149,1.02897917900036));
#3401=CARTESIAN_POINT('',(-3.4009412090458,5.16165413427404,0.812566647809849));
#3402=CARTESIAN_POINT('',(-2.24443723224367,5.7,1.28762918216821));
#3403=CARTESIAN_POINT('',(-2.3405916965583,5.6102675390659,1.21240910205051));
#3404=CARTESIAN_POINT('',(-2.42277473466045,5.52055137809135,1.11942525770787));
#3405=CARTESIAN_POINT('',(-2.54845376687863,5.34110275618269,0.910119510612979));
#3406=CARTESIAN_POINT('',(-2.59189631337799,5.25138619292902,0.79387382319585));
#3407=CARTESIAN_POINT('',(-2.61309500687131,5.16165413427404,0.67364810434199));
#3408=CARTESIAN_POINT('',(-3.59602937683778,4.6,-3.32855203683267));
#3409=CARTESIAN_POINT('',(-3.04398892960776,4.85371765651987,-2.36840977698258));
#3410=CARTESIAN_POINT('',(-3.04398892960776,4.85371765651987,-2.36840977698258));
#3411=CARTESIAN_POINT('',(-3.81163674956503,4.85371765651987,-2.59361309004679));
#3412=CARTESIAN_POINT('',(-2.82838137793301,4.6,-3.10334868477613));
#3413=CARTESIAN_POINT('',(-2.82838137793301,4.6,-3.10334868477613));
#3414=CARTESIAN_POINT('',(-3.59602937683778,4.6,-3.32855203683267));
#3415=CARTESIAN_POINT('',(-3.59602937683778,4.6,-3.32855203683267));
#3416=CARTESIAN_POINT('',(-3.59602937683778,4.6,-3.32855203683267));
#3417=CARTESIAN_POINT('',(-3.59602937683778,3.8,-3.32855203683267));
#3418=CARTESIAN_POINT('',(-3.04398892960776,3.54628234348013,-2.36840977698258));
#3419=CARTESIAN_POINT('',(-3.04398892960776,3.54628234348013,-2.36840977698258));
#3420=CARTESIAN_POINT('',(-3.81163692851253,3.54628234348013,-2.59361312903912));
#3421=CARTESIAN_POINT('',(-3.59602937683778,3.8,-3.32855203683267));
#3422=CARTESIAN_POINT('',(-3.59602937683778,3.8,-3.32855203683267));
#3423=CARTESIAN_POINT('',(-3.59602937683778,3.8,-3.32855203683267));
#3424=CARTESIAN_POINT('',(-2.82838137793301,3.8,-3.10334868477613));
#3425=CARTESIAN_POINT('',(-2.82838137793301,3.8,-3.10334868477613));
#3426=CARTESIAN_POINT('',(-3.51157811981657,4.2,-3.61642003642196));
#3427=CARTESIAN_POINT('',(-3.81163692851253,3.54628234348013,-2.59361312903912));
#3428=CARTESIAN_POINT('',(-3.59602937683778,4.6,-3.32855203683267));
#3429=CARTESIAN_POINT('',(-3.51157811981657,4.6,-3.61642003642196));
#3430=CARTESIAN_POINT('',(-3.51157811981657,4.2,-3.61642003642196));
#3431=CARTESIAN_POINT('',(-3.51157811981657,3.8,-3.61642003642196));
#3432=CARTESIAN_POINT('',(-3.59602937683778,3.8,-3.32855203683267));
#3433=CARTESIAN_POINT('',(-2.7439301209118,4.2,-3.39121668436542));
#3434=CARTESIAN_POINT('',(-3.04398892960776,3.54628234348013,-2.36840977698258));
#3435=CARTESIAN_POINT('',(-2.82838137793301,3.8,-3.10334868477613));
#3436=CARTESIAN_POINT('',(-2.7439301209118,3.8,-3.39121668436542));
#3437=CARTESIAN_POINT('',(-2.7439301209118,4.2,-3.39121668436542));
#3438=CARTESIAN_POINT('',(-2.7439301209118,4.6,-3.39121668436542));
#3439=CARTESIAN_POINT('',(-2.82838137793301,4.6,-3.10334868477613));
#3440=CARTESIAN_POINT('',(-3.59602937683778,4.6,-3.32855203683267));
#3441=CARTESIAN_POINT('',(-3.51157811981657,4.6,-3.61642003642196));
#3442=CARTESIAN_POINT('',(-3.51157811981657,4.2,-3.61642003642196));
#3443=CARTESIAN_POINT('',(-3.51157811981657,3.8,-3.61642003642196));
#3444=CARTESIAN_POINT('',(-3.59602937683778,3.8,-3.32855203683267));
#3445=CARTESIAN_POINT('',(-2.0844289309768,4.95,-2.08690558691191));
#3446=CARTESIAN_POINT('',(-3.88432660318483,4.95,-2.10609854343587));
#3447=CARTESIAN_POINT('',(-3.88256917846967,4.91790588550662,-2.27090820420616));
#3448=CARTESIAN_POINT('',(-3.85803417370072,4.88581177101325,-2.43545939309835));
#3449=CARTESIAN_POINT('',(-3.81163692486452,4.85371765651987,-2.59361314147405));
#3450=CARTESIAN_POINT('',(-3.81163692851253,3.54628234348013,-2.59361312903912));
#3451=CARTESIAN_POINT('',(-3.85803417503853,3.51418822979716,-2.43545938432294));
#3452=CARTESIAN_POINT('',(-3.88256917856244,3.48209411611419,-2.27090819957162));
#3453=CARTESIAN_POINT('',(-3.88432660318987,3.45000000243123,-2.10609854296248));
#3454=CARTESIAN_POINT('',(-2.0844289309768,4.95,-2.08690558691191));
#3455=CARTESIAN_POINT('',(-3.08437208221188,3.45000000224733,-2.09756833974868));
#3456=CARTESIAN_POINT('',(-3.08339573524281,3.48209411599159,-2.18912926026249));
#3457=CARTESIAN_POINT('',(-3.069765177727,3.51418822973586,-2.28054658530577));
#3458=CARTESIAN_POINT('',(-3.04398892960776,3.54628234348013,-2.36840977698258));
#3459=CARTESIAN_POINT('',(-3.04398892938603,4.8537176587672,-2.36840977773842));
#3460=CARTESIAN_POINT('',(-3.06976517757447,4.88581177251147,-2.28054658608191));
#3461=CARTESIAN_POINT('',(-3.08339573516229,4.91790588625573,-2.18912926104937));
#3462=CARTESIAN_POINT('',(-3.08437208220348,4.95,-2.09756834053633));
#3463=CARTESIAN_POINT('',(-3.81163692851253,3.54628234348013,-2.59361312903912));
#3464=CARTESIAN_POINT('',(-3.85804131108188,3.51418329277964,-2.43543505977651));
#3465=CARTESIAN_POINT('',(-3.88256747832316,3.48209902484144,-2.27093335194921));
#3466=CARTESIAN_POINT('',(-3.88432642064602,3.45,-2.10609852852967));
#3467=CARTESIAN_POINT('',(-3.04398892960776,3.54628234348013,-2.36840977698258));
#3468=CARTESIAN_POINT('',(-3.06976891210693,3.51418357920261,-2.2805338559691));
#3469=CARTESIAN_POINT('',(-3.08339416314889,3.48209871789424,-2.18914234424241));
#3470=CARTESIAN_POINT('',(-3.08437189960326,3.45,-2.09756833138935));
#3471=CARTESIAN_POINT('',(-3.88432660318482,4.95,-2.10609854343587));
#3472=CARTESIAN_POINT('',(-3.88256890821656,4.91790094929951,-2.27093354829129));
#3473=CARTESIAN_POINT('',(-3.85803988610649,4.88581668136131,-2.43543483045034));
#3474=CARTESIAN_POINT('',(-3.81163674956503,4.85371765651987,-2.59361309004679));
#3475=CARTESIAN_POINT('',(-3.08437208220348,4.95,-2.09756834053633));
#3476=CARTESIAN_POINT('',(-3.08339559371227,4.91790123572248,-2.1891425261011));
#3477=CARTESIAN_POINT('',(-3.06976749071579,4.88581637441411,-2.28053361259407));
#3478=CARTESIAN_POINT('',(-3.0439887522816,4.85371765651987,-2.36840973246361));
#3479=CARTESIAN_POINT('',(1.5888490018606E-16,-4.2,0.39999999999999));
#3480=CARTESIAN_POINT('',(2.44438307978563E-17,-4.2,1.5));
#3481=CARTESIAN_POINT('',(1.6282877417298,-5.36132640981443,1.5));
#3482=CARTESIAN_POINT('',(1.6282877417298,-3.03867359018557,1.5));
#3483=CARTESIAN_POINT('',(1.6282877417298,-3.03867359018557,1.5));
#3484=CARTESIAN_POINT('',(1.87103596463112,-3.37902919765003,1.5));
#3485=CARTESIAN_POINT('',(2.12901878725965,-4.19811076872774,1.35669615132933));
#3486=CARTESIAN_POINT('',(1.87092564011442,-5.02112548759318,1.5));
#3487=CARTESIAN_POINT('',(1.6282877417298,-5.36132640981443,1.5));
#3488=CARTESIAN_POINT('',(1.34441069388205E-16,-4.2,0.599999999999989));
#3489=CARTESIAN_POINT('',(4.35328856296381E-15,-6.2,0.599999999999989));
#3490=CARTESIAN_POINT('',(1.34441069388205E-16,-4.2,0.599999999999989));
#3491=CARTESIAN_POINT('',(1.5888490018606E-16,-4.2,0.39999999999999));
#3492=CARTESIAN_POINT('',(3.9558476444041E-15,-6.,0.39999999999999));
#3493=CARTESIAN_POINT('',(3.9558476444041E-15,-6.,0.39999999999999));
#3494=CARTESIAN_POINT('',(-3.26892868834412E-15,-2.575,0.39999999999999));
#3495=CARTESIAN_POINT('',(0.249999999999997,-2.575,0.39999999999999));
#3496=CARTESIAN_POINT('',(-0.250000000000003,-2.575,0.39999999999999));
#3497=CARTESIAN_POINT('',(-0.249999999999996,-6.,0.39999999999999));
#3498=CARTESIAN_POINT('',(-0.249999999999996,-5.825,0.39999999999999));
#3499=CARTESIAN_POINT('',(3.58669848871623E-15,-5.825,0.39999999999999));
#3500=CARTESIAN_POINT('',(0.250000000000004,-5.825,0.39999999999999));
#3501=CARTESIAN_POINT('',(0.250000000000004,-6.,0.39999999999999));
#3502=CARTESIAN_POINT('',(-3.26892868834412E-15,-2.575,0.39999999999999));
#3503=CARTESIAN_POINT('',(0.14285714285714,-2.68214285714286,0.46185895741317));
#3504=CARTESIAN_POINT('',(-2.5965832411383E-15,-2.825,0.544337567297399));
#3505=CARTESIAN_POINT('',(0.44642857142857,-3.27142857142857,0.80208322318563));
#3506=CARTESIAN_POINT('',(-0.25,-4.2,0.39999999999999));
#3507=CARTESIAN_POINT('',(1.412440848221E-16,-4.2,0.544337567297399));
#3508=CARTESIAN_POINT('',(2.8790714107825E-15,-5.575,0.544337567297399));
#3509=CARTESIAN_POINT('',(-0.14285714285714,-5.71785714285714,0.46185895741317));
#3510=CARTESIAN_POINT('',(3.58669848871623E-15,-5.825,0.39999999999999));
#3511=CARTESIAN_POINT('',(-0.44642857142857,-5.12857142857143,0.80208322318563));
#3512=CARTESIAN_POINT('',(0.25,-4.2,0.39999999999999));
#3513=CARTESIAN_POINT('',(3.46118656231659,-4.94999999999999,0.47090111126593));
#3514=CARTESIAN_POINT('',(2.67334035990682,-4.94999999999999,0.33198256913239));
#3515=CARTESIAN_POINT('',(3.06923674626004,-4.94999999999999,-1.91325740924498));
#3516=CARTESIAN_POINT('',(2.67334035990682,-4.94999999999999,0.33198256913239));
#3517=CARTESIAN_POINT('',(2.08442899324784,-4.94999999999999,-2.08690558691191));
#3518=CARTESIAN_POINT('',(3.08437214447452,-4.94999999999999,-2.09756834053633));
#3519=CARTESIAN_POINT('',(3.88432666545586,-4.94999999999999,-2.10609854343587));
#3520=CARTESIAN_POINT('',(3.88432666545586,-4.94999999999999,-2.10609854343587));
#3521=CARTESIAN_POINT('',(2.08442899324784,-4.94999999999999,-2.08690558691191));
#3522=CARTESIAN_POINT('',(3.85708294866981,-4.94999999999999,-1.77433886711143));
#3523=CARTESIAN_POINT('',(3.46118656231659,-4.94999999999999,0.47090111126593));
#3524=CARTESIAN_POINT('',(3.46118656231659,-4.94999999999999,0.47090111126593));
#3525=CARTESIAN_POINT('',(3.46118656231659,-4.94999999999999,0.47090111126593));
#3526=CARTESIAN_POINT('',(3.46118656231659,-3.44999999999999,0.47090111126593));
#3527=CARTESIAN_POINT('',(3.46118656231659,-3.44999999999999,0.47090111126593));
#3528=CARTESIAN_POINT('',(3.46118656231659,-3.44999999999999,0.47090111126593));
#3529=CARTESIAN_POINT('',(3.85708294866981,-3.44999999999999,-1.77433886711143));
#3530=CARTESIAN_POINT('',(2.08442899324784,-3.45,-2.08690558691191));
#3531=CARTESIAN_POINT('',(3.88432666545586,-3.44999999999999,-2.10609854343587));
#3532=CARTESIAN_POINT('',(3.88432666545586,-3.44999999999999,-2.10609854343587));
#3533=CARTESIAN_POINT('',(3.08437214447452,-3.44999999999999,-2.09756834053633));
#3534=CARTESIAN_POINT('',(2.08442899324784,-3.45,-2.08690558691191));
#3535=CARTESIAN_POINT('',(3.06923674626004,-3.44999999999999,-1.91325740924498));
#3536=CARTESIAN_POINT('',(2.67334035990682,-3.44999999999999,0.33198256913239));
#3537=CARTESIAN_POINT('',(2.67334035990682,-3.44999999999999,0.33198256913239));
#3538=CARTESIAN_POINT('',(3.46118656231659,-3.44999999999999,0.47090111126593));
#3539=CARTESIAN_POINT('',(3.24770786496636,-4.94999999999999,1.68159896642395));
#3540=CARTESIAN_POINT('',(3.85708294866981,-4.94999999999999,-1.77433886711143));
#3541=CARTESIAN_POINT('',(3.46118656231659,-3.44999999999999,0.47090111126593));
#3542=CARTESIAN_POINT('',(3.40094169715177,-3.23834586572595,0.81256671980047));
#3543=CARTESIAN_POINT('',(3.40094169715177,-3.23834586572595,0.81256671980047));
#3544=CARTESIAN_POINT('',(3.40094127131684,-5.16165413427403,0.81256664780985));
#3545=CARTESIAN_POINT('',(3.24770786496636,-5.69999999999999,1.68159896642395));
#3546=CARTESIAN_POINT('',(-0.462705404278492,-2.97703170839524,1.5));
#3547=CARTESIAN_POINT('',(1.6282877417298,-6.38698004573795,2.3));
#3548=CARTESIAN_POINT('',(1.6282877417298,-6.38698004573795,1.5));
#3549=CARTESIAN_POINT('',(1.,-6.7,1.5));
#3550=CARTESIAN_POINT('',(1.,-6.7,1.5));
#3551=CARTESIAN_POINT('',(-0.462705404278492,-2.97703170839524,1.5));
#3552=CARTESIAN_POINT('',(-0.462705404278485,-5.42296829160476,1.5));
#3553=CARTESIAN_POINT('',(0.999999999999992,-1.7,1.5));
#3554=CARTESIAN_POINT('',(0.999999999999992,-1.7,1.5));
#3555=CARTESIAN_POINT('',(1.6282877417298,-2.01301995426205,2.3));
#3556=CARTESIAN_POINT('',(1.6282877417298,-2.01301995426205,1.5));
#3557=CARTESIAN_POINT('',(-0.462705404278485,-5.42296829160476,1.5));
#3558=CARTESIAN_POINT('',(-1.49999999999999,-6.7,1.5));
#3559=CARTESIAN_POINT('',(-1.49999999999999,-6.7,1.5));
#3560=CARTESIAN_POINT('',(-1.49999999999999,-6.7,1.5));
#3561=CARTESIAN_POINT('',(-2.5,-5.70000000000001,1.5));
#3562=CARTESIAN_POINT('',(-2.5,-5.70000000000001,1.5));
#3563=CARTESIAN_POINT('',(-1.49999999999999,-6.7,1.5));
#3564=CARTESIAN_POINT('',(-1.49999999999999,-6.7,1.5));
#3565=CARTESIAN_POINT('',(-1.49999999999999,-6.7,1.5));
#3566=CARTESIAN_POINT('',(-1.50000000000001,-1.7,1.5));
#3567=CARTESIAN_POINT('',(-1.50000000000001,-1.7,1.5));
#3568=CARTESIAN_POINT('',(-1.50000000000001,-1.7,1.5));
#3569=CARTESIAN_POINT('',(-1.50000000000001,-1.7,1.5));
#3570=CARTESIAN_POINT('',(-2.5,-2.70000000000001,1.5));
#3571=CARTESIAN_POINT('',(-2.5,-2.70000000000001,1.5));
#3572=CARTESIAN_POINT('',(-2.5,-2.70000000000001,1.5));
#3573=CARTESIAN_POINT('',(-2.5,-2.70000000000001,1.5));
#3574=CARTESIAN_POINT('',(-2.5,-5.70000000000001,1.5));
#3575=CARTESIAN_POINT('',(-2.5,-5.70000000000001,1.5));
#3576=CARTESIAN_POINT('',(-0.462705404278492,-2.97703170839524,1.5));
#3577=CARTESIAN_POINT('',(1.6282877417298,-6.38698004573795,1.5));
#3578=CARTESIAN_POINT('',(1.6282877417298,-6.38698004573795,1.5));
#3579=CARTESIAN_POINT('',(3.24770786496636,-5.69999999999999,1.68159896642395));
#3580=CARTESIAN_POINT('',(2.61309549474201,-5.16165413427404,0.67364817766693));
#3581=CARTESIAN_POINT('',(2.61309549474201,-5.16165413427404,0.67364817766693));
#3582=CARTESIAN_POINT('',(2.4598616625566,-5.69999999999999,1.54268042429041));
#3583=CARTESIAN_POINT('',(3.46118656231659,-3.44999999999999,0.47090111126593));
#3584=CARTESIAN_POINT('',(2.67334035990682,-3.44999999999999,0.33198256913239));
#3585=CARTESIAN_POINT('',(2.61309549474201,-3.23834586572595,0.67364817766693));
#3586=CARTESIAN_POINT('',(2.61309549474201,-3.23834586572595,0.67364817766693));
#3587=CARTESIAN_POINT('',(2.4598616625566,-4.94999999999999,1.54268042429041));
#3588=CARTESIAN_POINT('',(3.06923674626004,-4.94999999999999,-1.91325740924498));
#3589=CARTESIAN_POINT('',(2.61309549474201,-3.23834586572595,0.67364817766693));
#3590=CARTESIAN_POINT('',(1.6282877417298,-6.38698004573795,2.02670095538714));
#3591=CARTESIAN_POINT('',(1.81513200639024,-6.29211936589237,2.02673945776261));
#3592=CARTESIAN_POINT('',(2.17141570108059,-6.08169515834185,1.95735422784062));
#3593=CARTESIAN_POINT('',(2.45164253515863,-5.83272289670232,1.79422375124977));
#3594=CARTESIAN_POINT('',(2.56896385262788,-5.69999999999999,1.702474224907));
#3595=CARTESIAN_POINT('',(1.6282877417298,-6.38698004573795,1.8511339702581));
#3596=CARTESIAN_POINT('',(1.79363682198423,-6.29212590922774,1.85116894681239));
#3597=CARTESIAN_POINT('',(2.10896516466974,-6.08168717975826,1.78975924615249));
#3598=CARTESIAN_POINT('',(2.35695144752344,-5.83273231053411,1.64539560194495));
#3599=CARTESIAN_POINT('',(2.46078833325683,-5.69999999999999,1.56419254399407));
#3600=CARTESIAN_POINT('',(1.6282877417298,-6.38698004573795,1.67556698512905));
#3601=CARTESIAN_POINT('',(1.77214163757822,-6.2921324525631,1.67559843586217));
#3602=CARTESIAN_POINT('',(2.04651462825888,-6.08167920117468,1.62216426446438));
#3603=CARTESIAN_POINT('',(2.26226035988826,-5.83274172436591,1.49656745264013));
#3604=CARTESIAN_POINT('',(2.35261281388577,-5.7,1.42591086308114));
#3605=CARTESIAN_POINT('',(1.6282877417298,-6.38698004573795,1.5));
#3606=CARTESIAN_POINT('',(1.7506464531722,-6.29213899589848,1.50002792491196));
#3607=CARTESIAN_POINT('',(1.98406409184802,-6.0816712225911,1.45456928277626));
#3608=CARTESIAN_POINT('',(2.16756927225307,-5.83275113819771,1.34773930333531));
#3609=CARTESIAN_POINT('',(2.24443729451471,-5.7,1.28762918216821));
#3610=CARTESIAN_POINT('',(2.73735693674263,-5.69999999999999,1.91773252790278));
#3611=CARTESIAN_POINT('',(2.24443729451471,-5.7,1.28762918216821));
#3612=CARTESIAN_POINT('',(2.24443729451471,-5.69999999999999,1.28762918216821));
#3613=CARTESIAN_POINT('',(2.08967237755032,-5.96726161111738,1.40869927014019));
#3614=CARTESIAN_POINT('',(1.87435619280574,-6.1962549596967,1.5));
#3615=CARTESIAN_POINT('',(1.6282877417298,-6.38698004573795,1.5));
#3616=CARTESIAN_POINT('',(2.56896385262787,-2.69999999999999,1.702474224907));
#3617=CARTESIAN_POINT('',(2.45164253515858,-2.56727710329765,1.79422375124979));
#3618=CARTESIAN_POINT('',(2.17141570108066,-2.3183048416582,1.95735422784059));
#3619=CARTESIAN_POINT('',(1.81513200639019,-2.1078806341076,2.02673945776262));
#3620=CARTESIAN_POINT('',(1.6282877417298,-2.01301995426205,2.02670095538714));
#3621=CARTESIAN_POINT('',(2.46078833325681,-2.69999999999999,1.56419254399407));
#3622=CARTESIAN_POINT('',(2.3569514475234,-2.56726768946585,1.64539560194497));
#3623=CARTESIAN_POINT('',(2.10896516466979,-2.31831282024178,1.78975924615247));
#3624=CARTESIAN_POINT('',(1.79363682198418,-2.10787409077223,1.8511689468124));
#3625=CARTESIAN_POINT('',(1.6282877417298,-2.01301995426205,1.85113397025809));
#3626=CARTESIAN_POINT('',(2.35261281388576,-2.7,1.42591086308114));
#3627=CARTESIAN_POINT('',(2.26226035988822,-2.56725827563405,1.49656745264015));
#3628=CARTESIAN_POINT('',(2.04651462825893,-2.31832079882537,1.62216426446435));
#3629=CARTESIAN_POINT('',(1.77214163757818,-2.10786754743686,1.67559843586218));
#3630=CARTESIAN_POINT('',(1.6282877417298,-2.01301995426205,1.67556698512905));
#3631=CARTESIAN_POINT('',(2.24443729451471,-2.7,1.28762918216821));
#3632=CARTESIAN_POINT('',(2.16756927225304,-2.56724886180226,1.34773930333533));
#3633=CARTESIAN_POINT('',(1.98406409184807,-2.31832877740895,1.45456928277624));
#3634=CARTESIAN_POINT('',(1.75064645317218,-2.10786100410149,1.50002792491197));
#3635=CARTESIAN_POINT('',(1.6282877417298,-2.01301995426205,1.5));
#3636=CARTESIAN_POINT('',(2.73735693674263,-2.69999999999999,1.91773252790278));
#3637=CARTESIAN_POINT('',(2.24443729451471,-2.7,1.28762918216821));
#3638=CARTESIAN_POINT('',(1.6282877417298,-2.01301995426205,1.5));
#3639=CARTESIAN_POINT('',(1.87435619280574,-2.20374504030331,1.5));
#3640=CARTESIAN_POINT('',(2.08967237755032,-2.43273838888263,1.40869927014018));
#3641=CARTESIAN_POINT('',(2.2444372945147,-2.7,1.28762918216821));
#3642=CARTESIAN_POINT('',(1.6282877417298,-6.38698004573795,0.5));
#3643=CARTESIAN_POINT('',(3.40094169715177,-3.23834586572595,0.812566719800481));
#3644=CARTESIAN_POINT('',(3.34309444752692,-3.10231360821563,1.14063477491275));
#3645=CARTESIAN_POINT('',(3.1919952069598,-2.96628135070531,1.45173206116967));
#3646=CARTESIAN_POINT('',(2.96990413784439,-2.83024909319498,1.70002726872205));
#3647=CARTESIAN_POINT('',(2.96990385625845,-5.56975107803338,1.70002758353175));
#3648=CARTESIAN_POINT('',(3.19199507682075,-5.43371876344693,1.4517323239138));
#3649=CARTESIAN_POINT('',(3.3430944221705,-5.29768644886048,1.1406349154671));
#3650=CARTESIAN_POINT('',(3.4009416966224,-5.16165413427403,0.8125667228027));
#3651=CARTESIAN_POINT('',(1.6282877417298,-6.38698004573795,0.5));
#3652=CARTESIAN_POINT('',(2.24443729584865,-2.7,1.28762918112468));
#3653=CARTESIAN_POINT('',(2.43672875725789,-2.87944862190865,1.13720268468764));
#3654=CARTESIAN_POINT('',(2.57070110071137,-3.0588972438173,0.914078733786565));
#3655=CARTESIAN_POINT('',(2.61309549474201,-3.23834586572595,0.67364817766693));
#3656=CARTESIAN_POINT('',(2.61309549444791,-5.16165413427403,0.673648179334831));
#3657=CARTESIAN_POINT('',(2.57070110001008,-5.34110275618269,0.914078735382664));
#3658=CARTESIAN_POINT('',(2.43672875617871,-5.52055137809134,1.13720268605684));
#3659=CARTESIAN_POINT('',(2.24443729451471,-5.69999999999999,1.28762918216821));
#3660=CARTESIAN_POINT('',(3.40094169715177,-3.23834586572595,0.81256671980047));
#3661=CARTESIAN_POINT('',(3.36278221559342,-3.14861090955313,1.02897989380844));
#3662=CARTESIAN_POINT('',(3.28458310073875,-3.0588972438173,1.23821295851126));
#3663=CARTESIAN_POINT('',(3.05836838433411,-2.87944862190864,1.61496789335599));
#3664=CARTESIAN_POINT('',(2.91043916943171,-2.78973464724085,1.78233298275984));
#3665=CARTESIAN_POINT('',(2.73735667304935,-2.69999999999999,1.9177321858737));
#3666=CARTESIAN_POINT('',(2.61309549474201,-3.23834586572595,0.67364817766693));
#3667=CARTESIAN_POINT('',(2.59189637226052,-3.14861340479186,0.79387437558802));
#3668=CARTESIAN_POINT('',(2.54845111796669,-3.05889724381731,0.91011789987983));
#3669=CARTESIAN_POINT('',(2.42277749296181,-2.87944862190865,1.11942689367699));
#3670=CARTESIAN_POINT('',(2.34059127284941,-2.78973205865498,1.21240936467593));
#3671=CARTESIAN_POINT('',(2.24443702975426,-2.7,1.28762884097395));
#3672=CARTESIAN_POINT('',(2.73735693674263,-5.69999999999999,1.91773252790278));
#3673=CARTESIAN_POINT('',(2.91043978538284,-5.61026504382717,1.78233261865763));
#3674=CARTESIAN_POINT('',(3.05836569559707,-5.52055137809134,1.61496624803235));
#3675=CARTESIAN_POINT('',(3.28458581675058,-5.34110275618268,1.23821455841015));
#3676=CARTESIAN_POINT('',(3.3627822474622,-5.25138878151489,1.02897917900036));
#3677=CARTESIAN_POINT('',(3.40094127131684,-5.16165413427403,0.81256664780985));
#3678=CARTESIAN_POINT('',(2.24443729451471,-5.7,1.28762918216821));
#3679=CARTESIAN_POINT('',(2.34059175882934,-5.6102675390659,1.21240910205051));
#3680=CARTESIAN_POINT('',(2.42277479693149,-5.52055137809135,1.11942525770787));
#3681=CARTESIAN_POINT('',(2.54845382914967,-5.34110275618269,0.91011951061298));
#3682=CARTESIAN_POINT('',(2.59189637564903,-5.25138619292902,0.793873823195851));
#3683=CARTESIAN_POINT('',(2.61309506914235,-5.16165413427403,0.673648104341991));
#3684=CARTESIAN_POINT('',(3.59602943910882,-4.59999999999999,-3.32855203683267));
#3685=CARTESIAN_POINT('',(3.0439889918788,-4.85371765651987,-2.36840977698258));
#3686=CARTESIAN_POINT('',(3.0439889918788,-4.85371765651987,-2.36840977698258));
#3687=CARTESIAN_POINT('',(3.81163681183607,-4.85371765651986,-2.59361309004679));
#3688=CARTESIAN_POINT('',(2.82838144020405,-4.59999999999999,-3.10334868477613));
#3689=CARTESIAN_POINT('',(2.82838144020405,-4.59999999999999,-3.10334868477613));
#3690=CARTESIAN_POINT('',(3.59602943910882,-4.59999999999999,-3.32855203683267));
#3691=CARTESIAN_POINT('',(3.59602943910882,-4.59999999999999,-3.32855203683267));
#3692=CARTESIAN_POINT('',(3.59602943910882,-4.59999999999999,-3.32855203683267));
#3693=CARTESIAN_POINT('',(3.59602943910882,-3.79999999999999,-3.32855203683267));
#3694=CARTESIAN_POINT('',(3.0439889918788,-3.54628234348012,-2.36840977698258));
#3695=CARTESIAN_POINT('',(3.0439889918788,-3.54628234348012,-2.36840977698258));
#3696=CARTESIAN_POINT('',(3.81163699078357,-3.54628234348012,-2.59361312903912));
#3697=CARTESIAN_POINT('',(3.59602943910882,-3.79999999999999,-3.32855203683267));
#3698=CARTESIAN_POINT('',(3.59602943910882,-3.79999999999999,-3.32855203683267));
#3699=CARTESIAN_POINT('',(3.59602943910882,-3.79999999999999,-3.32855203683267));
#3700=CARTESIAN_POINT('',(2.82838144020405,-3.79999999999999,-3.10334868477613));
#3701=CARTESIAN_POINT('',(2.82838144020405,-3.79999999999999,-3.10334868477613));
#3702=CARTESIAN_POINT('',(3.51157818208761,-4.19999999999999,-3.61642003642196));
#3703=CARTESIAN_POINT('',(3.81163699078357,-3.54628234348012,-2.59361312903912));
#3704=CARTESIAN_POINT('',(3.59602943910882,-4.59999999999999,-3.32855203683267));
#3705=CARTESIAN_POINT('',(3.51157818208761,-4.59999999999999,-3.61642003642196));
#3706=CARTESIAN_POINT('',(3.51157818208761,-4.19999999999999,-3.61642003642196));
#3707=CARTESIAN_POINT('',(3.51157818208761,-3.79999999999999,-3.61642003642196));
#3708=CARTESIAN_POINT('',(3.59602943910882,-3.79999999999999,-3.32855203683267));
#3709=CARTESIAN_POINT('',(2.74393018318284,-4.19999999999999,-3.39121668436542));
#3710=CARTESIAN_POINT('',(3.0439889918788,-3.54628234348012,-2.36840977698258));
#3711=CARTESIAN_POINT('',(2.82838144020405,-3.79999999999999,-3.10334868477613));
#3712=CARTESIAN_POINT('',(2.74393018318284,-3.79999999999999,-3.39121668436542));
#3713=CARTESIAN_POINT('',(2.74393018318284,-4.19999999999999,-3.39121668436542));
#3714=CARTESIAN_POINT('',(2.74393018318284,-4.59999999999999,-3.39121668436542));
#3715=CARTESIAN_POINT('',(2.82838144020405,-4.59999999999999,-3.10334868477613));
#3716=CARTESIAN_POINT('',(3.59602943910882,-4.59999999999999,-3.32855203683267));
#3717=CARTESIAN_POINT('',(3.51157818208761,-4.59999999999999,-3.61642003642196));
#3718=CARTESIAN_POINT('',(3.51157818208761,-4.19999999999999,-3.61642003642196));
#3719=CARTESIAN_POINT('',(3.51157818208761,-3.79999999999999,-3.61642003642196));
#3720=CARTESIAN_POINT('',(3.59602943910882,-3.79999999999999,-3.32855203683267));
#3721=CARTESIAN_POINT('',(2.08442899324784,-4.94999999999999,-2.08690558691191));
#3722=CARTESIAN_POINT('',(3.88432666545587,-4.94999999999999,-2.10609854343587));
#3723=CARTESIAN_POINT('',(3.88256924074071,-4.91790588550661,-2.27090820420616));
#3724=CARTESIAN_POINT('',(3.85803423597177,-4.88581177101324,-2.43545939309835));
#3725=CARTESIAN_POINT('',(3.81163698713557,-4.85371765651986,-2.59361314147405));
#3726=CARTESIAN_POINT('',(3.81163699078357,-3.54628234348012,-2.59361312903912));
#3727=CARTESIAN_POINT('',(3.85803423730957,-3.51418822979716,-2.43545938432294));
#3728=CARTESIAN_POINT('',(3.88256924083348,-3.48209411611419,-2.27090819957162));
#3729=CARTESIAN_POINT('',(3.88432666546091,-3.45000000243122,-2.10609854296248));
#3730=CARTESIAN_POINT('',(2.08442899324784,-4.94999999999999,-2.08690558691191));
#3731=CARTESIAN_POINT('',(3.08437214448292,-3.45000000224732,-2.09756833974868));
#3732=CARTESIAN_POINT('',(3.08339579751385,-3.48209411599159,-2.18912926026249));
#3733=CARTESIAN_POINT('',(3.06976523999804,-3.51418822973586,-2.28054658530577));
#3734=CARTESIAN_POINT('',(3.0439889918788,-3.54628234348013,-2.36840977698258));
#3735=CARTESIAN_POINT('',(3.04398899165707,-4.85371765876719,-2.36840977773842));
#3736=CARTESIAN_POINT('',(3.06976523984551,-4.88581177251146,-2.28054658608191));
#3737=CARTESIAN_POINT('',(3.08339579743334,-4.91790588625573,-2.18912926104937));
#3738=CARTESIAN_POINT('',(3.08437214447452,-4.94999999999999,-2.09756834053633));
#3739=CARTESIAN_POINT('',(3.81163699078357,-3.54628234348012,-2.59361312903912));
#3740=CARTESIAN_POINT('',(3.85804137335292,-3.51418329277964,-2.43543505977651));
#3741=CARTESIAN_POINT('',(3.8825675405942,-3.48209902484143,-2.27093335194921));
#3742=CARTESIAN_POINT('',(3.88432648291706,-3.44999999999999,-2.10609852852967));
#3743=CARTESIAN_POINT('',(3.0439889918788,-3.54628234348012,-2.36840977698258));
#3744=CARTESIAN_POINT('',(3.06976897437797,-3.5141835792026,-2.2805338559691));
#3745=CARTESIAN_POINT('',(3.08339422541993,-3.48209871789424,-2.18914234424241));
#3746=CARTESIAN_POINT('',(3.0843719618743,-3.44999999999999,-2.09756833138935));
#3747=CARTESIAN_POINT('',(3.88432666545586,-4.94999999999999,-2.10609854343587));
#3748=CARTESIAN_POINT('',(3.8825689704876,-4.91790094929951,-2.27093354829129));
#3749=CARTESIAN_POINT('',(3.85803994837753,-4.8858166813613,-2.43543483045034));
#3750=CARTESIAN_POINT('',(3.81163681183607,-4.85371765651986,-2.59361309004679));
#3751=CARTESIAN_POINT('',(3.08437214447452,-4.94999999999999,-2.09756834053633));
#3752=CARTESIAN_POINT('',(3.08339565598331,-4.91790123572247,-2.1891425261011));
#3753=CARTESIAN_POINT('',(3.06976755298683,-4.88581637441411,-2.28053361259407));
#3754=CARTESIAN_POINT('',(3.04398881455264,-4.85371765651987,-2.36840973246361));
#3755=CARTESIAN_POINT('',(3.67394039744224E-17,0.,1.70000000000001));
#3756=CARTESIAN_POINT('',(2.54796232515253E-16,-4.2,1.70000000000001));
#3757=CARTESIAN_POINT('',(-1.3,-4.2,1.70000000000001));
#3758=CARTESIAN_POINT('',(2.50370892770341E-30,-4.2,1.69999999999999));
#3759=CARTESIAN_POINT('',(2.70006239588839E-15,-5.48,1.69999999999999));
#3760=CARTESIAN_POINT('',(2.50370892770341E-30,-4.2,1.69999999999999));
#3761=CARTESIAN_POINT('',(1.06548188240876E-17,-4.2,1.61282202112918));
#3762=CARTESIAN_POINT('',(-2.73159605200005E-15,-2.9,1.61282202112918));
#3763=CARTESIAN_POINT('',(-1.09968851488014E-16,-4.2,2.3));
#3764=CARTESIAN_POINT('',(3.67394039744224E-17,0.,1.70000000000001));
#3765=CARTESIAN_POINT('',(6.22710363400578E-8,4.2,1.70000000000001));
#3766=CARTESIAN_POINT('',(-1.29999993772896,4.2,1.70000000000001));
#3767=CARTESIAN_POINT('',(5.14351655641889E-16,4.2,1.69999999999999));
#3768=CARTESIAN_POINT('',(-1.28,4.2,1.69999999999999));
#3769=CARTESIAN_POINT('',(5.14351655641889E-16,4.2,1.69999999999999));
#3770=CARTESIAN_POINT('',(5.25006474465975E-16,4.2,1.61282202112918));
#3771=CARTESIAN_POINT('',(1.3,4.2,1.61282202112918));
#3772=CARTESIAN_POINT('',(6.22710364249331E-8,4.2,2.3));
#3773=MECHANICAL_DESIGN_GEOMETRIC_PRESENTATION_REPRESENTATION('',(#1611,
#1612,#1613,#1614,#1615,#1616,#1617,#1618,#1619,#1620,#1621,#1622,#1623,
#1624,#1625,#1626,#1627,#1628,#1629,#1630,#1631,#1632,#1633,#1634,#1635,
#1636,#1637,#1638,#1639,#1640,#1641,#1642,#1643,#1644,#1645,#1646,#1647,
#1648,#1649,#1650,#1651,#1652,#1653,#1654,#1655,#1656,#1657,#1658,#1659,
#1660,#1661,#1662,#1663,#1664,#1665,#1666,#1667,#1668,#1669,#1670,#1671,
#1672,#1673,#1674,#1675,#1676,#1677,#1678,#1679,#1680,#1681,#1682,#1683,
#1684,#1685,#1686,#1687,#1688,#1689,#1690,#1691,#1692,#1693,#1694,#1695,
#1696,#1697,#1698,#1699,#1700,#1701,#1702,#1703,#1704,#1705,#1706,#1707,
#1708,#1709,#1710,#1711,#1712,#1713,#1714,#1715,#1716),#3774);
#3774=(
GEOMETRIC_REPRESENTATION_CONTEXT(3)
GLOBAL_UNCERTAINTY_ASSIGNED_CONTEXT((#3775))
GLOBAL_UNIT_ASSIGNED_CONTEXT((#3778,#3777,#3776))
REPRESENTATION_CONTEXT('SI D35-L40-11F010-SHRT-00-00',
'TOP_LEVEL_ASSEMBLY_PART')
);
#3775=UNCERTAINTY_MEASURE_WITH_UNIT(LENGTH_MEASURE(0.005),#3778,
'DISTANCE_ACCURACY_VALUE','Maximum Tolerance applied to model');
#3776=(
NAMED_UNIT(*)
SI_UNIT($,.STERADIAN.)
SOLID_ANGLE_UNIT()
);
#3777=(
NAMED_UNIT(*)
PLANE_ANGLE_UNIT()
SI_UNIT($,.RADIAN.)
);
#3778=(
LENGTH_UNIT()
NAMED_UNIT(*)
SI_UNIT(.MILLI.,.METRE.)
);
#3779=PRODUCT_DEFINITION_SHAPE('','',#3780);
#3780=PRODUCT_DEFINITION('','',#3782,#3781);
#3781=PRODUCT_DEFINITION_CONTEXT('',#3788,'design');
#3782=PRODUCT_DEFINITION_FORMATION_WITH_SPECIFIED_SOURCE('','',#3784,
 .NOT_KNOWN.);
#3783=PRODUCT_RELATED_PRODUCT_CATEGORY('','',(#3784));
#3784=PRODUCT('SI D35-L40-11F010-SHRT-00-00',
'SI D35-L40-11F010-SHRT-00-00','SI D35-L40-11F010-SHRT-00-00',(#3786));
#3785=PRODUCT_CATEGORY('','');
#3786=PRODUCT_CONTEXT('',#3788,'mechanical');
#3787=APPLICATION_PROTOCOL_DEFINITION('international standard',
'automotive_design',2010,#3788);
#3788=APPLICATION_CONTEXT(
'core data for automotive mechanical design processes');
ENDSEC;
END-ISO-10303-21;
