ISO-10303-21;
HEADER;
FILE_DESCRIPTION (( 'STEP AP214' ),
    '1' );
FILE_NAME ('C5750X6S2W225K250KA.STEP',
    '2022-02-16T05:07:17',
    ( '' ),
    ( '' ),
    'SwSTEP 2.0',
    'SolidWorks 2018',
    '' );
FILE_SCHEMA (( 'AUTOMOTIVE_DESIGN' ));
ENDSEC;

DATA;
#1 = DIRECTION ( 'NONE',  ( 0.0000000000000000000, 0.0000000000000000000, -1.000000000000000000 ) ) ;
#2 = EDGE_LOOP ( 'NONE', ( #1207, #888, #1956, #288, #227, #1742, #1701, #1086 ) ) ;
#3 = DIRECTION ( 'NONE',  ( 0.0000000000000000000, 1.000000000000000000, -9.227252531791526626E-17 ) ) ;
#4 =( GEOMETRIC_REPRESENTATION_CONTEXT ( 3 ) GLOBAL_UNCERTAINTY_ASSIGNED_CONTEXT ( ( #1969 ) ) GLOBAL_UNIT_ASSIGNED_CONTEXT ( ( #1290, #532, #687 ) ) REPRESENTATION_CONTEXT ( 'NONE', 'WORKASPACE' ) );
#5 = CARTESIAN_POINT ( 'NONE',  ( 5.500000000000000888, -1.399999999999999245, -2.349999999999998757 ) ) ;
#6 = SURFACE_STYLE_USAGE ( .BOTH. , #146 ) ;
#7 = FILL_AREA_STYLE ('',( #1365 ) ) ;
#8 = EDGE_CURVE ( 'NONE', #997, #1763, #1685, .T. ) ;
#9 = PRESENTATION_LAYER_ASSIGNMENT (  '', '', ( #178 ) ) ;
#10 = CARTESIAN_POINT ( 'NONE',  ( 0.1499999999999999944, -1.249999999999998890, 2.350000000000001421 ) ) ;
#11 = UNCERTAINTY_MEASURE_WITH_UNIT (LENGTH_MEASURE( 1.000000000000000082E-05 ), #1983, 'distance_accuracy_value', 'NONE');
#12 = SURFACE_STYLE_USAGE ( .BOTH. , #169 ) ;
#13 =( NAMED_UNIT ( * ) PLANE_ANGLE_UNIT ( ) SI_UNIT ( $, .RADIAN. ) );
#14 = FILL_AREA_STYLE_COLOUR ( '', #863 ) ;
#15 = PRESENTATION_STYLE_ASSIGNMENT (( #1588 ) ) ;
#16 =( NAMED_UNIT ( * ) SI_UNIT ( $, .STERADIAN. ) SOLID_ANGLE_UNIT ( ) );
#17 = DIRECTION ( 'NONE',  ( 1.000000000000000000, -0.0000000000000000000, -0.0000000000000000000 ) ) ;
#18 = COLOUR_RGB ( '',1.000000000000000000, 1.000000000000000000, 1.000000000000000000 ) ;
#19 = AXIS2_PLACEMENT_3D ( 'NONE', #1006, #1629, #1026 ) ;
#20 = DIRECTION ( 'NONE',  ( 0.0000000000000000000, 8.673617379884035472E-17, -1.000000000000000000 ) ) ;
#21 = CARTESIAN_POINT ( 'NONE',  ( 5.549999999999999822, 1.250000000000000222, 2.500000000000001332 ) ) ;
#22 = CARTESIAN_POINT ( 'NONE',  ( 5.500000000000000888, 1.250000000000000222, 2.350000000000001421 ) ) ;
#23 =( NAMED_UNIT ( * ) PLANE_ANGLE_UNIT ( ) SI_UNIT ( $, .RADIAN. ) );
#24 = PRESENTATION_LAYER_ASSIGNMENT (  '', '', ( #529 ) ) ;
#25 = CIRCLE ( 'NONE', #677, 0.1499999999999999667 ) ;
#26 = EDGE_CURVE ( 'NONE', #1576, #848, #1223, .T. ) ;
#27 = ORIENTED_EDGE ( 'NONE', *, *, #1397, .F. ) ;
#28 = PRESENTATION_STYLE_ASSIGNMENT (( #1510 ) ) ;
#29 = ORIENTED_EDGE ( 'NONE', *, *, #929, .T. ) ;
#30 = ORIENTED_EDGE ( 'NONE', *, *, #1428, .T. ) ;
#31 = PRODUCT_DEFINITION_CONTEXT ( 'detailed design', #1057, 'design' ) ;
#32 = SURFACE_SIDE_STYLE ('',( #129 ) ) ;
#33 = DIRECTION ( 'NONE',  ( -0.0000000000000000000, -8.673617379884035472E-17, -1.000000000000000000 ) ) ;
#34 =( LENGTH_UNIT ( ) NAMED_UNIT ( * ) SI_UNIT ( .MILLI., .METRE. ) );
#35 = CARTESIAN_POINT ( 'NONE',  ( 5.500000000000000888, -1.399999999999998801, 2.500000000000001332 ) ) ;
#36 = EDGE_CURVE ( 'NONE', #848, #997, #186, .T. ) ;
#37 = STYLED_ITEM ( 'NONE', ( #304 ), #1314 ) ;
#38 = DIRECTION ( 'NONE',  ( 0.0000000000000000000, 0.0000000000000000000, -1.000000000000000000 ) ) ;
#39 = LINE ( 'NONE', #170, #1216 ) ;
#40 = EDGE_CURVE ( 'NONE', #1886, #530, #1737, .T. ) ;
#41 = CIRCLE ( 'NONE', #535, 0.1499999999999999667 ) ;
#42 = CARTESIAN_POINT ( 'NONE',  ( 0.2000000000000000111, 1.400000000000000133, 2.350000000000001421 ) ) ;
#43 = SURFACE_STYLE_FILL_AREA ( #1679 ) ;
#44 = CARTESIAN_POINT ( 'NONE',  ( 0.2000000000000000111, -1.249999999999998890, 2.500000000000001332 ) ) ;
#45 = CIRCLE ( 'NONE', #1025, 0.1499999999999999667 ) ;
#46 = DIRECTION ( 'NONE',  ( 0.0000000000000000000, 1.000000000000000000, 0.0000000000000000000 ) ) ;
#47 = EDGE_CURVE ( 'NONE', #933, #167, #1880, .T. ) ;
#48 = PLANE ( 'NONE',  #749 ) ;
#49 = MECHANICAL_DESIGN_GEOMETRIC_PRESENTATION_REPRESENTATION (  '', ( #1899 ), #84 ) ;
#50 =( NAMED_UNIT ( * ) SI_UNIT ( $, .STERADIAN. ) SOLID_ANGLE_UNIT ( ) );
#51 = EDGE_LOOP ( 'NONE', ( #377, #1861, #833 ) ) ;
#52 = SURFACE_STYLE_USAGE ( .BOTH. , #32 ) ;
#53 = VERTEX_POINT ( 'NONE', #1449 ) ;
#54 = FILL_AREA_STYLE ('',( #1508 ) ) ;
#55 = DIRECTION ( 'NONE',  ( -0.0000000000000000000, -0.0000000000000000000, -1.000000000000000000 ) ) ;
#56 = ORIENTED_EDGE ( 'NONE', *, *, #1263, .T. ) ;
#57 = ORIENTED_EDGE ( 'NONE', *, *, #493, .F. ) ;
#58 = CARTESIAN_POINT ( 'NONE',  ( 5.500000000000000888, 1.250000000000000222, 2.350000000000001421 ) ) ;
#59 =( NAMED_UNIT ( * ) SI_UNIT ( $, .STERADIAN. ) SOLID_ANGLE_UNIT ( ) );
#60 =( GEOMETRIC_REPRESENTATION_CONTEXT ( 3 ) GLOBAL_UNCERTAINTY_ASSIGNED_CONTEXT ( ( #411 ) ) GLOBAL_UNIT_ASSIGNED_CONTEXT ( ( #1845, #162, #1379 ) ) REPRESENTATION_CONTEXT ( 'NONE', 'WORKASPACE' ) );
#61 = DIRECTION ( 'NONE',  ( -0.0000000000000000000, 8.673617379884035472E-17, 1.000000000000000000 ) ) ;
#62 = COLOUR_RGB ( '',1.000000000000000000, 1.000000000000000000, 1.000000000000000000 ) ;
#63 = CARTESIAN_POINT ( 'NONE',  ( 5.500000000000000888, 1.250000000000000222, 2.500000000000001332 ) ) ;
#64 = SURFACE_STYLE_FILL_AREA ( #909 ) ;
#65 = SURFACE_SIDE_STYLE ('',( #338 ) ) ;
#66 = SURFACE_STYLE_FILL_AREA ( #975 ) ;
#67 = LINE ( 'NONE', #838, #890 ) ;
#68 = EDGE_LOOP ( 'NONE', ( #421, #1599, #1308, #1775 ) ) ;
#69 = DIRECTION ( 'NONE',  ( 0.0000000000000000000, 0.0000000000000000000, -1.000000000000000000 ) ) ;
#70 = VECTOR ( 'NONE', #1091, 1000.000000000000000 ) ;
#71 = AXIS2_PLACEMENT_3D ( 'NONE', #206, #1087, #38 ) ;
#72 = ORIENTED_EDGE ( 'NONE', *, *, #1182, .F. ) ;
#73 = ORIENTED_EDGE ( 'NONE', *, *, #223, .F. ) ;
#74 = AXIS2_PLACEMENT_3D ( 'NONE', #1433, #75, #987 ) ;
#75 = DIRECTION ( 'NONE',  ( 0.0000000000000000000, 0.0000000000000000000, 1.000000000000000000 ) ) ;
#76 = ADVANCED_BREP_SHAPE_REPRESENTATION ( 'C5750X6S2W225K250KA', ( #99, #1635, #1328, #360 ), #736 ) ;
#77 = EDGE_CURVE ( 'NONE', #1158, #530, #337, .T. ) ;
#78 = STYLED_ITEM ( 'NONE', ( #85 ), #1632 ) ;
#79 = DIRECTION ( 'NONE',  ( 0.0000000000000000000, -9.227252531791526626E-17, -1.000000000000000000 ) ) ;
#80 = CARTESIAN_POINT ( 'NONE',  ( 0.2000000000000000111, 1.250000000000000666, -2.349999999999998757 ) ) ;
#81 = SURFACE_STYLE_USAGE ( .BOTH. , #1904 ) ;
#82 = CARTESIAN_POINT ( 'NONE',  ( 5.500000000000000888, -1.249999999999999334, -2.499999999999998668 ) ) ;
#83 = DIRECTION ( 'NONE',  ( 1.000000000000000000, 0.0000000000000000000, 0.0000000000000000000 ) ) ;
#84 =( GEOMETRIC_REPRESENTATION_CONTEXT ( 3 ) GLOBAL_UNCERTAINTY_ASSIGNED_CONTEXT ( ( #1871 ) ) GLOBAL_UNIT_ASSIGNED_CONTEXT ( ( #1338, #444, #1492 ) ) REPRESENTATION_CONTEXT ( 'NONE', 'WORKASPACE' ) );
#85 = PRESENTATION_STYLE_ASSIGNMENT (( #1394 ) ) ;
#86 = FACE_OUTER_BOUND ( 'NONE', #1959, .T. ) ;
#87 = DIRECTION ( 'NONE',  ( 0.0000000000000000000, 0.0000000000000000000, -1.000000000000000000 ) ) ;
#88 =( NAMED_UNIT ( * ) SI_UNIT ( $, .STERADIAN. ) SOLID_ANGLE_UNIT ( ) );
#89 = LINE ( 'NONE', #1851, #692 ) ;
#90 = LINE ( 'NONE', #1914, #526 ) ;
#91 = CIRCLE ( 'NONE', #923, 0.1499999999999999667 ) ;
#92 = VECTOR ( 'NONE', #326, 1000.000000000000000 ) ;
#93 = EDGE_LOOP ( 'NONE', ( #1462, #1488, #1930, #336 ) ) ;
#94 = COLOUR_RGB ( '',1.000000000000000000, 1.000000000000000000, 1.000000000000000000 ) ;
#95 = STYLED_ITEM ( 'NONE', ( #1003 ), #466 ) ;
#96 = ORIENTED_EDGE ( 'NONE', *, *, #548, .T. ) ;
#97 = AXIS2_PLACEMENT_3D ( 'NONE', #1569, #1713, #1275 ) ;
#98 = EDGE_LOOP ( 'NONE', ( #678, #438, #194, #1005 ) ) ;
#99 = MANIFOLD_SOLID_BREP ( 'Fillet2', #1316 ) ;
#100 = ORIENTED_EDGE ( 'NONE', *, *, #1643, .T. ) ;
#101 = CARTESIAN_POINT ( 'NONE',  ( 0.1499999999999999944, 1.250000000000000222, 2.350000000000001421 ) ) ;
#102 = STYLED_ITEM ( 'NONE', ( #754 ), #275 ) ;
#103 = ADVANCED_FACE ( 'NONE', ( #1317 ), #394, .T. ) ;
#104 = AXIS2_PLACEMENT_3D ( 'NONE', #35, #1088, #176 ) ;
#105 = LINE ( 'NONE', #497, #429 ) ;
#106 = DIRECTION ( 'NONE',  ( 1.000000000000000000, 0.0000000000000000000, 0.0000000000000000000 ) ) ;
#107 = FACE_OUTER_BOUND ( 'NONE', #136, .T. ) ;
#108 = EDGE_CURVE ( 'NONE', #1406, #263, #1505, .T. ) ;
#109 = ORIENTED_EDGE ( 'NONE', *, *, #8, .F. ) ;
#110 =( GEOMETRIC_REPRESENTATION_CONTEXT ( 3 ) GLOBAL_UNCERTAINTY_ASSIGNED_CONTEXT ( ( #1614 ) ) GLOBAL_UNIT_ASSIGNED_CONTEXT ( ( #938, #1094, #505 ) ) REPRESENTATION_CONTEXT ( 'NONE', 'WORKASPACE' ) );
#111 = VECTOR ( 'NONE', #473, 1000.000000000000000 ) ;
#112 = SURFACE_STYLE_USAGE ( .BOTH. , #1950 ) ;
#113 = ORIENTED_EDGE ( 'NONE', *, *, #656, .F. ) ;
#114 = DIRECTION ( 'NONE',  ( 0.0000000000000000000, 0.0000000000000000000, 1.000000000000000000 ) ) ;
#115 = PRESENTATION_LAYER_ASSIGNMENT (  '', '', ( #1899 ) ) ;
#116 = MECHANICAL_DESIGN_GEOMETRIC_PRESENTATION_REPRESENTATION (  '', ( #529 ), #625 ) ;
#117 = EDGE_CURVE ( 'NONE', #1565, #139, #920, .T. ) ;
#118 = SURFACE_SIDE_STYLE ('',( #1403 ) ) ;
#119 =( NAMED_UNIT ( * ) PLANE_ANGLE_UNIT ( ) SI_UNIT ( $, .RADIAN. ) );
#120 = ADVANCED_FACE ( 'NONE', ( #1949 ), #238, .T. ) ;
#121 = FILL_AREA_STYLE_COLOUR ( '', #1512 ) ;
#122 = MECHANICAL_DESIGN_GEOMETRIC_PRESENTATION_REPRESENTATION (  '', ( #1361 ), #242 ) ;
#123 = SURFACE_STYLE_FILL_AREA ( #895 ) ;
#124 = CARTESIAN_POINT ( 'NONE',  ( 5.500000000000000888, 1.400000000000000577, -2.499999999999998668 ) ) ;
#125 = SURFACE_STYLE_USAGE ( .BOTH. , #846 ) ;
#126 = LINE ( 'NONE', #1245, #1190 ) ;
#127 = EDGE_LOOP ( 'NONE', ( #464, #1174, #1047, #981 ) ) ;
#128 = PRESENTATION_LAYER_ASSIGNMENT (  '', '', ( #205 ) ) ;
#129 = SURFACE_STYLE_FILL_AREA ( #1235 ) ;
#130 = DIRECTION ( 'NONE',  ( -0.0000000000000000000, -0.0000000000000000000, -1.000000000000000000 ) ) ;
#131 = EDGE_CURVE ( 'NONE', #740, #933, #89, .T. ) ;
#132 = DIRECTION ( 'NONE',  ( -0.0000000000000000000, 1.000000000000000000, -0.0000000000000000000 ) ) ;
#133 = APPLICATION_PROTOCOL_DEFINITION ( 'draft international standard', 'automotive_design', 1998, #1347 ) ;
#134 = VERTEX_POINT ( 'NONE', #604 ) ;
#135 = SURFACE_STYLE_USAGE ( .BOTH. , #924 ) ;
#136 = EDGE_LOOP ( 'NONE', ( #346, #100, #1984 ) ) ;
#137 = CARTESIAN_POINT ( 'NONE',  ( 5.700000000000000178, -1.249999999999999334, -2.349999999999998757 ) ) ;
#138 = COLOUR_RGB ( '',1.000000000000000000, 1.000000000000000000, 1.000000000000000000 ) ;
#139 = VERTEX_POINT ( 'NONE', #1695 ) ;
#140 =( NAMED_UNIT ( * ) SI_UNIT ( $, .STERADIAN. ) SOLID_ANGLE_UNIT ( ) );
#141 = AXIS2_PLACEMENT_3D ( 'NONE', #174, #1877, #936 ) ;
#142 = DIRECTION ( 'NONE',  ( 1.000000000000000000, 0.0000000000000000000, 0.0000000000000000000 ) ) ;
#143 = ADVANCED_FACE ( 'NONE', ( #1254 ), #851, .T. ) ;
#144 = STYLED_ITEM ( 'NONE', ( #485 ), #747 ) ;
#145 = DIRECTION ( 'NONE',  ( 0.0000000000000000000, -8.673617379884035472E-17, 1.000000000000000000 ) ) ;
#146 = SURFACE_SIDE_STYLE ('',( #1477 ) ) ;
#147 = SURFACE_SIDE_STYLE ('',( #1295 ) ) ;
#148 = VERTEX_POINT ( 'NONE', #5 ) ;
#149 =( LENGTH_UNIT ( ) NAMED_UNIT ( * ) SI_UNIT ( .MILLI., .METRE. ) );
#150 = SURFACE_SIDE_STYLE ('',( #1232 ) ) ;
#151 = DIRECTION ( 'NONE',  ( 0.0000000000000000000, 0.0000000000000000000, -1.000000000000000000 ) ) ;
#152 = PRODUCT_DEFINITION_SHAPE ( 'NONE', 'NONE',  #1739 ) ;
#153 =( LENGTH_UNIT ( ) NAMED_UNIT ( * ) SI_UNIT ( .MILLI., .METRE. ) );
#154 = LINE ( 'NONE', #1827, #804 ) ;
#155 = DIRECTION ( 'NONE',  ( -0.0000000000000000000, 1.000000000000000000, 0.0000000000000000000 ) ) ;
#156 = DIRECTION ( 'NONE',  ( 0.0000000000000000000, 1.000000000000000000, 0.0000000000000000000 ) ) ;
#157 = SURFACE_STYLE_FILL_AREA ( #321 ) ;
#158 = DIRECTION ( 'NONE',  ( 0.0000000000000000000, 9.227252531791526626E-17, 1.000000000000000000 ) ) ;
#159 = FACE_OUTER_BOUND ( 'NONE', #1117, .T. ) ;
#160 = UNCERTAINTY_MEASURE_WITH_UNIT (LENGTH_MEASURE( 1.000000000000000082E-05 ), #522, 'distance_accuracy_value', 'NONE');
#161 = CARTESIAN_POINT ( 'NONE',  ( 0.2000000000000000111, 1.250000000000000222, 2.500000000000001332 ) ) ;
#162 =( NAMED_UNIT ( * ) PLANE_ANGLE_UNIT ( ) SI_UNIT ( $, .RADIAN. ) );
#163 = CARTESIAN_POINT ( 'NONE',  ( 5.500000000000000888, -1.249999999999998890, 2.500000000000001332 ) ) ;
#164 = AXIS2_PLACEMENT_3D ( 'NONE', #200, #1562, #658 ) ;
#165 = ORIENTED_EDGE ( 'NONE', *, *, #1747, .F. ) ;
#166 =( LENGTH_UNIT ( ) NAMED_UNIT ( * ) SI_UNIT ( .MILLI., .METRE. ) );
#167 = VERTEX_POINT ( 'NONE', #161 ) ;
#168 = CYLINDRICAL_SURFACE ( 'NONE', #533, 0.1499999999999999667 ) ;
#169 = SURFACE_SIDE_STYLE ('',( #710 ) ) ;
#170 = CARTESIAN_POINT ( 'NONE',  ( 0.2000000000000000111, -1.399999999999999245, -2.349999999999998757 ) ) ;
#171 = FILL_AREA_STYLE_COLOUR ( '', #993 ) ;
#172 = PRESENTATION_LAYER_ASSIGNMENT (  '', '', ( #1389 ) ) ;
#173 = MECHANICAL_DESIGN_GEOMETRIC_PRESENTATION_REPRESENTATION (  '', ( #689 ), #447 ) ;
#174 = CARTESIAN_POINT ( 'NONE',  ( 5.500000000000000888, 1.250000000000000666, -2.349999999999998757 ) ) ;
#175 =( NAMED_UNIT ( * ) SI_UNIT ( $, .STERADIAN. ) SOLID_ANGLE_UNIT ( ) );
#176 = DIRECTION ( 'NONE',  ( 1.000000000000000000, 0.0000000000000000000, 0.0000000000000000000 ) ) ;
#177 = EDGE_CURVE ( 'NONE', #617, #1406, #1794, .T. ) ;
#178 = STYLED_ITEM ( 'NONE', ( #660 ), #1665 ) ;
#179 = PRESENTATION_STYLE_ASSIGNMENT (( #1970 ) ) ;
#180 =( LENGTH_UNIT ( ) NAMED_UNIT ( * ) SI_UNIT ( .MILLI., .METRE. ) );
#181 = ORIENTED_EDGE ( 'NONE', *, *, #738, .T. ) ;
#182 = PLANE ( 'NONE',  #216 ) ;
#183 = FACE_OUTER_BOUND ( 'NONE', #905, .T. ) ;
#184 = ORIENTED_EDGE ( 'NONE', *, *, #131, .F. ) ;
#185 = CARTESIAN_POINT ( 'NONE',  ( 5.500000000000000000, 1.250000000000000222, 2.500000000000001332 ) ) ;
#186 = CIRCLE ( 'NONE', #1268, 0.1499999999999999944 ) ;
#187 = CIRCLE ( 'NONE', #1777, 0.1499999999999999944 ) ;
#188 = AXIS2_PLACEMENT_3D ( 'NONE', #934, #3, #158 ) ;
#189 = DIRECTION ( 'NONE',  ( -0.0000000000000000000, 1.000000000000000000, 0.0000000000000000000 ) ) ;
#190 = ORIENTED_EDGE ( 'NONE', *, *, #1491, .T. ) ;
#191 = FILL_AREA_STYLE_COLOUR ( '', #1619 ) ;
#192 = DIRECTION ( 'NONE',  ( -1.000000000000000000, 0.0000000000000000000, 0.0000000000000000000 ) ) ;
#193 = ORIENTED_EDGE ( 'NONE', *, *, #1130, .F. ) ;
#194 = ORIENTED_EDGE ( 'NONE', *, *, #962, .F. ) ;
#195 = CIRCLE ( 'NONE', #840, 0.1499999999999999667 ) ;
#196 = ORIENTED_EDGE ( 'NONE', *, *, #403, .F. ) ;
#197 = ORIENTED_EDGE ( 'NONE', *, *, #117, .F. ) ;
#198 = CIRCLE ( 'NONE', #1936, 0.1499999999999999667 ) ;
#199 = DIRECTION ( 'NONE',  ( 0.0000000000000000000, 0.0000000000000000000, -1.000000000000000000 ) ) ;
#200 = CARTESIAN_POINT ( 'NONE',  ( 5.500000000000000888, -1.249999999999999334, -2.349999999999998757 ) ) ;
#201 = DIRECTION ( 'NONE',  ( 0.0000000000000000000, 0.0000000000000000000, 1.000000000000000000 ) ) ;
#202 = UNCERTAINTY_MEASURE_WITH_UNIT (LENGTH_MEASURE( 1.000000000000000082E-05 ), #657, 'distance_accuracy_value', 'NONE');
#203 = EDGE_LOOP ( 'NONE', ( #855, #1346, #1535 ) ) ;
#204 =( GEOMETRIC_REPRESENTATION_CONTEXT ( 3 ) GLOBAL_UNCERTAINTY_ASSIGNED_CONTEXT ( ( #1582 ) ) GLOBAL_UNIT_ASSIGNED_CONTEXT ( ( #557, #1475, #567 ) ) REPRESENTATION_CONTEXT ( 'NONE', 'WORKASPACE' ) );
#205 = STYLED_ITEM ( 'NONE', ( #1010 ), #1471 ) ;
#206 = CARTESIAN_POINT ( 'NONE',  ( 0.1499999999999999944, -1.249999999999998890, 2.350000000000001421 ) ) ;
#207 = DIRECTION ( 'NONE',  ( 0.0000000000000000000, 0.0000000000000000000, 1.000000000000000000 ) ) ;
#208 =( NAMED_UNIT ( * ) SI_UNIT ( $, .STERADIAN. ) SOLID_ANGLE_UNIT ( ) );
#209 = PRODUCT_DEFINITION_FORMATION_WITH_SPECIFIED_SOURCE ( 'ANY', '', #433, .NOT_KNOWN. ) ;
#210 = PRESENTATION_STYLE_ASSIGNMENT (( #1192 ) ) ;
#211 = COLOUR_RGB ( '',0.7921568627450980005, 0.8196078431372548767, 0.9333333333333333481 ) ;
#212 = CIRCLE ( 'NONE', #1875, 0.1499999999999999667 ) ;
#213 = DIRECTION ( 'NONE',  ( -0.0000000000000000000, 1.000000000000000000, 0.0000000000000000000 ) ) ;
#214 = SURFACE_SIDE_STYLE ('',( #1296 ) ) ;
#215 = ORIENTED_EDGE ( 'NONE', *, *, #780, .F. ) ;
#216 = AXIS2_PLACEMENT_3D ( 'NONE', #1240, #496, #1551 ) ;
#217 = CIRCLE ( 'NONE', #1461, 0.1499999999999999667 ) ;
#218 = SURFACE_STYLE_USAGE ( .BOTH. , #1554 ) ;
#219 = MECHANICAL_DESIGN_GEOMETRIC_PRESENTATION_REPRESENTATION (  '', ( #859 ), #1889 ) ;
#220 = EDGE_LOOP ( 'NONE', ( #1042, #528, #57, #717 ) ) ;
#221 = ORIENTED_EDGE ( 'NONE', *, *, #449, .T. ) ;
#222 = CARTESIAN_POINT ( 'NONE',  ( 0.1499999999999999944, -1.249999999999998890, 2.500000000000001332 ) ) ;
#223 = EDGE_CURVE ( 'NONE', #1886, #148, #414, .T. ) ;
#224 = FACE_OUTER_BOUND ( 'NONE', #439, .T. ) ;
#225 =( GEOMETRIC_REPRESENTATION_CONTEXT ( 3 ) GLOBAL_UNCERTAINTY_ASSIGNED_CONTEXT ( ( #666 ) ) GLOBAL_UNIT_ASSIGNED_CONTEXT ( ( #383, #1437, #1412 ) ) REPRESENTATION_CONTEXT ( 'NONE', 'WORKASPACE' ) );
#226 = DIRECTION ( 'NONE',  ( 0.0000000000000000000, 0.0000000000000000000, 1.000000000000000000 ) ) ;
#227 = ORIENTED_EDGE ( 'NONE', *, *, #1164, .F. ) ;
#228 = UNCERTAINTY_MEASURE_WITH_UNIT (LENGTH_MEASURE( 1.000000000000000082E-05 ), #1704, 'distance_accuracy_value', 'NONE');
#229 = CARTESIAN_POINT ( 'NONE',  ( 5.500000000000000000, -1.249999999999999334, -2.499999999999998668 ) ) ;
#230 = DIRECTION ( 'NONE',  ( 0.0000000000000000000, -8.673617379884035472E-17, 1.000000000000000000 ) ) ;
#231 = MECHANICAL_DESIGN_GEOMETRIC_PRESENTATION_REPRESENTATION (  '', ( #649 ), #906 ) ;
#232 = DIRECTION ( 'NONE',  ( 0.0000000000000000000, -1.000000000000000000, 0.0000000000000000000 ) ) ;
#233 = AXIS2_PLACEMENT_3D ( 'NONE', #998, #569, #407 ) ;
#234 = VECTOR ( 'NONE', #1122, 1000.000000000000000 ) ;
#235 = CARTESIAN_POINT ( 'NONE',  ( 0.1499999999999999944, -1.399999999999998801, 2.350000000000001421 ) ) ;
#236 =( LENGTH_UNIT ( ) NAMED_UNIT ( * ) SI_UNIT ( .MILLI., .METRE. ) );
#237 = SURFACE_STYLE_FILL_AREA ( #1738 ) ;
#238 = SPHERICAL_SURFACE ( 'NONE', #1220, 0.1499999999999999944 ) ;
#239 = DIRECTION ( 'NONE',  ( 1.000000000000000000, 0.0000000000000000000, 0.0000000000000000000 ) ) ;
#240 =( LENGTH_UNIT ( ) NAMED_UNIT ( * ) SI_UNIT ( .MILLI., .METRE. ) );
#241 = FACE_OUTER_BOUND ( 'NONE', #127, .T. ) ;
#242 =( GEOMETRIC_REPRESENTATION_CONTEXT ( 3 ) GLOBAL_UNCERTAINTY_ASSIGNED_CONTEXT ( ( #724 ) ) GLOBAL_UNIT_ASSIGNED_CONTEXT ( ( #1686, #454, #908 ) ) REPRESENTATION_CONTEXT ( 'NONE', 'WORKASPACE' ) );
#243 = LINE ( 'NONE', #889, #561 ) ;
#244 = ORIENTED_EDGE ( 'NONE', *, *, #1274, .T. ) ;
#245 = STYLED_ITEM ( 'NONE', ( #949 ), #1332 ) ;
#246 = DIRECTION ( 'NONE',  ( 0.0000000000000000000, 0.0000000000000000000, -1.000000000000000000 ) ) ;
#247 = EDGE_LOOP ( 'NONE', ( #1547, #96, #772, #1806 ) ) ;
#248 = DIRECTION ( 'NONE',  ( 0.0000000000000000000, 0.0000000000000000000, 1.000000000000000000 ) ) ;
#249 = EDGE_CURVE ( 'NONE', #53, #139, #1800, .T. ) ;
#250 =( NAMED_UNIT ( * ) SI_UNIT ( $, .STERADIAN. ) SOLID_ANGLE_UNIT ( ) );
#251 = UNCERTAINTY_MEASURE_WITH_UNIT (LENGTH_MEASURE( 1.000000000000000082E-05 ), #731, 'distance_accuracy_value', 'NONE');
#252 = MECHANICAL_DESIGN_GEOMETRIC_PRESENTATION_REPRESENTATION (  '', ( #102 ), #1157 ) ;
#253 = MECHANICAL_DESIGN_GEOMETRIC_PRESENTATION_REPRESENTATION (  '', ( #144 ), #372 ) ;
#254 = COLOUR_RGB ( '',1.000000000000000000, 1.000000000000000000, 1.000000000000000000 ) ;
#255 = CIRCLE ( 'NONE', #325, 0.1499999999999999944 ) ;
#256 = FILL_AREA_STYLE_COLOUR ( '', #767 ) ;
#257 = EDGE_CURVE ( 'NONE', #1933, #647, #1617, .T. ) ;
#258 = COLOUR_RGB ( '',1.000000000000000000, 1.000000000000000000, 1.000000000000000000 ) ;
#259 = SURFACE_STYLE_FILL_AREA ( #1272 ) ;
#260 = ADVANCED_FACE ( 'NONE', ( #1972 ), #1567, .T. ) ;
#261 = FILL_AREA_STYLE_COLOUR ( '', #1752 ) ;
#262 = CARTESIAN_POINT ( 'NONE',  ( 5.500000000000000888, 1.250000000000000666, -2.349999999999998757 ) ) ;
#263 = VERTEX_POINT ( 'NONE', #635 ) ;
#264 = SURFACE_STYLE_FILL_AREA ( #316 ) ;
#265 =( GEOMETRIC_REPRESENTATION_CONTEXT ( 3 ) GLOBAL_UNCERTAINTY_ASSIGNED_CONTEXT ( ( #500 ) ) GLOBAL_UNIT_ASSIGNED_CONTEXT ( ( #292, #1186, #1671 ) ) REPRESENTATION_CONTEXT ( 'NONE', 'WORKASPACE' ) );
#266 = VERTEX_POINT ( 'NONE', #1260 ) ;
#267 = ORIENTED_EDGE ( 'NONE', *, *, #1587, .T. ) ;
#268 = PRESENTATION_LAYER_ASSIGNMENT (  '', '', ( #1142 ) ) ;
#269 = ORIENTED_EDGE ( 'NONE', *, *, #36, .F. ) ;
#270 =( NAMED_UNIT ( * ) SI_UNIT ( $, .STERADIAN. ) SOLID_ANGLE_UNIT ( ) );
#271 = FILL_AREA_STYLE_COLOUR ( '', #1694 ) ;
#272 = AXIS2_PLACEMENT_3D ( 'NONE', #1385, #504, #1266 ) ;
#273 = SURFACE_STYLE_USAGE ( .BOTH. , #1146 ) ;
#274 = PRESENTATION_LAYER_ASSIGNMENT (  '', '', ( #1628 ) ) ;
#275 = ADVANCED_FACE ( 'NONE', ( #1154 ), #644, .F. ) ;
#276 = EDGE_CURVE ( 'NONE', #1406, #671, #1716, .T. ) ;
#277 = VECTOR ( 'NONE', #310, 1000.000000000000000 ) ;
#278 = PRESENTATION_LAYER_ASSIGNMENT (  '', '', ( #800 ) ) ;
#279 = PLANE ( 'NONE',  #1363 ) ;
#280 = VECTOR ( 'NONE', #919, 1000.000000000000000 ) ;
#281 = FILL_AREA_STYLE_COLOUR ( '', #1821 ) ;
#282 = UNCERTAINTY_MEASURE_WITH_UNIT (LENGTH_MEASURE( 1.000000000000000082E-05 ), #1276, 'distance_accuracy_value', 'NONE');
#283 = PRODUCT_DEFINITION_SHAPE ( 'NONE', 'NONE',  #1172 ) ;
#284 = CIRCLE ( 'NONE', #1116, 0.1499999999999999667 ) ;
#285 = CARTESIAN_POINT ( 'NONE',  ( 0.2000000000000000111, -1.399999999999998801, 2.350000000000001421 ) ) ;
#286 = ORIENTED_EDGE ( 'NONE', *, *, #1090, .F. ) ;
#287 = CARTESIAN_POINT ( 'NONE',  ( 5.549999999999999822, 1.250000000000000222, 2.350000000000001421 ) ) ;
#288 = ORIENTED_EDGE ( 'NONE', *, *, #971, .F. ) ;
#289 =( NAMED_UNIT ( * ) PLANE_ANGLE_UNIT ( ) SI_UNIT ( $, .RADIAN. ) );
#290 = FILL_AREA_STYLE_COLOUR ( '', #1711 ) ;
#291 = ORIENTED_EDGE ( 'NONE', *, *, #1537, .F. ) ;
#292 =( LENGTH_UNIT ( ) NAMED_UNIT ( * ) SI_UNIT ( .MILLI., .METRE. ) );
#293 = CARTESIAN_POINT ( 'NONE',  ( 5.549999999999999822, -1.249999999999998890, 2.350000000000001421 ) ) ;
#294 = FILL_AREA_STYLE_COLOUR ( '', #525 ) ;
#295 =( NAMED_UNIT ( * ) PLANE_ANGLE_UNIT ( ) SI_UNIT ( $, .RADIAN. ) );
#296 = ADVANCED_FACE ( 'NONE', ( #582 ), #182, .F. ) ;
#297 = COLOUR_RGB ( '',1.000000000000000000, 1.000000000000000000, 1.000000000000000000 ) ;
#298 = FACE_OUTER_BOUND ( 'NONE', #68, .T. ) ;
#299 = FILL_AREA_STYLE_COLOUR ( '', #138 ) ;
#300 = PRESENTATION_LAYER_ASSIGNMENT (  '', '', ( #847 ) ) ;
#301 = FACE_OUTER_BOUND ( 'NONE', #98, .T. ) ;
#302 = DIRECTION ( 'NONE',  ( 1.000000000000000000, 0.0000000000000000000, -0.0000000000000000000 ) ) ;
#303 = DIRECTION ( 'NONE',  ( 0.0000000000000000000, 0.0000000000000000000, 1.000000000000000000 ) ) ;
#304 = PRESENTATION_STYLE_ASSIGNMENT (( #786 ) ) ;
#305 = MECHANICAL_DESIGN_GEOMETRIC_PRESENTATION_REPRESENTATION (  '', ( #793 ), #1259 ) ;
#306 = SURFACE_STYLE_FILL_AREA ( #1847 ) ;
#307 =( NAMED_UNIT ( * ) PLANE_ANGLE_UNIT ( ) SI_UNIT ( $, .RADIAN. ) );
#308 = UNCERTAINTY_MEASURE_WITH_UNIT (LENGTH_MEASURE( 1.000000000000000082E-05 ), #1688, 'distance_accuracy_value', 'NONE');
#309 = LINE ( 'NONE', #345, #417 ) ;
#310 = DIRECTION ( 'NONE',  ( 0.0000000000000000000, 8.673617379884035472E-17, 1.000000000000000000 ) ) ;
#311 = EDGE_LOOP ( 'NONE', ( #1277, #839, #835, #244 ) ) ;
#312 = DIRECTION ( 'NONE',  ( 0.0000000000000000000, 0.0000000000000000000, 1.000000000000000000 ) ) ;
#313 = EDGE_LOOP ( 'NONE', ( #1982, #1209, #918, #622 ) ) ;
#314 = CARTESIAN_POINT ( 'NONE',  ( 0.1499999999999999944, -1.399999999999999245, -2.499999999999998668 ) ) ;
#315 = COLOUR_RGB ( '',1.000000000000000000, 1.000000000000000000, 1.000000000000000000 ) ;
#316 = FILL_AREA_STYLE ('',( #121 ) ) ;
#317 = PRESENTATION_LAYER_ASSIGNMENT (  '', '', ( #1815 ) ) ;
#318 = ORIENTED_EDGE ( 'NONE', *, *, #276, .F. ) ;
#319 = AXIS2_PLACEMENT_3D ( 'NONE', #465, #479, #1546 ) ;
#320 = SURFACE_SIDE_STYLE ('',( #1279 ) ) ;
#321 = FILL_AREA_STYLE ('',( #916 ) ) ;
#322 = VERTEX_POINT ( 'NONE', #356 ) ;
#323 = DIRECTION ( 'NONE',  ( 0.0000000000000000000, -1.000000000000000000, -8.673617379884035472E-17 ) ) ;
#324 = EDGE_CURVE ( 'NONE', #848, #740, #1066, .T. ) ;
#325 = AXIS2_PLACEMENT_3D ( 'NONE', #1242, #1106, #1717 ) ;
#326 = DIRECTION ( 'NONE',  ( 0.0000000000000000000, -9.227252531791526626E-17, -1.000000000000000000 ) ) ;
#327 = SURFACE_SIDE_STYLE ('',( #1228 ) ) ;
#328 = COLOUR_RGB ( '',1.000000000000000000, 1.000000000000000000, 1.000000000000000000 ) ;
#329 = CARTESIAN_POINT ( 'NONE',  ( 0.1499999999999999944, 1.250000000000000222, 2.350000000000001421 ) ) ;
#330 = CARTESIAN_POINT ( 'NONE',  ( 0.2000000000000000111, -1.249999999999998890, 2.500000000000001332 ) ) ;
#331 = CYLINDRICAL_SURFACE ( 'NONE', #1441, 0.1499999999999999667 ) ;
#332 = CIRCLE ( 'NONE', #575, 0.1499999999999999667 ) ;
#333 =( NAMED_UNIT ( * ) PLANE_ANGLE_UNIT ( ) SI_UNIT ( $, .RADIAN. ) );
#334 = PRESENTATION_LAYER_ASSIGNMENT (  '', '', ( #1344 ) ) ;
#335 = SURFACE_SIDE_STYLE ('',( #870 ) ) ;
#336 = ORIENTED_EDGE ( 'NONE', *, *, #668, .F. ) ;
#337 = LINE ( 'NONE', #82, #430 ) ;
#338 = SURFACE_STYLE_FILL_AREA ( #1145 ) ;
#339 = SURFACE_SIDE_STYLE ('',( #157 ) ) ;
#340 = PRESENTATION_LAYER_ASSIGNMENT (  '', '', ( #1710 ) ) ;
#341 = LINE ( 'NONE', #627, #70 ) ;
#342 = CARTESIAN_POINT ( 'NONE',  ( 5.549999999999999822, -1.399999999999999245, -2.499999999999998668 ) ) ;
#343 = CIRCLE ( 'NONE', #864, 0.1499999999999999667 ) ;
#344 = VERTEX_POINT ( 'NONE', #44 ) ;
#345 = CARTESIAN_POINT ( 'NONE',  ( 0.2000000000000000111, -1.399999999999999245, -2.499999999999998668 ) ) ;
#346 = ORIENTED_EDGE ( 'NONE', *, *, #668, .T. ) ;
#347 =( NAMED_UNIT ( * ) PLANE_ANGLE_UNIT ( ) SI_UNIT ( $, .RADIAN. ) );
#348 = ORIENTED_EDGE ( 'NONE', *, *, #1409, .F. ) ;
#349 = SURFACE_STYLE_USAGE ( .BOTH. , #1712 ) ;
#350 = ORIENTED_EDGE ( 'NONE', *, *, #1036, .F. ) ;
#351 = DIRECTION ( 'NONE',  ( -1.000000000000000000, -0.0000000000000000000, -0.0000000000000000000 ) ) ;
#352 = DIRECTION ( 'NONE',  ( -1.000000000000000000, -0.0000000000000000000, -0.0000000000000000000 ) ) ;
#353 = MECHANICAL_DESIGN_GEOMETRIC_PRESENTATION_REPRESENTATION (  '', ( #1289 ), #1604 ) ;
#354 = FILL_AREA_STYLE ('',( #1212 ) ) ;
#355 = MECHANICAL_DESIGN_GEOMETRIC_PRESENTATION_REPRESENTATION (  '', ( #398 ), #1850 ) ;
#356 = CARTESIAN_POINT ( 'NONE',  ( 5.500000000000000000, 1.400000000000000133, 2.350000000000001421 ) ) ;
#357 = UNCERTAINTY_MEASURE_WITH_UNIT (LENGTH_MEASURE( 1.000000000000000082E-05 ), #1564, 'distance_accuracy_value', 'NONE');
#358 = CARTESIAN_POINT ( 'NONE',  ( 0.2000000000000000111, 1.400000000000000577, -2.499999999999998668 ) ) ;
#359 = EDGE_CURVE ( 'NONE', #1763, #647, #1459, .T. ) ;
#360 = AXIS2_PLACEMENT_3D ( 'NONE', #539, #303, #1353 ) ;
#361 = VECTOR ( 'NONE', #1687, 1000.000000000000000 ) ;
#362 = FILL_AREA_STYLE_COLOUR ( '', #584 ) ;
#363 = FACE_OUTER_BOUND ( 'NONE', #1934, .T. ) ;
#364 = PRESENTATION_STYLE_ASSIGNMENT (( #6 ) ) ;
#365 =( LENGTH_UNIT ( ) NAMED_UNIT ( * ) SI_UNIT ( .MILLI., .METRE. ) );
#366 = LINE ( 'NONE', #1556, #1822 ) ;
#367 = MECHANICAL_DESIGN_GEOMETRIC_PRESENTATION_REPRESENTATION (  '', ( #1389 ), #1707 ) ;
#368 = SPHERICAL_SURFACE ( 'NONE', #1978, 0.1499999999999999944 ) ;
#369 = DIRECTION ( 'NONE',  ( 0.0000000000000000000, -1.000000000000000000, 0.0000000000000000000 ) ) ;
#370 = PRESENTATION_STYLE_ASSIGNMENT (( #954 ) ) ;
#371 = ORIENTED_EDGE ( 'NONE', *, *, #1467, .T. ) ;
#372 =( GEOMETRIC_REPRESENTATION_CONTEXT ( 3 ) GLOBAL_UNCERTAINTY_ASSIGNED_CONTEXT ( ( #565 ) ) GLOBAL_UNIT_ASSIGNED_CONTEXT ( ( #482, #775, #1085 ) ) REPRESENTATION_CONTEXT ( 'NONE', 'WORKASPACE' ) );
#373 = PRESENTATION_STYLE_ASSIGNMENT (( #135 ) ) ;
#374 = VECTOR ( 'NONE', #61, 1000.000000000000000 ) ;
#375 = DIRECTION ( 'NONE',  ( 0.0000000000000000000, -8.673617379884035472E-17, 1.000000000000000000 ) ) ;
#376 = EDGE_CURVE ( 'NONE', #671, #763, #1831, .T. ) ;
#377 = ORIENTED_EDGE ( 'NONE', *, *, #449, .F. ) ;
#378 =( LENGTH_UNIT ( ) NAMED_UNIT ( * ) SI_UNIT ( .MILLI., .METRE. ) );
#379 = ORIENTED_EDGE ( 'NONE', *, *, #40, .F. ) ;
#380 = ORIENTED_EDGE ( 'NONE', *, *, #8, .T. ) ;
#381 = PRESENTATION_STYLE_ASSIGNMENT (( #1167 ) ) ;
#382 = DIRECTION ( 'NONE',  ( 0.0000000000000000000, 0.0000000000000000000, -1.000000000000000000 ) ) ;
#383 =( LENGTH_UNIT ( ) NAMED_UNIT ( * ) SI_UNIT ( .MILLI., .METRE. ) );
#384 =( NAMED_UNIT ( * ) PLANE_ANGLE_UNIT ( ) SI_UNIT ( $, .RADIAN. ) );
#385 = EDGE_LOOP ( 'NONE', ( #1202, #30, #935, #379 ) ) ;
#386 =( GEOMETRIC_REPRESENTATION_CONTEXT ( 3 ) GLOBAL_UNCERTAINTY_ASSIGNED_CONTEXT ( ( #926 ) ) GLOBAL_UNIT_ASSIGNED_CONTEXT ( ( #1033, #119, #1048 ) ) REPRESENTATION_CONTEXT ( 'NONE', 'WORKASPACE' ) );
#387 = AXIS2_PLACEMENT_3D ( 'NONE', #235, #390, #69 ) ;
#388 =( NAMED_UNIT ( * ) PLANE_ANGLE_UNIT ( ) SI_UNIT ( $, .RADIAN. ) );
#389 = UNCERTAINTY_MEASURE_WITH_UNIT (LENGTH_MEASURE( 1.000000000000000082E-05 ), #1203, 'distance_accuracy_value', 'NONE');
#390 = DIRECTION ( 'NONE',  ( 0.0000000000000000000, -1.000000000000000000, 0.0000000000000000000 ) ) ;
#391 = CARTESIAN_POINT ( 'NONE',  ( 0.2000000000000000111, -1.399999999999998801, 2.350000000000001421 ) ) ;
#392 = SURFACE_STYLE_FILL_AREA ( #667 ) ;
#393 = CARTESIAN_POINT ( 'NONE',  ( 0.2000000000000000111, -1.399999999999998801, 2.350000000000001421 ) ) ;
#394 = CYLINDRICAL_SURFACE ( 'NONE', #1481, 0.1499999999999999667 ) ;
#395 = STYLED_ITEM ( 'NONE', ( #1506 ), #426 ) ;
#396 = FILL_AREA_STYLE_COLOUR ( '', #732 ) ;
#397 = CARTESIAN_POINT ( 'NONE',  ( 5.700000000000000178, 0.0000000000000000000, 0.0000000000000000000 ) ) ;
#398 = STYLED_ITEM ( 'NONE', ( #15 ), #1188 ) ;
#399 = CARTESIAN_POINT ( 'NONE',  ( 0.2000000000000000111, 1.400000000000000577, -2.349999999999998757 ) ) ;
#400 = EDGE_LOOP ( 'NONE', ( #546, #1545, #1804, #1014 ) ) ;
#401 = ORIENTED_EDGE ( 'NONE', *, *, #1579, .F. ) ;
#402 = DIRECTION ( 'NONE',  ( 0.0000000000000000000, 1.000000000000000000, 0.0000000000000000000 ) ) ;
#403 = EDGE_CURVE ( 'NONE', #1565, #530, #1415, .T. ) ;
#404 = ORIENTED_EDGE ( 'NONE', *, *, #1153, .F. ) ;
#405 = VERTEX_POINT ( 'NONE', #1124 ) ;
#406 = CARTESIAN_POINT ( 'NONE',  ( 5.549999999999999822, -1.399999999999998801, 2.350000000000001421 ) ) ;
#407 = DIRECTION ( 'NONE',  ( 0.0000000000000000000, 0.0000000000000000000, 1.000000000000000000 ) ) ;
#408 = DIRECTION ( 'NONE',  ( 1.000000000000000000, 0.0000000000000000000, 0.0000000000000000000 ) ) ;
#409 =( GEOMETRIC_REPRESENTATION_CONTEXT ( 3 ) GLOBAL_UNCERTAINTY_ASSIGNED_CONTEXT ( ( #1499 ) ) GLOBAL_UNIT_ASSIGNED_CONTEXT ( ( #850, #1447, #50 ) ) REPRESENTATION_CONTEXT ( 'NONE', 'WORKASPACE' ) );
#410 = CARTESIAN_POINT ( 'NONE',  ( 0.2000000000000000111, -1.399999999999999245, -2.349999999999998757 ) ) ;
#411 = UNCERTAINTY_MEASURE_WITH_UNIT (LENGTH_MEASURE( 1.000000000000000082E-05 ), #1845, 'distance_accuracy_value', 'NONE');
#412 = SURFACE_STYLE_USAGE ( .BOTH. , #880 ) ;
#413 = ORIENTED_EDGE ( 'NONE', *, *, #324, .F. ) ;
#414 = LINE ( 'NONE', #915, #1297 ) ;
#415 = VECTOR ( 'NONE', #1561, 1000.000000000000000 ) ;
#416 = STYLED_ITEM ( 'NONE', ( #1119 ), #592 ) ;
#417 = VECTOR ( 'NONE', #1377, 1000.000000000000000 ) ;
#418 = EDGE_LOOP ( 'NONE', ( #1401, #1891, #371, #1516, #1929, #716, #956, #1769 ) ) ;
#419 = PRESENTATION_LAYER_ASSIGNMENT (  '', '', ( #1649 ) ) ;
#420 =( NAMED_UNIT ( * ) PLANE_ANGLE_UNIT ( ) SI_UNIT ( $, .RADIAN. ) );
#421 = ORIENTED_EDGE ( 'NONE', *, *, #799, .F. ) ;
#422 = ORIENTED_EDGE ( 'NONE', *, *, #661, .T. ) ;
#423 = VERTEX_POINT ( 'NONE', #21 ) ;
#424 = AXIS2_PLACEMENT_3D ( 'NONE', #58, #821, #1417 ) ;
#425 = AXIS2_PLACEMENT_3D ( 'NONE', #1753, #230, #1430 ) ;
#426 = ADVANCED_FACE ( 'NONE', ( #758 ), #168, .T. ) ;
#427 = EDGE_CURVE ( 'NONE', #818, #1888, #1162, .T. ) ;
#428 = STYLED_ITEM ( 'NONE', ( #1432 ), #1958 ) ;
#429 = VECTOR ( 'NONE', #1826, 1000.000000000000000 ) ;
#430 = VECTOR ( 'NONE', #1444, 1000.000000000000000 ) ;
#431 = SURFACE_STYLE_USAGE ( .BOTH. , #118 ) ;
#432 = VECTOR ( 'NONE', #1860, 1000.000000000000000 ) ;
#433 = PRODUCT ( 'C5750X6S2W225K250KA', 'C5750X6S2W225K250KA', '', ( #1496 ) ) ;
#434 = SURFACE_STYLE_FILL_AREA ( #1515 ) ;
#435 = ADVANCED_FACE ( 'NONE', ( #1422 ), #1156, .F. ) ;
#436 = PRESENTATION_LAYER_ASSIGNMENT (  '', '', ( #416 ) ) ;
#437 = UNCERTAINTY_MEASURE_WITH_UNIT (LENGTH_MEASURE( 1.000000000000000082E-05 ), #1340, 'distance_accuracy_value', 'NONE');
#438 = ORIENTED_EDGE ( 'NONE', *, *, #1055, .T. ) ;
#439 = EDGE_LOOP ( 'NONE', ( #1741, #1601, #1445, #652 ) ) ;
#440 = AXIS2_PLACEMENT_3D ( 'NONE', #952, #512, #1380 ) ;
#441 = SURFACE_SIDE_STYLE ('',( #1129 ) ) ;
#442 = ADVANCED_FACE ( 'NONE', ( #978 ), #1944, .F. ) ;
#443 = PRESENTATION_LAYER_ASSIGNMENT (  '', '', ( #1079 ) ) ;
#444 =( NAMED_UNIT ( * ) PLANE_ANGLE_UNIT ( ) SI_UNIT ( $, .RADIAN. ) );
#445 = FACE_OUTER_BOUND ( 'NONE', #1746, .T. ) ;
#446 =( NAMED_UNIT ( * ) SI_UNIT ( $, .STERADIAN. ) SOLID_ANGLE_UNIT ( ) );
#447 =( GEOMETRIC_REPRESENTATION_CONTEXT ( 3 ) GLOBAL_UNCERTAINTY_ASSIGNED_CONTEXT ( ( #1134 ) ) GLOBAL_UNIT_ASSIGNED_CONTEXT ( ( #1525, #295, #446 ) ) REPRESENTATION_CONTEXT ( 'NONE', 'WORKASPACE' ) );
#448 = DIRECTION ( 'NONE',  ( 0.0000000000000000000, -8.673617379884035472E-17, -1.000000000000000000 ) ) ;
#449 = EDGE_CURVE ( 'NONE', #740, #1322, #198, .T. ) ;
#450 = PRODUCT_DEFINITION_FORMATION_WITH_SPECIFIED_SOURCE ( 'ANY', '', #1330, .NOT_KNOWN. ) ;
#451 = FILL_AREA_STYLE ('',( #1329 ) ) ;
#452 =( NAMED_UNIT ( * ) PLANE_ANGLE_UNIT ( ) SI_UNIT ( $, .RADIAN. ) );
#453 = ADVANCED_FACE ( 'NONE', ( #224 ), #1022, .T. ) ;
#454 =( NAMED_UNIT ( * ) PLANE_ANGLE_UNIT ( ) SI_UNIT ( $, .RADIAN. ) );
#455 = FILL_AREA_STYLE ('',( #261 ) ) ;
#456 = EDGE_LOOP ( 'NONE', ( #318, #1776, #401, #1733, #1667, #1375, #930, #1466 ) ) ;
#457 = FACE_OUTER_BOUND ( 'NONE', #1911, .T. ) ;
#458 = FILL_AREA_STYLE_COLOUR ( '', #1954 ) ;
#459 = UNCERTAINTY_MEASURE_WITH_UNIT (LENGTH_MEASURE( 1.000000000000000082E-05 ), #166, 'distance_accuracy_value', 'NONE');
#460 = ORIENTED_EDGE ( 'NONE', *, *, #990, .T. ) ;
#461 = APPLICATION_PROTOCOL_DEFINITION ( 'draft international standard', 'automotive_design', 1998, #595 ) ;
#462 = STYLED_ITEM ( 'NONE', ( #1068 ), #862 ) ;
#463 = FILL_AREA_STYLE ('',( #294 ) ) ;
#464 = ORIENTED_EDGE ( 'NONE', *, *, #971, .T. ) ;
#465 = CARTESIAN_POINT ( 'NONE',  ( 5.549999999999999822, 1.250000000000000666, -2.349999999999998757 ) ) ;
#466 = ADVANCED_FACE ( 'NONE', ( #619 ), #1309, .F. ) ;
#467 = CARTESIAN_POINT ( 'NONE',  ( 0.0000000000000000000, -1.249999999999998890, 2.350000000000001421 ) ) ;
#468 = ORIENTED_EDGE ( 'NONE', *, *, #257, .F. ) ;
#469 = DIRECTION ( 'NONE',  ( 0.0000000000000000000, 0.0000000000000000000, -1.000000000000000000 ) ) ;
#470 =( NAMED_UNIT ( * ) SI_UNIT ( $, .STERADIAN. ) SOLID_ANGLE_UNIT ( ) );
#471 = FILL_AREA_STYLE ('',( #14 ) ) ;
#472 = CARTESIAN_POINT ( 'NONE',  ( 5.549999999999999822, 1.250000000000000222, 2.350000000000001421 ) ) ;
#473 = DIRECTION ( 'NONE',  ( -1.000000000000000000, -0.0000000000000000000, -0.0000000000000000000 ) ) ;
#474 = LINE ( 'NONE', #1273, #1590 ) ;
#475 = CARTESIAN_POINT ( 'NONE',  ( 5.500000000000000888, 1.400000000000000577, -2.349999999999998757 ) ) ;
#476 = CARTESIAN_POINT ( 'NONE',  ( 5.700000000000000178, 1.250000000000000222, 2.350000000000001421 ) ) ;
#477 =( LENGTH_UNIT ( ) NAMED_UNIT ( * ) SI_UNIT ( .MILLI., .METRE. ) );
#478 = AXIS2_PLACEMENT_3D ( 'NONE', #629, #1726, #207 ) ;
#479 = DIRECTION ( 'NONE',  ( 1.000000000000000000, 0.0000000000000000000, 0.0000000000000000000 ) ) ;
#480 = DIRECTION ( 'NONE',  ( -1.000000000000000000, 0.0000000000000000000, 0.0000000000000000000 ) ) ;
#481 = CLOSED_SHELL ( 'NONE', ( #1053, #1188, #747, #737, #602, #1463, #1354, #260, #901, #453, #120, #1965, #1030, #1632, #1171, #1314, #881, #143 ) ) ;
#482 =( LENGTH_UNIT ( ) NAMED_UNIT ( * ) SI_UNIT ( .MILLI., .METRE. ) );
#483 = SURFACE_STYLE_USAGE ( .BOTH. , #612 ) ;
#484 =( NAMED_UNIT ( * ) PLANE_ANGLE_UNIT ( ) SI_UNIT ( $, .RADIAN. ) );
#485 = PRESENTATION_STYLE_ASSIGNMENT (( #1684 ) ) ;
#486 = ORIENTED_EDGE ( 'NONE', *, *, #1321, .T. ) ;
#487 = MECHANICAL_DESIGN_GEOMETRIC_PRESENTATION_REPRESENTATION (  '', ( #395 ), #568 ) ;
#488 = CARTESIAN_POINT ( 'NONE',  ( 5.500000000000000888, -1.399999999999999245, -2.499999999999998668 ) ) ;
#489 =( NAMED_UNIT ( * ) PLANE_ANGLE_UNIT ( ) SI_UNIT ( $, .RADIAN. ) );
#490 = CARTESIAN_POINT ( 'NONE',  ( 5.549999999999999822, -1.249999999999998890, 2.350000000000001421 ) ) ;
#491 = CARTESIAN_POINT ( 'NONE',  ( 0.0000000000000000000, 1.250000000000000222, 2.350000000000001421 ) ) ;
#492 = SURFACE_SIDE_STYLE ('',( #1225 ) ) ;
#493 = EDGE_CURVE ( 'NONE', #591, #699, #1072, .T. ) ;
#494 = PRESENTATION_LAYER_ASSIGNMENT (  '', '', ( #1645 ) ) ;
#495 = PLANE ( 'NONE',  #188 ) ;
#496 = DIRECTION ( 'NONE',  ( 0.0000000000000000000, 0.0000000000000000000, 1.000000000000000000 ) ) ;
#497 = CARTESIAN_POINT ( 'NONE',  ( 5.549999999999999822, 1.400000000000000577, -2.499999999999998668 ) ) ;
#498 = SURFACE_SIDE_STYLE ('',( #1007 ) ) ;
#499 = SURFACE_STYLE_FILL_AREA ( #7 ) ;
#500 = UNCERTAINTY_MEASURE_WITH_UNIT (LENGTH_MEASURE( 1.000000000000000082E-05 ), #292, 'distance_accuracy_value', 'NONE');
#501 = PLANE ( 'NONE',  #1271 ) ;
#502 = ORIENTED_EDGE ( 'NONE', *, *, #727, .F. ) ;
#503 = FACE_OUTER_BOUND ( 'NONE', #51, .T. ) ;
#504 = DIRECTION ( 'NONE',  ( 0.0000000000000000000, 0.0000000000000000000, -1.000000000000000000 ) ) ;
#505 =( NAMED_UNIT ( * ) SI_UNIT ( $, .STERADIAN. ) SOLID_ANGLE_UNIT ( ) );
#506 = CIRCLE ( 'NONE', #803, 0.1499999999999999667 ) ;
#507 =( NAMED_UNIT ( * ) SI_UNIT ( $, .STERADIAN. ) SOLID_ANGLE_UNIT ( ) );
#508 = VECTOR ( 'NONE', #156, 1000.000000000000000 ) ;
#509 = ORIENTED_EDGE ( 'NONE', *, *, #1893, .T. ) ;
#510 = CARTESIAN_POINT ( 'NONE',  ( 0.1499999999999999944, 1.400000000000000577, -2.499999999999998668 ) ) ;
#511 = ORIENTED_EDGE ( 'NONE', *, *, #822, .F. ) ;
#512 = DIRECTION ( 'NONE',  ( -0.0000000000000000000, 1.000000000000000000, -0.0000000000000000000 ) ) ;
#513 = CARTESIAN_POINT ( 'NONE',  ( 5.500000000000000888, -1.399999999999999245, -2.499999999999998668 ) ) ;
#514 =( GEOMETRIC_REPRESENTATION_CONTEXT ( 3 ) GLOBAL_UNCERTAINTY_ASSIGNED_CONTEXT ( ( #813 ) ) GLOBAL_UNIT_ASSIGNED_CONTEXT ( ( #1960, #1490, #140 ) ) REPRESENTATION_CONTEXT ( 'NONE', 'WORKASPACE' ) );
#515 = ORIENTED_EDGE ( 'NONE', *, *, #26, .T. ) ;
#516 = SURFACE_SIDE_STYLE ('',( #950 ) ) ;
#517 = PRESENTATION_STYLE_ASSIGNMENT (( #1664 ) ) ;
#518 = COLOUR_RGB ( '',1.000000000000000000, 1.000000000000000000, 1.000000000000000000 ) ;
#519 = UNCERTAINTY_MEASURE_WITH_UNIT (LENGTH_MEASURE( 1.000000000000000082E-05 ), #236, 'distance_accuracy_value', 'NONE');
#520 = CARTESIAN_POINT ( 'NONE',  ( 5.500000000000000000, 1.400000000000000577, -2.349999999999998757 ) ) ;
#521 = AXIS2_PLACEMENT_3D ( 'NONE', #673, #213, #382 ) ;
#522 =( LENGTH_UNIT ( ) NAMED_UNIT ( * ) SI_UNIT ( .MILLI., .METRE. ) );
#523 = ORIENTED_EDGE ( 'NONE', *, *, #944, .T. ) ;
#524 = PRESENTATION_LAYER_ASSIGNMENT (  '', '', ( #859 ) ) ;
#525 = COLOUR_RGB ( '',0.7921568627450980005, 0.8196078431372548767, 0.9333333333333333481 ) ;
#526 = VECTOR ( 'NONE', #1744, 1000.000000000000000 ) ;
#527 = EDGE_CURVE ( 'NONE', #1763, #1282, #195, .T. ) ;
#528 = ORIENTED_EDGE ( 'NONE', *, *, #616, .T. ) ;
#529 = STYLED_ITEM ( 'NONE', ( #1108 ), #1979 ) ;
#530 = VERTEX_POINT ( 'NONE', #1652 ) ;
#531 = DIRECTION ( 'NONE',  ( 1.000000000000000000, 0.0000000000000000000, 0.0000000000000000000 ) ) ;
#532 =( NAMED_UNIT ( * ) PLANE_ANGLE_UNIT ( ) SI_UNIT ( $, .RADIAN. ) );
#533 = AXIS2_PLACEMENT_3D ( 'NONE', #1736, #1000, #1364 ) ;
#534 = CARTESIAN_POINT ( 'NONE',  ( 0.2000000000000000111, -1.399999999999999245, -2.499999999999998668 ) ) ;
#535 = AXIS2_PLACEMENT_3D ( 'NONE', #490, #659, #814 ) ;
#536 = CARTESIAN_POINT ( 'NONE',  ( 0.2000000000000000111, 1.250000000000000222, 2.500000000000001332 ) ) ;
#537 = CARTESIAN_POINT ( 'NONE',  ( 5.500000000000000000, -1.249999999999998890, 2.500000000000001332 ) ) ;
#538 = FACE_OUTER_BOUND ( 'NONE', #1043, .T. ) ;
#539 = CARTESIAN_POINT ( 'NONE',  ( 0.0000000000000000000, 0.0000000000000000000, 0.0000000000000000000 ) ) ;
#540 = DIRECTION ( 'NONE',  ( 0.0000000000000000000, 0.0000000000000000000, 1.000000000000000000 ) ) ;
#541 = PRESENTATION_STYLE_ASSIGNMENT (( #1575 ) ) ;
#542 = STYLED_ITEM ( 'NONE', ( #1722 ), #435 ) ;
#543 = AXIS2_PLACEMENT_3D ( 'NONE', #1093, #33, #620 ) ;
#544 =( LENGTH_UNIT ( ) NAMED_UNIT ( * ) SI_UNIT ( .MILLI., .METRE. ) );
#545 = FACE_OUTER_BOUND ( 'NONE', #418, .T. ) ;
#546 = ORIENTED_EDGE ( 'NONE', *, *, #1263, .F. ) ;
#547 = FILL_AREA_STYLE_COLOUR ( '', #1966 ) ;
#548 = EDGE_CURVE ( 'NONE', #423, #53, #1487, .T. ) ;
#549 = ORIENTED_EDGE ( 'NONE', *, *, #1610, .T. ) ;
#550 = DIRECTION ( 'NONE',  ( 0.0000000000000000000, 0.0000000000000000000, -1.000000000000000000 ) ) ;
#551 = AXIS2_PLACEMENT_3D ( 'NONE', #1654, #408, #540 ) ;
#552 = ORIENTED_EDGE ( 'NONE', *, *, #1913, .T. ) ;
#553 = AXIS2_PLACEMENT_3D ( 'NONE', #1073, #1383, #643 ) ;
#554 = SURFACE_SIDE_STYLE ('',( #1935 ) ) ;
#555 = CYLINDRICAL_SURFACE ( 'NONE', #695, 0.1499999999999999667 ) ;
#556 = SURFACE_STYLE_FILL_AREA ( #1144 ) ;
#557 =( LENGTH_UNIT ( ) NAMED_UNIT ( * ) SI_UNIT ( .MILLI., .METRE. ) );
#558 = FACE_OUTER_BOUND ( 'NONE', #1578, .T. ) ;
#559 = AXIS2_PLACEMENT_3D ( 'NONE', #1352, #302, #1963 ) ;
#560 =( GEOMETRIC_REPRESENTATION_CONTEXT ( 3 ) GLOBAL_UNCERTAINTY_ASSIGNED_CONTEXT ( ( #437 ) ) GLOBAL_UNIT_ASSIGNED_CONTEXT ( ( #1340, #1964, #88 ) ) REPRESENTATION_CONTEXT ( 'NONE', 'WORKASPACE' ) );
#561 = VECTOR ( 'NONE', #1056, 1000.000000000000000 ) ;
#562 = EDGE_CURVE ( 'NONE', #647, #1423, #672, .T. ) ;
#563 =( NAMED_UNIT ( * ) SI_UNIT ( $, .STERADIAN. ) SOLID_ANGLE_UNIT ( ) );
#564 = ORIENTED_EDGE ( 'NONE', *, *, #324, .T. ) ;
#565 = UNCERTAINTY_MEASURE_WITH_UNIT (LENGTH_MEASURE( 1.000000000000000082E-05 ), #482, 'distance_accuracy_value', 'NONE');
#566 = ORIENTED_EDGE ( 'NONE', *, *, #1023, .F. ) ;
#567 =( NAMED_UNIT ( * ) SI_UNIT ( $, .STERADIAN. ) SOLID_ANGLE_UNIT ( ) );
#568 =( GEOMETRIC_REPRESENTATION_CONTEXT ( 3 ) GLOBAL_UNCERTAINTY_ASSIGNED_CONTEXT ( ( #282 ) ) GLOBAL_UNIT_ASSIGNED_CONTEXT ( ( #1276, #388, #669 ) ) REPRESENTATION_CONTEXT ( 'NONE', 'WORKASPACE' ) );
#569 = DIRECTION ( 'NONE',  ( 0.0000000000000000000, 1.000000000000000000, 0.0000000000000000000 ) ) ;
#570 = MECHANICAL_DESIGN_GEOMETRIC_PRESENTATION_REPRESENTATION (  '', ( #37 ), #1802 ) ;
#571 = CYLINDRICAL_SURFACE ( 'NONE', #1916, 0.1499999999999999667 ) ;
#572 = LINE ( 'NONE', #1288, #1900 ) ;
#573 = FILL_AREA_STYLE ('',( #721 ) ) ;
#574 = EDGE_CURVE ( 'NONE', #650, #1351, #1622, .T. ) ;
#575 = AXIS2_PLACEMENT_3D ( 'NONE', #842, #1424, #681 ) ;
#576 = CYLINDRICAL_SURFACE ( 'NONE', #1640, 0.1499999999999999667 ) ;
#577 = DIRECTION ( 'NONE',  ( 0.0000000000000000000, 0.0000000000000000000, 1.000000000000000000 ) ) ;
#578 = ADVANCED_FACE ( 'NONE', ( #1139 ), #1830, .F. ) ;
#579 = SURFACE_STYLE_FILL_AREA ( #1378 ) ;
#580 = LINE ( 'NONE', #314, #1757 ) ;
#581 = CARTESIAN_POINT ( 'NONE',  ( 0.2000000000000000111, -1.399999999999998801, 2.350000000000001421 ) ) ;
#582 = FACE_OUTER_BOUND ( 'NONE', #1306, .T. ) ;
#583 = VERTEX_POINT ( 'NONE', #1054 ) ;
#584 = COLOUR_RGB ( '',1.000000000000000000, 1.000000000000000000, 1.000000000000000000 ) ;
#585 = FACE_OUTER_BOUND ( 'NONE', #743, .T. ) ;
#586 = FILL_AREA_STYLE ('',( #1299 ) ) ;
#587 = STYLED_ITEM ( 'NONE', ( #1300 ), #901 ) ;
#588 = ORIENTED_EDGE ( 'NONE', *, *, #1852, .T. ) ;
#589 = DIRECTION ( 'NONE',  ( -1.000000000000000000, -0.0000000000000000000, -0.0000000000000000000 ) ) ;
#590 = DIRECTION ( 'NONE',  ( 0.0000000000000000000, 0.0000000000000000000, -1.000000000000000000 ) ) ;
#591 = VERTEX_POINT ( 'NONE', #285 ) ;
#592 = ADVANCED_FACE ( 'NONE', ( #457 ), #1838, .T. ) ;
#593 = DIRECTION ( 'NONE',  ( -0.0000000000000000000, -0.0000000000000000000, -1.000000000000000000 ) ) ;
#594 = UNCERTAINTY_MEASURE_WITH_UNIT (LENGTH_MEASURE( 1.000000000000000082E-05 ), #153, 'distance_accuracy_value', 'NONE');
#595 = APPLICATION_CONTEXT ( 'automotive_design' ) ;
#596 = FILL_AREA_STYLE ('',( #290 ) ) ;
#597 = ORIENTED_EDGE ( 'NONE', *, *, #722, .T. ) ;
#598 = SURFACE_STYLE_USAGE ( .BOTH. , #1336 ) ;
#599 = MECHANICAL_DESIGN_GEOMETRIC_PRESENTATION_REPRESENTATION (  '', ( #416 ), #265 ) ;
#600 = SURFACE_SIDE_STYLE ('',( #434 ) ) ;
#601 =( LENGTH_UNIT ( ) NAMED_UNIT ( * ) SI_UNIT ( .MILLI., .METRE. ) );
#602 = ADVANCED_FACE ( 'NONE', ( #1019 ), #1814, .T. ) ;
#603 = PRESENTATION_STYLE_ASSIGNMENT (( #273 ) ) ;
#604 = CARTESIAN_POINT ( 'NONE',  ( 0.1499999999999999944, -1.399999999999999245, -2.349999999999998757 ) ) ;
#605 =( GEOMETRIC_REPRESENTATION_CONTEXT ( 3 ) GLOBAL_UNCERTAINTY_ASSIGNED_CONTEXT ( ( #1659 ) ) GLOBAL_UNIT_ASSIGNED_CONTEXT ( ( #544, #1173, #1882 ) ) REPRESENTATION_CONTEXT ( 'NONE', 'WORKASPACE' ) );
#606 = VECTOR ( 'NONE', #1874, 1000.000000000000000 ) ;
#607 = CARTESIAN_POINT ( 'NONE',  ( 5.500000000000000000, -1.249999999999999334, -2.499999999999998668 ) ) ;
#608 = CARTESIAN_POINT ( 'NONE',  ( 0.2000000000000000111, -1.399999999999998801, 2.500000000000001332 ) ) ;
#609 = CARTESIAN_POINT ( 'NONE',  ( 0.1499999999999999944, -1.399999999999998801, 2.350000000000001421 ) ) ;
#610 = COLOUR_RGB ( '',1.000000000000000000, 1.000000000000000000, 1.000000000000000000 ) ;
#611 = COLOUR_RGB ( '',1.000000000000000000, 1.000000000000000000, 1.000000000000000000 ) ;
#612 = SURFACE_SIDE_STYLE ('',( #1193 ) ) ;
#613 = FILL_AREA_STYLE_COLOUR ( '', #1152 ) ;
#614 = SURFACE_SIDE_STYLE ('',( #1436 ) ) ;
#615 = CARTESIAN_POINT ( 'NONE',  ( 5.549999999999999822, 1.400000000000000133, 2.350000000000001421 ) ) ;
#616 = EDGE_CURVE ( 'NONE', #1933, #699, #1342, .T. ) ;
#617 = VERTEX_POINT ( 'NONE', #626 ) ;
#618 =( GEOMETRIC_REPRESENTATION_CONTEXT ( 3 ) GLOBAL_UNCERTAINTY_ASSIGNED_CONTEXT ( ( #519 ) ) GLOBAL_UNIT_ASSIGNED_CONTEXT ( ( #236, #1700, #1366 ) ) REPRESENTATION_CONTEXT ( 'NONE', 'WORKASPACE' ) );
#619 = FACE_OUTER_BOUND ( 'NONE', #1503, .T. ) ;
#620 = DIRECTION ( 'NONE',  ( 0.0000000000000000000, 1.000000000000000000, 0.0000000000000000000 ) ) ;
#621 = CARTESIAN_POINT ( 'NONE',  ( 0.2000000000000000111, 1.250000000000000666, -2.349999999999998757 ) ) ;
#622 = ORIENTED_EDGE ( 'NONE', *, *, #1036, .T. ) ;
#623 = DIRECTION ( 'NONE',  ( 0.0000000000000000000, 0.0000000000000000000, -1.000000000000000000 ) ) ;
#624 = EDGE_CURVE ( 'NONE', #1581, #766, #343, .T. ) ;
#625 =( GEOMETRIC_REPRESENTATION_CONTEXT ( 3 ) GLOBAL_UNCERTAINTY_ASSIGNED_CONTEXT ( ( #1932 ) ) GLOBAL_UNIT_ASSIGNED_CONTEXT ( ( #871, #742, #1448 ) ) REPRESENTATION_CONTEXT ( 'NONE', 'WORKASPACE' ) );
#626 = CARTESIAN_POINT ( 'NONE',  ( 5.500000000000000888, 1.250000000000000666, -2.499999999999998668 ) ) ;
#627 = CARTESIAN_POINT ( 'NONE',  ( 5.500000000000000000, 1.250000000000000666, -2.499999999999998668 ) ) ;
#628 = FILL_AREA_STYLE_COLOUR ( '', #1778 ) ;
#629 = CARTESIAN_POINT ( 'NONE',  ( 0.2000000000000000111, 1.250000000000000666, -2.349999999999998757 ) ) ;
#630 = DIRECTION ( 'NONE',  ( 0.0000000000000000000, 0.0000000000000000000, 1.000000000000000000 ) ) ;
#631 = CYLINDRICAL_SURFACE ( 'NONE', #1335, 0.1499999999999999667 ) ;
#632 = MECHANICAL_DESIGN_GEOMETRIC_PRESENTATION_REPRESENTATION (  '', ( #1206 ), #386 ) ;
#633 = CARTESIAN_POINT ( 'NONE',  ( 5.500000000000000888, 1.250000000000000222, 2.500000000000001332 ) ) ;
#634 = VECTOR ( 'NONE', #1946, 1000.000000000000000 ) ;
#635 = CARTESIAN_POINT ( 'NONE',  ( 5.549999999999999822, 1.400000000000000577, -2.349999999999998757 ) ) ;
#636 =( NAMED_UNIT ( * ) SI_UNIT ( $, .STERADIAN. ) SOLID_ANGLE_UNIT ( ) );
#637 = CARTESIAN_POINT ( 'NONE',  ( 0.2000000000000000111, 1.250000000000000666, -2.349999999999998757 ) ) ;
#638 = MECHANICAL_DESIGN_GEOMETRIC_PRESENTATION_REPRESENTATION (  '', ( #1645 ), #225 ) ;
#639 = EDGE_CURVE ( 'NONE', #530, #857, #646, .T. ) ;
#640 = COLOUR_RGB ( '',1.000000000000000000, 1.000000000000000000, 1.000000000000000000 ) ;
#641 = CARTESIAN_POINT ( 'NONE',  ( 5.500000000000000000, 1.250000000000000222, 2.500000000000001332 ) ) ;
#642 = VECTOR ( 'NONE', #79, 1000.000000000000000 ) ;
#643 = DIRECTION ( 'NONE',  ( 0.0000000000000000000, 0.0000000000000000000, -1.000000000000000000 ) ) ;
#644 = PLANE ( 'NONE',  #272 ) ;
#645 = DIRECTION ( 'NONE',  ( -0.0000000000000000000, -1.000000000000000000, -0.0000000000000000000 ) ) ;
#646 = LINE ( 'NONE', #1070, #508 ) ;
#647 = VERTEX_POINT ( 'NONE', #467 ) ;
#648 = DIRECTION ( 'NONE',  ( -1.000000000000000000, -0.0000000000000000000, -0.0000000000000000000 ) ) ;
#649 = STYLED_ITEM ( 'NONE', ( #1468 ), #442 ) ;
#650 = VERTEX_POINT ( 'NONE', #615 ) ;
#651 =( GEOMETRIC_REPRESENTATION_CONTEXT ( 3 ) GLOBAL_UNCERTAINTY_ASSIGNED_CONTEXT ( ( #1258 ) ) GLOBAL_UNIT_ASSIGNED_CONTEXT ( ( #1082, #1835, #1534 ) ) REPRESENTATION_CONTEXT ( 'NONE', 'WORKASPACE' ) );
#652 = ORIENTED_EDGE ( 'NONE', *, *, #1097, .F. ) ;
#653 =( NAMED_UNIT ( * ) SI_UNIT ( $, .STERADIAN. ) SOLID_ANGLE_UNIT ( ) );
#654 =( LENGTH_UNIT ( ) NAMED_UNIT ( * ) SI_UNIT ( .MILLI., .METRE. ) );
#655 = DIRECTION ( 'NONE',  ( -0.0000000000000000000, -0.0000000000000000000, -1.000000000000000000 ) ) ;
#656 = EDGE_CURVE ( 'NONE', #167, #1322, #1483, .T. ) ;
#657 =( LENGTH_UNIT ( ) NAMED_UNIT ( * ) SI_UNIT ( .MILLI., .METRE. ) );
#658 = DIRECTION ( 'NONE',  ( 0.0000000000000000000, 0.0000000000000000000, -1.000000000000000000 ) ) ;
#659 = DIRECTION ( 'NONE',  ( 1.000000000000000000, 0.0000000000000000000, 0.0000000000000000000 ) ) ;
#660 = PRESENTATION_STYLE_ASSIGNMENT (( #1552 ) ) ;
#661 = EDGE_CURVE ( 'NONE', #405, #1074, #1641, .T. ) ;
#662 = FACE_OUTER_BOUND ( 'NONE', #1863, .T. ) ;
#663 = STYLED_ITEM ( 'NONE', ( #759 ), #881 ) ;
#664 = LINE ( 'NONE', #961, #688 ) ;
#665 = ORIENTED_EDGE ( 'NONE', *, *, #117, .T. ) ;
#666 = UNCERTAINTY_MEASURE_WITH_UNIT (LENGTH_MEASURE( 1.000000000000000082E-05 ), #383, 'distance_accuracy_value', 'NONE');
#667 = FILL_AREA_STYLE ('',( #836 ) ) ;
#668 = EDGE_CURVE ( 'NONE', #650, #423, #697, .T. ) ;
#669 =( NAMED_UNIT ( * ) SI_UNIT ( $, .STERADIAN. ) SOLID_ANGLE_UNIT ( ) );
#670 = VECTOR ( 'NONE', #1407, 1000.000000000000000 ) ;
#671 = VERTEX_POINT ( 'NONE', #1526 ) ;
#672 = LINE ( 'NONE', #1793, #1574 ) ;
#673 = CARTESIAN_POINT ( 'NONE',  ( 5.549999999999999822, -1.249999999999999334, -2.349999999999998757 ) ) ;
#674 = ORIENTED_EDGE ( 'NONE', *, *, #359, .F. ) ;
#675 =( NAMED_UNIT ( * ) SI_UNIT ( $, .STERADIAN. ) SOLID_ANGLE_UNIT ( ) );
#676 = ORIENTED_EDGE ( 'NONE', *, *, #1852, .F. ) ;
#677 = AXIS2_PLACEMENT_3D ( 'NONE', #1791, #1796, #884 ) ;
#678 = ORIENTED_EDGE ( 'NONE', *, *, #1587, .F. ) ;
#679 = PRESENTATION_LAYER_ASSIGNMENT (  '', '', ( #1758 ) ) ;
#680 = EDGE_CURVE ( 'NONE', #139, #1351, #1740, .T. ) ;
#681 = DIRECTION ( 'NONE',  ( 0.0000000000000000000, 0.0000000000000000000, -1.000000000000000000 ) ) ;
#682 = SURFACE_STYLE_USAGE ( .BOTH. , #65 ) ;
#683 = CARTESIAN_POINT ( 'NONE',  ( 0.2000000000000000111, -1.249999999999999334, -2.499999999999998668 ) ) ;
#684 = CARTESIAN_POINT ( 'NONE',  ( 0.2000000000000000111, 1.250000000000000222, 2.500000000000001332 ) ) ;
#685 = EDGE_CURVE ( 'NONE', #766, #1523, #243, .T. ) ;
#686 = LINE ( 'NONE', #1607, #988 ) ;
#687 =( NAMED_UNIT ( * ) SI_UNIT ( $, .STERADIAN. ) SOLID_ANGLE_UNIT ( ) );
#688 = VECTOR ( 'NONE', #648, 1000.000000000000000 ) ;
#689 = STYLED_ITEM ( 'NONE', ( #210 ), #1480 ) ;
#690 = SURFACE_STYLE_USAGE ( .BOTH. , #1298 ) ;
#691 = CIRCLE ( 'NONE', #1531, 0.1499999999999999667 ) ;
#692 = VECTOR ( 'NONE', #1666, 1000.000000000000000 ) ;
#693 = FILL_AREA_STYLE_COLOUR ( '', #1560 ) ;
#694 = EDGE_CURVE ( 'NONE', #1980, #1829, #284, .T. ) ;
#695 = AXIS2_PLACEMENT_3D ( 'NONE', #1261, #192, #1250 ) ;
#696 = CARTESIAN_POINT ( 'NONE',  ( 0.1499999999999999944, -1.249999999999998890, 2.350000000000001421 ) ) ;
#697 = CIRCLE ( 'NONE', #1147, 0.1499999999999999667 ) ;
#698 = ORIENTED_EDGE ( 'NONE', *, *, #359, .T. ) ;
#699 = VERTEX_POINT ( 'NONE', #609 ) ;
#700 = CARTESIAN_POINT ( 'NONE',  ( 0.0000000000000000000, 0.0000000000000000000, -2.349999999999998757 ) ) ;
#701 = STYLED_ITEM ( 'NONE', ( #1905 ), #1030 ) ;
#702 = UNCERTAINTY_MEASURE_WITH_UNIT (LENGTH_MEASURE( 1.000000000000000082E-05 ), #149, 'distance_accuracy_value', 'NONE');
#703 = SURFACE_SIDE_STYLE ('',( #1460 ) ) ;
#704 = DIRECTION ( 'NONE',  ( 0.0000000000000000000, 0.0000000000000000000, 1.000000000000000000 ) ) ;
#705 = LINE ( 'NONE', #1705, #1923 ) ;
#706 = LINE ( 'NONE', #1111, #606 ) ;
#707 =( LENGTH_UNIT ( ) NAMED_UNIT ( * ) SI_UNIT ( .MILLI., .METRE. ) );
#708 = COLOUR_RGB ( '',1.000000000000000000, 1.000000000000000000, 1.000000000000000000 ) ;
#709 = AXIS2_PLACEMENT_3D ( 'NONE', #10, #932, #783 ) ;
#710 = SURFACE_STYLE_FILL_AREA ( #776 ) ;
#711 = COLOUR_RGB ( '',0.9960784313725490335, 0.8705882352941176627, 0.7607843137254901578 ) ;
#712 = LINE ( 'NONE', #1292, #1015 ) ;
#713 = AXIS2_PLACEMENT_3D ( 'NONE', #1253, #55, #1123 ) ;
#714 = CARTESIAN_POINT ( 'NONE',  ( 0.2000000000000000111, -1.399999999999999245, -2.499999999999998668 ) ) ;
#715 = LINE ( 'NONE', #791, #1884 ) ;
#716 = ORIENTED_EDGE ( 'NONE', *, *, #751, .T. ) ;
#717 = ORIENTED_EDGE ( 'NONE', *, *, #868, .F. ) ;
#718 = ORIENTED_EDGE ( 'NONE', *, *, #47, .F. ) ;
#719 = ADVANCED_FACE ( 'NONE', ( #545 ), #1501, .T. ) ;
#720 = EDGE_LOOP ( 'NONE', ( #1842, #1692, #1301 ) ) ;
#721 = FILL_AREA_STYLE_COLOUR ( '', #315 ) ;
#722 = EDGE_CURVE ( 'NONE', #139, #1523, #1663, .T. ) ;
#723 = ORIENTED_EDGE ( 'NONE', *, *, #656, .T. ) ;
#724 = UNCERTAINTY_MEASURE_WITH_UNIT (LENGTH_MEASURE( 1.000000000000000082E-05 ), #1686, 'distance_accuracy_value', 'NONE');
#725 =( GEOMETRIC_REPRESENTATION_CONTEXT ( 3 ) GLOBAL_UNCERTAINTY_ASSIGNED_CONTEXT ( ( #1550 ) ) GLOBAL_UNIT_ASSIGNED_CONTEXT ( ( #180, #769, #785 ) ) REPRESENTATION_CONTEXT ( 'NONE', 'WORKASPACE' ) );
#726 =( NAMED_UNIT ( * ) SI_UNIT ( $, .STERADIAN. ) SOLID_ANGLE_UNIT ( ) );
#727 = EDGE_CURVE ( 'NONE', #997, #1201, #25, .T. ) ;
#728 = AXIS2_PLACEMENT_3D ( 'NONE', #1049, #1955, #1493 ) ;
#729 = ADVANCED_FACE ( 'NONE', ( #1398 ), #996, .T. ) ;
#730 = COLOUR_RGB ( '',0.9960784313725490335, 0.8705882352941176627, 0.7607843137254901578 ) ;
#731 =( LENGTH_UNIT ( ) NAMED_UNIT ( * ) SI_UNIT ( .MILLI., .METRE. ) );
#732 = COLOUR_RGB ( '',1.000000000000000000, 1.000000000000000000, 1.000000000000000000 ) ;
#733 = CARTESIAN_POINT ( 'NONE',  ( 0.2000000000000000111, 1.400000000000000133, 2.350000000000001421 ) ) ;
#734 =( GEOMETRIC_REPRESENTATION_CONTEXT ( 3 ) GLOBAL_UNCERTAINTY_ASSIGNED_CONTEXT ( ( #1400 ) ) GLOBAL_UNIT_ASSIGNED_CONTEXT ( ( #707, #1163, #270 ) ) REPRESENTATION_CONTEXT ( 'NONE', 'WORKASPACE' ) );
#735 = FACE_OUTER_BOUND ( 'NONE', #874, .T. ) ;
#736 =( GEOMETRIC_REPRESENTATION_CONTEXT ( 3 ) GLOBAL_UNCERTAINTY_ASSIGNED_CONTEXT ( ( #1210 ) ) GLOBAL_UNIT_ASSIGNED_CONTEXT ( ( #240, #289, #885 ) ) REPRESENTATION_CONTEXT ( 'NONE', 'WORKASPACE' ) );
#737 = ADVANCED_FACE ( 'NONE', ( #585 ), #279, .F. ) ;
#738 = EDGE_CURVE ( 'NONE', #1138, #1888, #834, .T. ) ;
#739 = DIRECTION ( 'NONE',  ( -0.0000000000000000000, 1.000000000000000000, -0.0000000000000000000 ) ) ;
#740 = VERTEX_POINT ( 'NONE', #1843 ) ;
#741 = ORIENTED_EDGE ( 'NONE', *, *, #883, .F. ) ;
#742 =( NAMED_UNIT ( * ) PLANE_ANGLE_UNIT ( ) SI_UNIT ( $, .RADIAN. ) );
#743 = EDGE_LOOP ( 'NONE', ( #1443, #1343, #193, #1674 ) ) ;
#744 = CARTESIAN_POINT ( 'NONE',  ( 0.1499999999999999944, -1.249999999999999334, -2.349999999999998757 ) ) ;
#745 = PRESENTATION_LAYER_ASSIGNMENT (  '', '', ( #649 ) ) ;
#746 = UNCERTAINTY_MEASURE_WITH_UNIT (LENGTH_MEASURE( 1.000000000000000082E-05 ), #1922, 'distance_accuracy_value', 'NONE');
#747 = ADVANCED_FACE ( 'NONE', ( #735 ), #501, .F. ) ;
#748 = DIRECTION ( 'NONE',  ( 1.000000000000000000, 0.0000000000000000000, -0.0000000000000000000 ) ) ;
#749 = AXIS2_PLACEMENT_3D ( 'NONE', #513, #823, #1419 ) ;
#750 = CARTESIAN_POINT ( 'NONE',  ( 5.549999999999999822, -1.399999999999998801, 2.500000000000001332 ) ) ;
#751 = EDGE_CURVE ( 'NONE', #873, #1469, #1371, .T. ) ;
#752 = APPLICATION_CONTEXT ( 'automotive_design' ) ;
#753 = CARTESIAN_POINT ( 'NONE',  ( 5.549999999999999822, -1.399999999999998801, 2.350000000000001421 ) ) ;
#754 = PRESENTATION_STYLE_ASSIGNMENT (( #1248 ) ) ;
#755 = CIRCLE ( 'NONE', #713, 0.1499999999999999667 ) ;
#756 = DIRECTION ( 'NONE',  ( 0.0000000000000000000, 0.0000000000000000000, -1.000000000000000000 ) ) ;
#757 =( GEOMETRIC_REPRESENTATION_CONTEXT ( 3 ) GLOBAL_UNCERTAINTY_ASSIGNED_CONTEXT ( ( #11 ) ) GLOBAL_UNIT_ASSIGNED_CONTEXT ( ( #1983, #1518, #1825 ) ) REPRESENTATION_CONTEXT ( 'NONE', 'WORKASPACE' ) );
#758 = FACE_OUTER_BOUND ( 'NONE', #1839, .T. ) ;
#759 = PRESENTATION_STYLE_ASSIGNMENT (( #1140 ) ) ;
#760 = EDGE_LOOP ( 'NONE', ( #1121, #549, #267, #741 ) ) ;
#761 = CARTESIAN_POINT ( 'NONE',  ( 0.2000000000000000111, 1.400000000000000577, -2.349999999999998757 ) ) ;
#762 = VECTOR ( 'NONE', #1962, 1000.000000000000000 ) ;
#763 = VERTEX_POINT ( 'NONE', #633 ) ;
#764 = FILL_AREA_STYLE_COLOUR ( '', #1315 ) ;
#765 = EDGE_CURVE ( 'NONE', #1933, #1720, #715, .T. ) ;
#766 = VERTEX_POINT ( 'NONE', #1080 ) ;
#767 = COLOUR_RGB ( '',0.9960784313725490335, 0.8705882352941176627, 0.7607843137254901578 ) ;
#768 = DIRECTION ( 'NONE',  ( -1.000000000000000000, 0.0000000000000000000, 0.0000000000000000000 ) ) ;
#769 =( NAMED_UNIT ( * ) PLANE_ANGLE_UNIT ( ) SI_UNIT ( $, .RADIAN. ) );
#770 = DIRECTION ( 'NONE',  ( 0.0000000000000000000, 0.0000000000000000000, -1.000000000000000000 ) ) ;
#771 = DIRECTION ( 'NONE',  ( 0.0000000000000000000, 0.0000000000000000000, -1.000000000000000000 ) ) ;
#772 = ORIENTED_EDGE ( 'NONE', *, *, #249, .T. ) ;
#773 = SURFACE_STYLE_USAGE ( .BOTH. , #614 ) ;
#774 = AXIS2_PLACEMENT_3D ( 'NONE', #714, #1786, #1020 ) ;
#775 =( NAMED_UNIT ( * ) PLANE_ANGLE_UNIT ( ) SI_UNIT ( $, .RADIAN. ) );
#776 = FILL_AREA_STYLE ('',( #1355 ) ) ;
#777 = DIRECTION ( 'NONE',  ( 0.0000000000000000000, 0.0000000000000000000, 1.000000000000000000 ) ) ;
#778 =( NAMED_UNIT ( * ) PLANE_ANGLE_UNIT ( ) SI_UNIT ( $, .RADIAN. ) );
#779 = PRESENTATION_LAYER_ASSIGNMENT (  '', '', ( #428 ) ) ;
#780 = EDGE_CURVE ( 'NONE', #1322, #1933, #1780, .T. ) ;
#781 = FACE_OUTER_BOUND ( 'NONE', #311, .T. ) ;
#782 = DIRECTION ( 'NONE',  ( -1.000000000000000000, -0.0000000000000000000, -0.0000000000000000000 ) ) ;
#783 = DIRECTION ( 'NONE',  ( 0.0000000000000000000, 0.0000000000000000000, 1.000000000000000000 ) ) ;
#784 = MECHANICAL_DESIGN_GEOMETRIC_PRESENTATION_REPRESENTATION (  '', ( #943 ), #1570 ) ;
#785 =( NAMED_UNIT ( * ) SI_UNIT ( $, .STERADIAN. ) SOLID_ANGLE_UNIT ( ) );
#786 = SURFACE_STYLE_USAGE ( .BOTH. , #1696 ) ;
#787 = UNCERTAINTY_MEASURE_WITH_UNIT (LENGTH_MEASURE( 1.000000000000000082E-05 ), #34, 'distance_accuracy_value', 'NONE');
#788 = CARTESIAN_POINT ( 'NONE',  ( 5.700000000000000178, 0.0000000000000000000, -2.349999999999998757 ) ) ;
#789 =( GEOMETRIC_REPRESENTATION_CONTEXT ( 3 ) GLOBAL_UNCERTAINTY_ASSIGNED_CONTEXT ( ( #1420 ) ) GLOBAL_UNIT_ASSIGNED_CONTEXT ( ( #1672, #1075, #1967 ) ) REPRESENTATION_CONTEXT ( 'NONE', 'WORKASPACE' ) );
#790 = ORIENTED_EDGE ( 'NONE', *, *, #131, .T. ) ;
#791 = CARTESIAN_POINT ( 'NONE',  ( 0.2000000000000000111, -1.249999999999998890, 2.500000000000001332 ) ) ;
#792 = ORIENTED_EDGE ( 'NONE', *, *, #1321, .F. ) ;
#793 = STYLED_ITEM ( 'NONE', ( #1431 ), #1500 ) ;
#794 =( NAMED_UNIT ( * ) SI_UNIT ( $, .STERADIAN. ) SOLID_ANGLE_UNIT ( ) );
#795 = DIRECTION ( 'NONE',  ( -0.0000000000000000000, 8.673617379884035472E-17, -1.000000000000000000 ) ) ;
#796 = VERTEX_POINT ( 'NONE', #1709 ) ;
#797 = FILL_AREA_STYLE ('',( #1697 ) ) ;
#798 = CARTESIAN_POINT ( 'NONE',  ( 0.1499999999999999944, -1.249999999999999334, -2.349999999999998757 ) ) ;
#799 = EDGE_CURVE ( 'NONE', #583, #857, #1571, .T. ) ;
#800 = STYLED_ITEM ( 'NONE', ( #1150 ), #1799 ) ;
#801 = CARTESIAN_POINT ( 'NONE',  ( 5.549999999999999822, 1.250000000000000666, -2.349999999999998757 ) ) ;
#802 = FILL_AREA_STYLE ('',( #1237 ) ) ;
#803 = AXIS2_PLACEMENT_3D ( 'NONE', #1723, #1109, #199 ) ;
#804 = VECTOR ( 'NONE', #1668, 1000.000000000000000 ) ;
#805 = FILL_AREA_STYLE_COLOUR ( '', #1833 ) ;
#806 = SURFACE_SIDE_STYLE ('',( #499 ) ) ;
#807 = VECTOR ( 'NONE', #795, 1000.000000000000000 ) ;
#808 =( NAMED_UNIT ( * ) SI_UNIT ( $, .STERADIAN. ) SOLID_ANGLE_UNIT ( ) );
#809 = SURFACE_SIDE_STYLE ('',( #1801 ) ) ;
#810 = COLOUR_RGB ( '',1.000000000000000000, 1.000000000000000000, 1.000000000000000000 ) ;
#811 = LINE ( 'NONE', #534, #415 ) ;
#812 =( LENGTH_UNIT ( ) NAMED_UNIT ( * ) SI_UNIT ( .MILLI., .METRE. ) );
#813 = UNCERTAINTY_MEASURE_WITH_UNIT (LENGTH_MEASURE( 1.000000000000000082E-05 ), #1960, 'distance_accuracy_value', 'NONE');
#814 = DIRECTION ( 'NONE',  ( 0.0000000000000000000, 0.0000000000000000000, 1.000000000000000000 ) ) ;
#815 = ORIENTED_EDGE ( 'NONE', *, *, #1194, .T. ) ;
#816 = SURFACE_SIDE_STYLE ('',( #66 ) ) ;
#817 = SURFACE_STYLE_FILL_AREA ( #1195 ) ;
#818 = VERTEX_POINT ( 'NONE', #1540 ) ;
#819 =( GEOMETRIC_REPRESENTATION_CONTEXT ( 3 ) GLOBAL_UNCERTAINTY_ASSIGNED_CONTEXT ( ( #160 ) ) GLOBAL_UNIT_ASSIGNED_CONTEXT ( ( #522, #384, #208 ) ) REPRESENTATION_CONTEXT ( 'NONE', 'WORKASPACE' ) );
#820 = EDGE_LOOP ( 'NONE', ( #927, #350, #1638, #1810 ) ) ;
#821 = DIRECTION ( 'NONE',  ( 1.000000000000000000, -0.0000000000000000000, -0.0000000000000000000 ) ) ;
#822 = EDGE_CURVE ( 'NONE', #1114, #1829, #1541, .T. ) ;
#823 = DIRECTION ( 'NONE',  ( 0.0000000000000000000, 1.000000000000000000, -8.673617379884035472E-17 ) ) ;
#824 = LINE ( 'NONE', #1494, #361 ) ;
#825 = FACE_OUTER_BOUND ( 'NONE', #313, .T. ) ;
#826 = AXIS2_PLACEMENT_3D ( 'NONE', #80, #239, #550 ) ;
#827 = LINE ( 'NONE', #1249, #807 ) ;
#828 = FILL_AREA_STYLE ('',( #693 ) ) ;
#829 = EDGE_CURVE ( 'NONE', #1469, #266, #309, .T. ) ;
#830 = VECTOR ( 'NONE', #1313, 1000.000000000000000 ) ;
#831 = AXIS2_PLACEMENT_3D ( 'NONE', #637, #1408, #1566 ) ;
#832 = FILL_AREA_STYLE ('',( #1749 ) ) ;
#833 = ORIENTED_EDGE ( 'NONE', *, *, #1425, .F. ) ;
#834 = LINE ( 'NONE', #922, #111 ) ;
#835 = ORIENTED_EDGE ( 'NONE', *, *, #921, .F. ) ;
#836 = FILL_AREA_STYLE_COLOUR ( '', #1630 ) ;
#837 = PRESENTATION_STYLE_ASSIGNMENT (( #598 ) ) ;
#838 = CARTESIAN_POINT ( 'NONE',  ( 5.500000000000000000, -1.249999999999998890, 2.500000000000001332 ) ) ;
#839 = ORIENTED_EDGE ( 'NONE', *, *, #738, .F. ) ;
#840 = AXIS2_PLACEMENT_3D ( 'NONE', #744, #1368, #904 ) ;
#841 = CARTESIAN_POINT ( 'NONE',  ( 5.500000000000000000, -1.249999999999998890, 2.350000000000001421 ) ) ;
#842 = CARTESIAN_POINT ( 'NONE',  ( 5.500000000000000000, 1.250000000000000222, 2.350000000000001421 ) ) ;
#843 = UNCERTAINTY_MEASURE_WITH_UNIT (LENGTH_MEASURE( 1.000000000000000082E-05 ), #365, 'distance_accuracy_value', 'NONE');
#844 =( NAMED_UNIT ( * ) SI_UNIT ( $, .STERADIAN. ) SOLID_ANGLE_UNIT ( ) );
#845 = LINE ( 'NONE', #536, #234 ) ;
#846 = SURFACE_SIDE_STYLE ('',( #1558 ) ) ;
#847 = STYLED_ITEM ( 'NONE', ( #28 ), #578 ) ;
#848 = VERTEX_POINT ( 'NONE', #1239 ) ;
#849 = MECHANICAL_DESIGN_GEOMETRIC_PRESENTATION_REPRESENTATION (  '', ( #205 ), #605 ) ;
#850 =( LENGTH_UNIT ( ) NAMED_UNIT ( * ) SI_UNIT ( .MILLI., .METRE. ) );
#851 = SPHERICAL_SURFACE ( 'NONE', #1945, 0.1499999999999999944 ) ;
#852 = VECTOR ( 'NONE', #1004, 1000.000000000000000 ) ;
#853 = EDGE_CURVE ( 'NONE', #796, #963, #341, .T. ) ;
#854 = CARTESIAN_POINT ( 'NONE',  ( 0.2000000000000000111, 1.250000000000000222, 2.350000000000001421 ) ) ;
#855 = ORIENTED_EDGE ( 'NONE', *, *, #1027, .T. ) ;
#856 =( LENGTH_UNIT ( ) NAMED_UNIT ( * ) SI_UNIT ( .MILLI., .METRE. ) );
#857 = VERTEX_POINT ( 'NONE', #1246 ) ;
#858 = AXIS2_PLACEMENT_3D ( 'NONE', #964, #1105, #951 ) ;
#859 = STYLED_ITEM ( 'NONE', ( #1597 ), #867 ) ;
#860 = ORIENTED_EDGE ( 'NONE', *, *, #1747, .T. ) ;
#861 = FILL_AREA_STYLE ('',( #1465 ) ) ;
#862 = ADVANCED_FACE ( 'NONE', ( #241 ), #495, .F. ) ;
#863 = COLOUR_RGB ( '',0.9960784313725490335, 0.8705882352941176627, 0.7607843137254901578 ) ;
#864 = AXIS2_PLACEMENT_3D ( 'NONE', #1848, #17, #1841 ) ;
#865 = ORIENTED_EDGE ( 'NONE', *, *, #1610, .F. ) ;
#866 = PRESENTATION_LAYER_ASSIGNMENT (  '', '', ( #1325 ) ) ;
#867 = ADVANCED_FACE ( 'NONE', ( #1320 ), #989, .F. ) ;
#868 = EDGE_CURVE ( 'NONE', #1720, #591, #995, .T. ) ;
#869 = SURFACE_STYLE_FILL_AREA ( #1873 ) ;
#870 = SURFACE_STYLE_FILL_AREA ( #1529 ) ;
#871 =( LENGTH_UNIT ( ) NAMED_UNIT ( * ) SI_UNIT ( .MILLI., .METRE. ) );
#872 = SURFACE_STYLE_USAGE ( .BOTH. , #339 ) ;
#873 = VERTEX_POINT ( 'NONE', #410 ) ;
#874 = EDGE_LOOP ( 'NONE', ( #1785, #1305, #72, #1489 ) ) ;
#875 = SURFACE_STYLE_FILL_AREA ( #573 ) ;
#876 = ORIENTED_EDGE ( 'NONE', *, *, #990, .F. ) ;
#877 = CARTESIAN_POINT ( 'NONE',  ( 0.2000000000000000111, -1.249999999999999334, -2.349999999999998757 ) ) ;
#878 = MECHANICAL_DESIGN_GEOMETRIC_PRESENTATION_REPRESENTATION (  '', ( #1815 ), #966 ) ;
#879 = CARTESIAN_POINT ( 'NONE',  ( 0.1499999999999999944, -1.249999999999998890, 2.350000000000001421 ) ) ;
#880 = SURFACE_SIDE_STYLE ('',( #1589 ) ) ;
#881 = ADVANCED_FACE ( 'NONE', ( #1395 ), #1197, .T. ) ;
#882 = MECHANICAL_DESIGN_GEOMETRIC_PRESENTATION_REPRESENTATION (  '', ( #1649 ), #819 ) ;
#883 = EDGE_CURVE ( 'NONE', #591, #873, #811, .T. ) ;
#884 = DIRECTION ( 'NONE',  ( 0.0000000000000000000, 0.0000000000000000000, -1.000000000000000000 ) ) ;
#885 =( NAMED_UNIT ( * ) SI_UNIT ( $, .STERADIAN. ) SOLID_ANGLE_UNIT ( ) );
#886 = PRESENTATION_STYLE_ASSIGNMENT (( #1919 ) ) ;
#887 = SPHERICAL_SURFACE ( 'NONE', #1350, 0.1499999999999999944 ) ;
#888 = ORIENTED_EDGE ( 'NONE', *, *, #1781, .F. ) ;
#889 = CARTESIAN_POINT ( 'NONE',  ( 5.500000000000000888, -1.399999999999998801, 2.350000000000001421 ) ) ;
#890 = VECTOR ( 'NONE', #982, 1000.000000000000000 ) ;
#891 = FILL_AREA_STYLE ('',( #1331 ) ) ;
#892 = MECHANICAL_DESIGN_GEOMETRIC_PRESENTATION_REPRESENTATION (  '', ( #701 ), #4 ) ;
#893 = CARTESIAN_POINT ( 'NONE',  ( 0.1499999999999999944, 1.250000000000000666, -2.349999999999998757 ) ) ;
#894 = DIRECTION ( 'NONE',  ( 0.0000000000000000000, -8.673617379884035472E-17, -1.000000000000000000 ) ) ;
#895 = FILL_AREA_STYLE ('',( #1244 ) ) ;
#896 = CARTESIAN_POINT ( 'NONE',  ( 5.500000000000000888, 0.0000000000000000000, 0.0000000000000000000 ) ) ;
#897 = UNCERTAINTY_MEASURE_WITH_UNIT (LENGTH_MEASURE( 1.000000000000000082E-05 ), #378, 'distance_accuracy_value', 'NONE');
#898 = ORIENTED_EDGE ( 'NONE', *, *, #1781, .T. ) ;
#899 = ORIENTED_EDGE ( 'NONE', *, *, #1294, .T. ) ;
#900 = PRODUCT_CONTEXT ( 'NONE', #595, 'mechanical' ) ;
#901 = ADVANCED_FACE ( 'NONE', ( #1568 ), #1660, .T. ) ;
#902 = DIRECTION ( 'NONE',  ( -1.000000000000000000, -0.0000000000000000000, -0.0000000000000000000 ) ) ;
#903 = CARTESIAN_POINT ( 'NONE',  ( 5.500000000000000000, -1.249999999999999334, -2.349999999999998757 ) ) ;
#904 = DIRECTION ( 'NONE',  ( 0.0000000000000000000, 0.0000000000000000000, -1.000000000000000000 ) ) ;
#905 = EDGE_LOOP ( 'NONE', ( #1602, #665, #597, #1177 ) ) ;
#906 =( GEOMETRIC_REPRESENTATION_CONTEXT ( 3 ) GLOBAL_UNCERTAINTY_ASSIGNED_CONTEXT ( ( #1759 ) ) GLOBAL_UNIT_ASSIGNED_CONTEXT ( ( #856, #1928, #726 ) ) REPRESENTATION_CONTEXT ( 'NONE', 'WORKASPACE' ) );
#907 = DIRECTION ( 'NONE',  ( 0.0000000000000000000, -1.000000000000000000, -8.673617379884035472E-17 ) ) ;
#908 =( NAMED_UNIT ( * ) SI_UNIT ( $, .STERADIAN. ) SOLID_ANGLE_UNIT ( ) );
#909 = FILL_AREA_STYLE ('',( #613 ) ) ;
#910 = CARTESIAN_POINT ( 'NONE',  ( 5.500000000000000000, 1.250000000000000666, -2.349999999999998757 ) ) ;
#911 = MECHANICAL_DESIGN_GEOMETRIC_PRESENTATION_REPRESENTATION (  '', ( #1628 ), #1734 ) ;
#912 = CARTESIAN_POINT ( 'NONE',  ( 5.500000000000000888, -1.249999999999999334, -2.499999999999998668 ) ) ;
#913 = DIRECTION ( 'NONE',  ( -1.000000000000000000, 0.0000000000000000000, 0.0000000000000000000 ) ) ;
#914 = SPHERICAL_SURFACE ( 'NONE', #1178, 0.1499999999999999944 ) ;
#915 = CARTESIAN_POINT ( 'NONE',  ( 5.500000000000000888, -1.399999999999999245, -2.349999999999998757 ) ) ;
#916 = FILL_AREA_STYLE_COLOUR ( '', #1337 ) ;
#917 =( NAMED_UNIT ( * ) SI_UNIT ( $, .STERADIAN. ) SOLID_ANGLE_UNIT ( ) );
#918 = ORIENTED_EDGE ( 'NONE', *, *, #944, .F. ) ;
#919 = DIRECTION ( 'NONE',  ( -0.0000000000000000000, -1.000000000000000000, -0.0000000000000000000 ) ) ;
#920 = LINE ( 'NONE', #1200, #277 ) ;
#921 = EDGE_CURVE ( 'NONE', #1074, #1138, #506, .T. ) ;
#922 = CARTESIAN_POINT ( 'NONE',  ( 5.500000000000000000, -1.249999999999999334, -2.499999999999998668 ) ) ;
#923 = AXIS2_PLACEMENT_3D ( 'NONE', #841, #1608, #246 ) ;
#924 = SURFACE_SIDE_STYLE ('',( #579 ) ) ;
#925 = SURFACE_SIDE_STYLE ('',( #64 ) ) ;
#926 = UNCERTAINTY_MEASURE_WITH_UNIT (LENGTH_MEASURE( 1.000000000000000082E-05 ), #1033, 'distance_accuracy_value', 'NONE');
#927 = ORIENTED_EDGE ( 'NONE', *, *, #1902, .T. ) ;
#928 =( NAMED_UNIT ( * ) PLANE_ANGLE_UNIT ( ) SI_UNIT ( $, .RADIAN. ) );
#929 = EDGE_CURVE ( 'NONE', #1485, #1980, #1761, .T. ) ;
#930 = ORIENTED_EDGE ( 'NONE', *, *, #1491, .F. ) ;
#931 = AXIS2_PLACEMENT_3D ( 'NONE', #1586, #531, #1596 ) ;
#932 = DIRECTION ( 'NONE',  ( 1.000000000000000000, -0.0000000000000000000, -0.0000000000000000000 ) ) ;
#933 = VERTEX_POINT ( 'NONE', #42 ) ;
#934 = CARTESIAN_POINT ( 'NONE',  ( 5.500000000000000000, -1.399999999999998801, 2.350000000000001421 ) ) ;
#935 = ORIENTED_EDGE ( 'NONE', *, *, #77, .T. ) ;
#936 = DIRECTION ( 'NONE',  ( 0.0000000000000000000, 0.0000000000000000000, -1.000000000000000000 ) ) ;
#937 = DIRECTION ( 'NONE',  ( -0.0000000000000000000, 1.000000000000000000, 0.0000000000000000000 ) ) ;
#938 =( LENGTH_UNIT ( ) NAMED_UNIT ( * ) SI_UNIT ( .MILLI., .METRE. ) );
#939 = DIRECTION ( 'NONE',  ( 0.0000000000000000000, 8.673617379884035472E-17, -1.000000000000000000 ) ) ;
#940 = AXIS2_PLACEMENT_3D ( 'NONE', #879, #1038, #469 ) ;
#941 = DIRECTION ( 'NONE',  ( 0.0000000000000000000, -1.000000000000000000, 0.0000000000000000000 ) ) ;
#942 =( LENGTH_UNIT ( ) NAMED_UNIT ( * ) SI_UNIT ( .MILLI., .METRE. ) );
#943 = STYLED_ITEM ( 'NONE', ( #517 ), #76 ) ;
#944 = EDGE_CURVE ( 'NONE', #1021, #405, #91, .T. ) ;
#945 = FACE_OUTER_BOUND ( 'NONE', #1165, .T. ) ;
#946 = DIRECTION ( 'NONE',  ( 1.000000000000000000, 0.0000000000000000000, 0.0000000000000000000 ) ) ;
#947 = PRESENTATION_STYLE_ASSIGNMENT (( #349 ) ) ;
#948 = DIRECTION ( 'NONE',  ( 1.000000000000000000, -0.0000000000000000000, -0.0000000000000000000 ) ) ;
#949 = PRESENTATION_STYLE_ASSIGNMENT (( #872 ) ) ;
#950 = SURFACE_STYLE_FILL_AREA ( #1411 ) ;
#951 = DIRECTION ( 'NONE',  ( 0.0000000000000000000, 0.0000000000000000000, -1.000000000000000000 ) ) ;
#952 = CARTESIAN_POINT ( 'NONE',  ( 5.549999999999999822, 1.250000000000000222, 2.350000000000001421 ) ) ;
#953 = COLOUR_RGB ( '',1.000000000000000000, 1.000000000000000000, 1.000000000000000000 ) ;
#954 = SURFACE_STYLE_USAGE ( .BOTH. , #1727 ) ;
#955 = STYLED_ITEM ( 'NONE', ( #837 ), #602 ) ;
#956 = ORIENTED_EDGE ( 'NONE', *, *, #829, .T. ) ;
#957 = MECHANICAL_DESIGN_GEOMETRIC_PRESENTATION_REPRESENTATION (  '', ( #1118 ), #1311 ) ;
#958 = UNCERTAINTY_MEASURE_WITH_UNIT (LENGTH_MEASURE( 1.000000000000000082E-05 ), #942, 'distance_accuracy_value', 'NONE');
#959 = EDGE_LOOP ( 'NONE', ( #898, #1096, #676, #181 ) ) ;
#960 = SURFACE_SIDE_STYLE ('',( #1497 ) ) ;
#961 = CARTESIAN_POINT ( 'NONE',  ( 5.500000000000000888, 1.250000000000000666, -2.499999999999998668 ) ) ;
#962 = EDGE_CURVE ( 'NONE', #1469, #1282, #712, .T. ) ;
#963 = VERTEX_POINT ( 'NONE', #1327 ) ;
#964 = CARTESIAN_POINT ( 'NONE',  ( 5.549999999999999822, -1.249999999999998890, 2.350000000000001421 ) ) ;
#965 = CARTESIAN_POINT ( 'NONE',  ( 0.0000000000000000000, -1.249999999999999334, -2.349999999999998757 ) ) ;
#966 =( GEOMETRIC_REPRESENTATION_CONTEXT ( 3 ) GLOBAL_UNCERTAINTY_ASSIGNED_CONTEXT ( ( #357 ) ) GLOBAL_UNIT_ASSIGNED_CONTEXT ( ( #1564, #347, #794 ) ) REPRESENTATION_CONTEXT ( 'NONE', 'WORKASPACE' ) );
#967 =( LENGTH_UNIT ( ) NAMED_UNIT ( * ) SI_UNIT ( .MILLI., .METRE. ) );
#968 = PRESENTATION_LAYER_ASSIGNMENT (  '', '', ( #587 ) ) ;
#969 = COLOUR_RGB ( '',1.000000000000000000, 1.000000000000000000, 1.000000000000000000 ) ;
#970 = CYLINDRICAL_SURFACE ( 'NONE', #478, 0.1499999999999999667 ) ;
#971 = EDGE_CURVE ( 'NONE', #1937, #818, #1855, .T. ) ;
#972 = DIRECTION ( 'NONE',  ( 0.0000000000000000000, -8.673617379884035472E-17, 1.000000000000000000 ) ) ;
#973 = CARTESIAN_POINT ( 'NONE',  ( 0.0000000000000000000, -1.249999999999999112, 1.084202172485503694E-16 ) ) ;
#974 =( NAMED_UNIT ( * ) PLANE_ANGLE_UNIT ( ) SI_UNIT ( $, .RADIAN. ) );
#975 = FILL_AREA_STYLE ('',( #1269 ) ) ;
#976 = AXIS2_PLACEMENT_3D ( 'NONE', #262, #1790, #1941 ) ;
#977 = ORIENTED_EDGE ( 'NONE', *, *, #1807, .T. ) ;
#978 = FACE_OUTER_BOUND ( 'NONE', #1539, .T. ) ;
#979 = AXIS2_PLACEMENT_3D ( 'NONE', #1912, #1285, #248 ) ;
#980 =( LENGTH_UNIT ( ) NAMED_UNIT ( * ) SI_UNIT ( .MILLI., .METRE. ) );
#981 = ORIENTED_EDGE ( 'NONE', *, *, #1951, .T. ) ;
#982 = DIRECTION ( 'NONE',  ( -1.000000000000000000, -0.0000000000000000000, -0.0000000000000000000 ) ) ;
#983 = DIRECTION ( 'NONE',  ( -1.000000000000000000, 0.0000000000000000000, 0.0000000000000000000 ) ) ;
#984 = PRESENTATION_LAYER_ASSIGNMENT (  '', '', ( #395 ) ) ;
#985 = SURFACE_STYLE_USAGE ( .BOTH. , #1898 ) ;
#986 = PRESENTATION_LAYER_ASSIGNMENT (  '', '', ( #37 ) ) ;
#987 = DIRECTION ( 'NONE',  ( 1.000000000000000000, 0.0000000000000000000, 0.0000000000000000000 ) ) ;
#988 = VECTOR ( 'NONE', #1446, 1000.000000000000000 ) ;
#989 = PLANE ( 'NONE',  #826 ) ;
#990 = EDGE_CURVE ( 'NONE', #1201, #848, #217, .T. ) ;
#991 = DIRECTION ( 'NONE',  ( 0.0000000000000000000, -0.0000000000000000000, 1.000000000000000000 ) ) ;
#992 = PRESENTATION_STYLE_ASSIGNMENT (( #12 ) ) ;
#993 = COLOUR_RGB ( '',1.000000000000000000, 1.000000000000000000, 1.000000000000000000 ) ;
#994 = VECTOR ( 'NONE', #375, 1000.000000000000000 ) ;
#995 = CIRCLE ( 'NONE', #1583, 0.1499999999999999667 ) ;
#996 = SPHERICAL_SURFACE ( 'NONE', #940, 0.1499999999999999944 ) ;
#997 = VERTEX_POINT ( 'NONE', #1605 ) ;
#998 = CARTESIAN_POINT ( 'NONE',  ( 5.549999999999999822, -1.399999999999999245, -2.349999999999998757 ) ) ;
#999 = VECTOR ( 'NONE', #1805, 1000.000000000000000 ) ;
#1000 = DIRECTION ( 'NONE',  ( -1.000000000000000000, -0.0000000000000000000, -0.0000000000000000000 ) ) ;
#1001 = ORIENTED_EDGE ( 'NONE', *, *, #1682, .T. ) ;
#1002 = STYLED_ITEM ( 'NONE', ( #1256 ), #1053 ) ;
#1003 = PRESENTATION_STYLE_ASSIGNMENT (( #431 ) ) ;
#1004 = DIRECTION ( 'NONE',  ( 0.0000000000000000000, -9.227252531791526626E-17, 1.000000000000000000 ) ) ;
#1005 = ORIENTED_EDGE ( 'NONE', *, *, #751, .F. ) ;
#1006 = CARTESIAN_POINT ( 'NONE',  ( 0.0000000000000000000, 0.0000000000000000000, 0.0000000000000000000 ) ) ;
#1007 = SURFACE_STYLE_FILL_AREA ( #802 ) ;
#1008 = FACE_OUTER_BOUND ( 'NONE', #220, .T. ) ;
#1009 = MECHANICAL_DESIGN_GEOMETRIC_PRESENTATION_REPRESENTATION (  '', ( #847 ), #514 ) ;
#1010 = PRESENTATION_STYLE_ASSIGNMENT (( #1832 ) ) ;
#1011 = PRESENTATION_STYLE_ASSIGNMENT (( #1788 ) ) ;
#1012 = PRESENTATION_LAYER_ASSIGNMENT (  '', '', ( #398 ) ) ;
#1013 = DIRECTION ( 'NONE',  ( 0.0000000000000000000, -1.000000000000000000, -9.227252531791526626E-17 ) ) ;
#1014 = ORIENTED_EDGE ( 'NONE', *, *, #1023, .T. ) ;
#1015 = VECTOR ( 'NONE', #1257, 1000.000000000000000 ) ;
#1016 = FACE_OUTER_BOUND ( 'NONE', #1693, .T. ) ;
#1017 = CARTESIAN_POINT ( 'NONE',  ( 0.2000000000000000111, 1.400000000000000577, -2.349999999999998757 ) ) ;
#1018 = COLOUR_RGB ( '',1.000000000000000000, 1.000000000000000000, 1.000000000000000000 ) ;
#1019 = FACE_OUTER_BOUND ( 'NONE', #456, .T. ) ;
#1020 = DIRECTION ( 'NONE',  ( 0.0000000000000000000, 8.673617379884035472E-17, 1.000000000000000000 ) ) ;
#1021 = VERTEX_POINT ( 'NONE', #537 ) ;
#1022 = CYLINDRICAL_SURFACE ( 'NONE', #976, 0.1499999999999999667 ) ;
#1023 = EDGE_CURVE ( 'NONE', #1351, #583, #90, .T. ) ;
#1024 = ORIENTED_EDGE ( 'NONE', *, *, #1885, .F. ) ;
#1025 = AXIS2_PLACEMENT_3D ( 'NONE', #1536, #946, #623 ) ;
#1026 = DIRECTION ( 'NONE',  ( -0.0000000000000000000, 0.0000000000000000000, -1.000000000000000000 ) ) ;
#1027 = EDGE_CURVE ( 'NONE', #647, #699, #187, .T. ) ;
#1028 = MECHANICAL_DESIGN_GEOMETRIC_PRESENTATION_REPRESENTATION (  '', ( #1698 ), #1169 ) ;
#1029 = CARTESIAN_POINT ( 'NONE',  ( 5.500000000000000000, -1.249999999999998890, 2.350000000000001421 ) ) ;
#1030 = ADVANCED_FACE ( 'NONE', ( #1135 ), #1369, .T. ) ;
#1031 = DIRECTION ( 'NONE',  ( 0.0000000000000000000, 9.227252531791526626E-17, -1.000000000000000000 ) ) ;
#1032 = COLOUR_RGB ( '',1.000000000000000000, 1.000000000000000000, 1.000000000000000000 ) ;
#1033 =( LENGTH_UNIT ( ) NAMED_UNIT ( * ) SI_UNIT ( .MILLI., .METRE. ) );
#1034 = MECHANICAL_DESIGN_GEOMETRIC_PRESENTATION_REPRESENTATION (  '', ( #663 ), #409 ) ;
#1035 = PRESENTATION_LAYER_ASSIGNMENT (  '', '', ( #943 ) ) ;
#1036 = EDGE_CURVE ( 'NONE', #1021, #344, #67, .T. ) ;
#1037 = FILL_AREA_STYLE_COLOUR ( '', #94 ) ;
#1038 = DIRECTION ( 'NONE',  ( -0.0000000000000000000, 1.000000000000000000, 0.0000000000000000000 ) ) ;
#1039 = PRESENTATION_STYLE_ASSIGNMENT (( #1198 ) ) ;
#1040 = ORIENTED_EDGE ( 'NONE', *, *, #765, .T. ) ;
#1041 = SURFACE_STYLE_FILL_AREA ( #1180 ) ;
#1042 = ORIENTED_EDGE ( 'NONE', *, *, #765, .F. ) ;
#1043 = EDGE_LOOP ( 'NONE', ( #1374, #486, #552, #899, #523, #422, #1421, #588 ) ) ;
#1044 = CARTESIAN_POINT ( 'NONE',  ( 5.549999999999999822, 1.250000000000000222, 2.350000000000001421 ) ) ;
#1045 = UNCERTAINTY_MEASURE_WITH_UNIT (LENGTH_MEASURE( 1.000000000000000082E-05 ), #812, 'distance_accuracy_value', 'NONE');
#1046 =( GEOMETRIC_REPRESENTATION_CONTEXT ( 3 ) GLOBAL_UNCERTAINTY_ASSIGNED_CONTEXT ( ( #702 ) ) GLOBAL_UNIT_ASSIGNED_CONTEXT ( ( #149, #307, #1360 ) ) REPRESENTATION_CONTEXT ( 'NONE', 'WORKASPACE' ) );
#1047 = ORIENTED_EDGE ( 'NONE', *, *, #661, .F. ) ;
#1048 =( NAMED_UNIT ( * ) SI_UNIT ( $, .STERADIAN. ) SOLID_ANGLE_UNIT ( ) );
#1049 = CARTESIAN_POINT ( 'NONE',  ( 0.2000000000000000111, -1.249999999999998890, 2.350000000000001421 ) ) ;
#1050 = FILL_AREA_STYLE ('',( #1976 ) ) ;
#1051 = SURFACE_STYLE_USAGE ( .BOTH. , #1656 ) ;
#1052 = AXIS2_PLACEMENT_3D ( 'NONE', #1677, #983, #1573 ) ;
#1053 = ADVANCED_FACE ( 'NONE', ( #1016 ), #1592, .F. ) ;
#1054 = CARTESIAN_POINT ( 'NONE',  ( 5.700000000000000178, 1.250000000000000666, -2.349999999999998757 ) ) ;
#1055 = EDGE_CURVE ( 'NONE', #134, #1282, #691, .T. ) ;
#1056 = DIRECTION ( 'NONE',  ( 1.000000000000000000, 0.0000000000000000000, 0.0000000000000000000 ) ) ;
#1057 = APPLICATION_CONTEXT ( 'automotive_design' ) ;
#1058 = SURFACE_SIDE_STYLE ('',( #1132 ) ) ;
#1059 = FILL_AREA_STYLE ('',( #1947 ) ) ;
#1060 =( NAMED_UNIT ( * ) SI_UNIT ( $, .STERADIAN. ) SOLID_ANGLE_UNIT ( ) );
#1061 = SURFACE_STYLE_FILL_AREA ( #54 ) ;
#1062 = DIRECTION ( 'NONE',  ( -1.000000000000000000, 0.0000000000000000000, -0.0000000000000000000 ) ) ;
#1063 = PRESENTATION_LAYER_ASSIGNMENT (  '', '', ( #1795 ) ) ;
#1064 = CARTESIAN_POINT ( 'NONE',  ( 0.2000000000000000111, 1.250000000000000222, 2.350000000000001421 ) ) ;
#1065 = MECHANICAL_DESIGN_GEOMETRIC_PRESENTATION_REPRESENTATION (  '', ( #587 ), #1160 ) ;
#1066 = LINE ( 'NONE', #510, #670 ) ;
#1067 = DIRECTION ( 'NONE',  ( 1.000000000000000000, -0.0000000000000000000, -0.0000000000000000000 ) ) ;
#1068 = PRESENTATION_STYLE_ASSIGNMENT (( #1549 ) ) ;
#1069 = EDGE_CURVE ( 'NONE', #583, #1565, #1637, .T. ) ;
#1070 = CARTESIAN_POINT ( 'NONE',  ( 5.549999999999999822, -1.399999999999999245, -2.499999999999998668 ) ) ;
#1071 = ORIENTED_EDGE ( 'NONE', *, *, #1069, .F. ) ;
#1072 = LINE ( 'NONE', #581, #999 ) ;
#1073 = CARTESIAN_POINT ( 'NONE',  ( 0.2000000000000000111, -1.249999999999999334, -2.349999999999998757 ) ) ;
#1074 = VERTEX_POINT ( 'NONE', #1078 ) ;
#1075 =( NAMED_UNIT ( * ) PLANE_ANGLE_UNIT ( ) SI_UNIT ( $, .RADIAN. ) );
#1076 = CARTESIAN_POINT ( 'NONE',  ( 0.1499999999999999944, -1.399999999999999245, -2.499999999999998668 ) ) ;
#1077 = ORIENTED_EDGE ( 'NONE', *, *, #1230, .F. ) ;
#1078 = CARTESIAN_POINT ( 'NONE',  ( 5.500000000000000000, -1.399999999999999245, -2.349999999999998757 ) ) ;
#1079 = STYLED_ITEM ( 'NONE', ( #1303 ), #729 ) ;
#1080 = CARTESIAN_POINT ( 'NONE',  ( 5.500000000000000888, -1.399999999999998801, 2.350000000000001421 ) ) ;
#1081 = DIRECTION ( 'NONE',  ( 1.000000000000000000, 0.0000000000000000000, 0.0000000000000000000 ) ) ;
#1082 =( LENGTH_UNIT ( ) NAMED_UNIT ( * ) SI_UNIT ( .MILLI., .METRE. ) );
#1083 = AXIS2_PLACEMENT_3D ( 'NONE', #1836, #645, #1102 ) ;
#1084 = CARTESIAN_POINT ( 'NONE',  ( 0.2000000000000000111, 1.250000000000000222, 2.500000000000001332 ) ) ;
#1085 =( NAMED_UNIT ( * ) SI_UNIT ( $, .STERADIAN. ) SOLID_ANGLE_UNIT ( ) );
#1086 = ORIENTED_EDGE ( 'NONE', *, *, #929, .F. ) ;
#1087 = DIRECTION ( 'NONE',  ( 0.0000000000000000000, -1.000000000000000000, 0.0000000000000000000 ) ) ;
#1088 = DIRECTION ( 'NONE',  ( 0.0000000000000000000, 0.0000000000000000000, -1.000000000000000000 ) ) ;
#1089 = VECTOR ( 'NONE', #1453, 1000.000000000000000 ) ;
#1090 = EDGE_CURVE ( 'NONE', #1523, #1886, #1318, .T. ) ;
#1091 = DIRECTION ( 'NONE',  ( -1.000000000000000000, -0.0000000000000000000, -0.0000000000000000000 ) ) ;
#1092 = STYLED_ITEM ( 'NONE', ( #364 ), #1354 ) ;
#1093 = CARTESIAN_POINT ( 'NONE',  ( 5.549999999999999822, -1.249999999999999334, -2.499999999999998668 ) ) ;
#1094 =( NAMED_UNIT ( * ) PLANE_ANGLE_UNIT ( ) SI_UNIT ( $, .RADIAN. ) );
#1095 = VECTOR ( 'NONE', #480, 1000.000000000000000 ) ;
#1096 = ORIENTED_EDGE ( 'NONE', *, *, #853, .F. ) ;
#1097 = EDGE_CURVE ( 'NONE', #857, #263, #1594, .T. ) ;
#1098 = EDGE_LOOP ( 'NONE', ( #196, #815, #1623 ) ) ;
#1099 = ORIENTED_EDGE ( 'NONE', *, *, #780, .T. ) ;
#1100 = CARTESIAN_POINT ( 'NONE',  ( 0.1499999999999999944, -1.399999999999998801, 2.500000000000001332 ) ) ;
#1101 =( NAMED_UNIT ( * ) PLANE_ANGLE_UNIT ( ) SI_UNIT ( $, .RADIAN. ) );
#1102 = DIRECTION ( 'NONE',  ( 0.0000000000000000000, 0.0000000000000000000, -1.000000000000000000 ) ) ;
#1103 =( NAMED_UNIT ( * ) PLANE_ANGLE_UNIT ( ) SI_UNIT ( $, .RADIAN. ) );
#1104 = PRESENTATION_LAYER_ASSIGNMENT (  '', '', ( #1002 ) ) ;
#1105 = DIRECTION ( 'NONE',  ( -0.0000000000000000000, 1.000000000000000000, -0.0000000000000000000 ) ) ;
#1106 = DIRECTION ( 'NONE',  ( 0.0000000000000000000, -0.0000000000000000000, 1.000000000000000000 ) ) ;
#1107 = FACE_OUTER_BOUND ( 'NONE', #1264, .T. ) ;
#1108 = PRESENTATION_STYLE_ASSIGNMENT (( #412 ) ) ;
#1109 = DIRECTION ( 'NONE',  ( 1.000000000000000000, 0.0000000000000000000, 0.0000000000000000000 ) ) ;
#1110 = LINE ( 'NONE', #185, #1613 ) ;
#1111 = CARTESIAN_POINT ( 'NONE',  ( 0.2000000000000000111, -1.399999999999998801, 2.500000000000001332 ) ) ;
#1112 = PRESENTATION_STYLE_ASSIGNMENT (( #483 ) ) ;
#1113 = FILL_AREA_STYLE ('',( #191 ) ) ;
#1114 = VERTEX_POINT ( 'NONE', #641 ) ;
#1115 = VECTOR ( 'NONE', #1081, 1000.000000000000000 ) ;
#1116 = AXIS2_PLACEMENT_3D ( 'NONE', #1064, #1817, #1953 ) ;
#1117 = EDGE_LOOP ( 'NONE', ( #269, #876, #502 ) ) ;
#1118 = STYLED_ITEM ( 'NONE', ( #370 ), #1204 ) ;
#1119 = PRESENTATION_STYLE_ASSIGNMENT (( #1205 ) ) ;
#1120 = FILL_AREA_STYLE_COLOUR ( '', #711 ) ;
#1121 = ORIENTED_EDGE ( 'NONE', *, *, #493, .T. ) ;
#1122 = DIRECTION ( 'NONE',  ( 0.0000000000000000000, -1.000000000000000000, 0.0000000000000000000 ) ) ;
#1123 = DIRECTION ( 'NONE',  ( -1.000000000000000000, 0.0000000000000000000, 0.0000000000000000000 ) ) ;
#1124 = CARTESIAN_POINT ( 'NONE',  ( 5.500000000000000000, -1.399999999999998801, 2.350000000000001421 ) ) ;
#1125 = DIRECTION ( 'NONE',  ( 0.0000000000000000000, -8.673617379884035472E-17, -1.000000000000000000 ) ) ;
#1126 = AXIS2_PLACEMENT_3D ( 'NONE', #854, #1762, #1925 ) ;
#1127 = MECHANICAL_DESIGN_GEOMETRIC_PRESENTATION_REPRESENTATION (  '', ( #1721 ), #1222 ) ;
#1128 = SPHERICAL_SURFACE ( 'NONE', #1083, 0.1499999999999999944 ) ;
#1129 = SURFACE_STYLE_FILL_AREA ( #891 ) ;
#1130 = EDGE_CURVE ( 'NONE', #650, #671, #1658, .T. ) ;
#1131 = PRESENTATION_LAYER_ASSIGNMENT (  '', '', ( #1698 ) ) ;
#1132 = SURFACE_STYLE_FILL_AREA ( #455 ) ;
#1133 = PLANE ( 'NONE',  #1745 ) ;
#1134 = UNCERTAINTY_MEASURE_WITH_UNIT (LENGTH_MEASURE( 1.000000000000000082E-05 ), #1525, 'distance_accuracy_value', 'NONE');
#1135 = FACE_OUTER_BOUND ( 'NONE', #400, .T. ) ;
#1136 = PLANE ( 'NONE',  #1553 ) ;
#1137 = PRESENTATION_LAYER_ASSIGNMENT (  '', '', ( #1440 ) ) ;
#1138 = VERTEX_POINT ( 'NONE', #607 ) ;
#1139 = FACE_OUTER_BOUND ( 'NONE', #1894, .T. ) ;
#1140 = SURFACE_STYLE_USAGE ( .BOTH. , #809 ) ;
#1141 = ORIENTED_EDGE ( 'NONE', *, *, #1913, .F. ) ;
#1142 = STYLED_ITEM ( 'NONE', ( #886 ), #1940 ) ;
#1143 = EDGE_LOOP ( 'NONE', ( #977, #1584, #1642, #165 ) ) ;
#1144 = FILL_AREA_STYLE ('',( #1326 ) ) ;
#1145 = FILL_AREA_STYLE ('',( #396 ) ) ;
#1146 = SURFACE_SIDE_STYLE ('',( #556 ) ) ;
#1147 = AXIS2_PLACEMENT_3D ( 'NONE', #287, #142, #577 ) ;
#1148 = CYLINDRICAL_SURFACE ( 'NONE', #979, 0.1499999999999999667 ) ;
#1149 = STYLED_ITEM ( 'NONE', ( #1011 ), #1328 ) ;
#1150 = PRESENTATION_STYLE_ASSIGNMENT (( #1267 ) ) ;
#1151 = FILL_AREA_STYLE ('',( #362 ) ) ;
#1152 = COLOUR_RGB ( '',0.7921568627450980005, 0.8196078431372548767, 0.9333333333333333481 ) ;
#1153 = EDGE_CURVE ( 'NONE', #1282, #1201, #580, .T. ) ;
#1154 = FACE_OUTER_BOUND ( 'NONE', #820, .T. ) ;
#1155 = UNCERTAINTY_MEASURE_WITH_UNIT (LENGTH_MEASURE( 1.000000000000000082E-05 ), #980, 'distance_accuracy_value', 'NONE');
#1156 = PLANE ( 'NONE',  #774 ) ;
#1157 =( GEOMETRIC_REPRESENTATION_CONTEXT ( 3 ) GLOBAL_UNCERTAINTY_ASSIGNED_CONTEXT ( ( #1045 ) ) GLOBAL_UNIT_ASSIGNED_CONTEXT ( ( #812, #1101, #1703 ) ) REPRESENTATION_CONTEXT ( 'NONE', 'WORKASPACE' ) );
#1158 = VERTEX_POINT ( 'NONE', #912 ) ;
#1159 = ORIENTED_EDGE ( 'NONE', *, *, #26, .F. ) ;
#1160 =( GEOMETRIC_REPRESENTATION_CONTEXT ( 3 ) GLOBAL_UNCERTAINTY_ASSIGNED_CONTEXT ( ( #746 ) ) GLOBAL_UNIT_ASSIGNED_CONTEXT ( ( #1922, #1405, #250 ) ) REPRESENTATION_CONTEXT ( 'NONE', 'WORKASPACE' ) );
#1161 = ORIENTED_EDGE ( 'NONE', *, *, #1097, .T. ) ;
#1162 = CIRCLE ( 'NONE', #1255, 0.1499999999999999667 ) ;
#1163 =( NAMED_UNIT ( * ) PLANE_ANGLE_UNIT ( ) SI_UNIT ( $, .RADIAN. ) );
#1164 = EDGE_CURVE ( 'NONE', #344, #1937, #45, .T. ) ;
#1165 = EDGE_LOOP ( 'NONE', ( #1783, #404, #1514, #109 ) ) ;
#1166 = ADVANCED_FACE ( 'NONE', ( #558 ), #1509, .F. ) ;
#1167 = SURFACE_STYLE_USAGE ( .BOTH. , #554 ) ;
#1168 = MECHANICAL_DESIGN_GEOMETRIC_PRESENTATION_REPRESENTATION (  '', ( #1079 ), #1376 ) ;
#1169 =( GEOMETRIC_REPRESENTATION_CONTEXT ( 3 ) GLOBAL_UNCERTAINTY_ASSIGNED_CONTEXT ( ( #958 ) ) GLOBAL_UNIT_ASSIGNED_CONTEXT ( ( #942, #974, #1603 ) ) REPRESENTATION_CONTEXT ( 'NONE', 'WORKASPACE' ) );
#1170 = DIRECTION ( 'NONE',  ( 1.000000000000000000, -0.0000000000000000000, -0.0000000000000000000 ) ) ;
#1171 = ADVANCED_FACE ( 'NONE', ( #107 ), #1903, .T. ) ;
#1172 = PRODUCT_DEFINITION ( 'UNKNOWN', '', #450, #31 ) ;
#1173 =( NAMED_UNIT ( * ) PLANE_ANGLE_UNIT ( ) SI_UNIT ( $, .RADIAN. ) );
#1174 = ORIENTED_EDGE ( 'NONE', *, *, #1274, .F. ) ;
#1175 = PRESENTATION_LAYER_ASSIGNMENT (  '', '', ( #1361 ) ) ;
#1176 =( NAMED_UNIT ( * ) PLANE_ANGLE_UNIT ( ) SI_UNIT ( $, .RADIAN. ) );
#1177 = ORIENTED_EDGE ( 'NONE', *, *, #1090, .T. ) ;
#1178 = AXIS2_PLACEMENT_3D ( 'NONE', #1215, #1341, #1846 ) ;
#1179 = ADVANCED_FACE ( 'NONE', ( #1502 ), #1878, .F. ) ;
#1180 = FILL_AREA_STYLE ('',( #299 ) ) ;
#1181 = UNCERTAINTY_MEASURE_WITH_UNIT (LENGTH_MEASURE( 1.000000000000000082E-05 ), #1224, 'distance_accuracy_value', 'NONE');
#1182 = EDGE_CURVE ( 'NONE', #857, #617, #664, .T. ) ;
#1183 =( LENGTH_UNIT ( ) NAMED_UNIT ( * ) SI_UNIT ( .MILLI., .METRE. ) );
#1184 = SURFACE_STYLE_FILL_AREA ( #1349 ) ;
#1185 = LINE ( 'NONE', #229, #1530 ) ;
#1186 =( NAMED_UNIT ( * ) PLANE_ANGLE_UNIT ( ) SI_UNIT ( $, .RADIAN. ) );
#1187 = APPLICATION_PROTOCOL_DEFINITION ( 'draft international standard', 'automotive_design', 1998, #752 ) ;
#1188 = ADVANCED_FACE ( 'NONE', ( #1828 ), #48, .F. ) ;
#1189 = PRESENTATION_LAYER_ASSIGNMENT (  '', '', ( #1721 ) ) ;
#1190 = VECTOR ( 'NONE', #352, 1000.000000000000000 ) ;
#1191 =( NAMED_UNIT ( * ) PLANE_ANGLE_UNIT ( ) SI_UNIT ( $, .RADIAN. ) );
#1192 = SURFACE_STYLE_USAGE ( .BOTH. , #147 ) ;
#1193 = SURFACE_STYLE_FILL_AREA ( #1050 ) ;
#1194 = EDGE_CURVE ( 'NONE', #1565, #1886, #755, .T. ) ;
#1195 = FILL_AREA_STYLE ('',( #1037 ) ) ;
#1196 = COLOUR_RGB ( '',1.000000000000000000, 1.000000000000000000, 1.000000000000000000 ) ;
#1197 = CYLINDRICAL_SURFACE ( 'NONE', #1304, 0.1499999999999999667 ) ;
#1198 = SURFACE_STYLE_USAGE ( .BOTH. , #150 ) ;
#1199 = SURFACE_STYLE_FILL_AREA ( #1482 ) ;
#1200 = CARTESIAN_POINT ( 'NONE',  ( 5.700000000000000178, -1.249999999999999112, 1.084202172485503694E-16 ) ) ;
#1201 = VERTEX_POINT ( 'NONE', #1895 ) ;
#1202 = ORIENTED_EDGE ( 'NONE', *, *, #223, .T. ) ;
#1203 =( LENGTH_UNIT ( ) NAMED_UNIT ( * ) SI_UNIT ( .MILLI., .METRE. ) );
#1204 = ADVANCED_FACE ( 'NONE', ( #159 ), #887, .T. ) ;
#1205 = SURFACE_STYLE_USAGE ( .BOTH. , #1971 ) ;
#1206 = STYLED_ITEM ( 'NONE', ( #1039 ), #719 ) ;
#1207 = ORIENTED_EDGE ( 'NONE', *, *, #1714, .F. ) ;
#1208 = SURFACE_STYLE_USAGE ( .BOTH. , #1961 ) ;
#1209 = ORIENTED_EDGE ( 'NONE', *, *, #1951, .F. ) ;
#1210 = UNCERTAINTY_MEASURE_WITH_UNIT (LENGTH_MEASURE( 1.000000000000000082E-05 ), #240, 'distance_accuracy_value', 'NONE');
#1211 = FILL_AREA_STYLE_COLOUR ( '', #1479 ) ;
#1212 = FILL_AREA_STYLE_COLOUR ( '', #1907 ) ;
#1213 = DIRECTION ( 'NONE',  ( -0.0000000000000000000, -1.000000000000000000, -0.0000000000000000000 ) ) ;
#1214 = DIRECTION ( 'NONE',  ( 1.000000000000000000, 0.0000000000000000000, 0.0000000000000000000 ) ) ;
#1215 = CARTESIAN_POINT ( 'NONE',  ( 0.1499999999999999944, -1.249999999999999334, -2.349999999999998757 ) ) ;
#1216 = VECTOR ( 'NONE', #1067, 1000.000000000000000 ) ;
#1217 = LINE ( 'NONE', #63, #1651 ) ;
#1218 = FILL_AREA_STYLE ('',( #171 ) ) ;
#1219 = CARTESIAN_POINT ( 'NONE',  ( 5.500000000000000000, -1.399999999999998801, 2.350000000000001421 ) ) ;
#1220 = AXIS2_PLACEMENT_3D ( 'NONE', #1533, #1213, #151 ) ;
#1221 = VECTOR ( 'NONE', #1543, 1000.000000000000000 ) ;
#1222 =( GEOMETRIC_REPRESENTATION_CONTEXT ( 3 ) GLOBAL_UNCERTAINTY_ASSIGNED_CONTEXT ( ( #389 ) ) GLOBAL_UNIT_ASSIGNED_CONTEXT ( ( #1203, #333, #1840 ) ) REPRESENTATION_CONTEXT ( 'NONE', 'WORKASPACE' ) );
#1223 = LINE ( 'NONE', #1017, #830 ) ;
#1224 =( LENGTH_UNIT ( ) NAMED_UNIT ( * ) SI_UNIT ( .MILLI., .METRE. ) );
#1225 = SURFACE_STYLE_FILL_AREA ( #1218 ) ;
#1226 = CARTESIAN_POINT ( 'NONE',  ( 0.1499999999999999944, 1.250000000000000222, 2.500000000000001332 ) ) ;
#1227 = ORIENTED_EDGE ( 'NONE', *, *, #1307, .T. ) ;
#1228 = SURFACE_STYLE_FILL_AREA ( #354 ) ;
#1229 = CARTESIAN_POINT ( 'NONE',  ( 5.500000000000000888, 1.400000000000000133, 2.350000000000001421 ) ) ;
#1230 = EDGE_CURVE ( 'NONE', #1576, #933, #1312, .T. ) ;
#1231 =( GEOMETRIC_REPRESENTATION_CONTEXT ( 3 ) GLOBAL_UNCERTAINTY_ASSIGNED_CONTEXT ( ( #1729 ) ) GLOBAL_UNIT_ASSIGNED_CONTEXT ( ( #1183, #1760, #1653 ) ) REPRESENTATION_CONTEXT ( 'NONE', 'WORKASPACE' ) );
#1232 = SURFACE_STYLE_FILL_AREA ( #451 ) ;
#1233 = FILL_AREA_STYLE_COLOUR ( '', #1018 ) ;
#1234 = ORIENTED_EDGE ( 'NONE', *, *, #1682, .F. ) ;
#1235 = FILL_AREA_STYLE ('',( #1498 ) ) ;
#1236 = EDGE_LOOP ( 'NONE', ( #1438, #1402, #1464, #413 ) ) ;
#1237 = FILL_AREA_STYLE_COLOUR ( '', #254 ) ;
#1238 = MECHANICAL_DESIGN_GEOMETRIC_PRESENTATION_REPRESENTATION (  '', ( #1440 ), #1548 ) ;
#1239 = CARTESIAN_POINT ( 'NONE',  ( 0.1499999999999999944, 1.400000000000000577, -2.349999999999998757 ) ) ;
#1240 = CARTESIAN_POINT ( 'NONE',  ( 0.2000000000000000111, -1.399999999999999245, -2.499999999999998668 ) ) ;
#1241 = FILL_AREA_STYLE_COLOUR ( '', #708 ) ;
#1242 = CARTESIAN_POINT ( 'NONE',  ( 0.1499999999999999944, 1.250000000000000222, 2.350000000000001421 ) ) ;
#1243 =( GEOMETRIC_REPRESENTATION_CONTEXT ( 3 ) GLOBAL_UNCERTAINTY_ASSIGNED_CONTEXT ( ( #1302 ) ) GLOBAL_UNIT_ASSIGNED_CONTEXT ( ( #1680, #1673, #917 ) ) REPRESENTATION_CONTEXT ( 'NONE', 'WORKASPACE' ) );
#1244 = FILL_AREA_STYLE_COLOUR ( '', #1032 ) ;
#1245 = CARTESIAN_POINT ( 'NONE',  ( 5.500000000000000000, -1.399999999999999245, -2.349999999999998757 ) ) ;
#1246 = CARTESIAN_POINT ( 'NONE',  ( 5.549999999999999822, 1.250000000000000666, -2.499999999999998668 ) ) ;
#1247 = CIRCLE ( 'NONE', #931, 0.1499999999999999667 ) ;
#1248 = SURFACE_STYLE_USAGE ( .BOTH. , #1730 ) ;
#1249 = CARTESIAN_POINT ( 'NONE',  ( 0.0000000000000000000, 1.250000000000000444, 1.084202172485504927E-16 ) ) ;
#1250 = DIRECTION ( 'NONE',  ( 0.0000000000000000000, 0.0000000000000000000, 1.000000000000000000 ) ) ;
#1251 = ORIENTED_EDGE ( 'NONE', *, *, #562, .T. ) ;
#1252 = CYLINDRICAL_SURFACE ( 'NONE', #543, 0.1499999999999999667 ) ;
#1253 = CARTESIAN_POINT ( 'NONE',  ( 5.549999999999999822, -1.249999999999999334, -2.349999999999998757 ) ) ;
#1254 = FACE_OUTER_BOUND ( 'NONE', #1621, .T. ) ;
#1255 = AXIS2_PLACEMENT_3D ( 'NONE', #877, #106, #1470 ) ;
#1256 = PRESENTATION_STYLE_ASSIGNMENT (( #985 ) ) ;
#1257 = DIRECTION ( 'NONE',  ( -1.000000000000000000, 0.0000000000000000000, 0.0000000000000000000 ) ) ;
#1258 = UNCERTAINTY_MEASURE_WITH_UNIT (LENGTH_MEASURE( 1.000000000000000082E-05 ), #1082, 'distance_accuracy_value', 'NONE');
#1259 =( GEOMETRIC_REPRESENTATION_CONTEXT ( 3 ) GLOBAL_UNCERTAINTY_ASSIGNED_CONTEXT ( ( #1779 ) ) GLOBAL_UNIT_ASSIGNED_CONTEXT ( ( #477, #778, #1060 ) ) REPRESENTATION_CONTEXT ( 'NONE', 'WORKASPACE' ) );
#1260 = CARTESIAN_POINT ( 'NONE',  ( 0.2000000000000000111, 1.250000000000000666, -2.499999999999998668 ) ) ;
#1261 = CARTESIAN_POINT ( 'NONE',  ( 0.2000000000000000111, 1.250000000000000222, 2.350000000000001421 ) ) ;
#1262 = ORIENTED_EDGE ( 'NONE', *, *, #1397, .T. ) ;
#1263 = EDGE_CURVE ( 'NONE', #263, #583, #212, .T. ) ;
#1264 = EDGE_LOOP ( 'NONE', ( #1234, #460, #1159, #291 ) ) ;
#1265 = SURFACE_STYLE_FILL_AREA ( #1319 ) ;
#1266 = DIRECTION ( 'NONE',  ( -1.000000000000000000, 0.0000000000000000000, -0.0000000000000000000 ) ) ;
#1267 = SURFACE_STYLE_USAGE ( .BOTH. , #214 ) ;
#1268 = AXIS2_PLACEMENT_3D ( 'NONE', #893, #991, #1616 ) ;
#1269 = FILL_AREA_STYLE_COLOUR ( '', #610 ) ;
#1270 = EDGE_LOOP ( 'NONE', ( #56, #1670, #1161 ) ) ;
#1271 = AXIS2_PLACEMENT_3D ( 'NONE', #488, #1524, #1370 ) ;
#1272 = FILL_AREA_STYLE ('',( #1120 ) ) ;
#1273 = CARTESIAN_POINT ( 'NONE',  ( 5.500000000000000888, -1.399999999999999245, -2.499999999999998668 ) ) ;
#1274 = EDGE_CURVE ( 'NONE', #1074, #818, #126, .T. ) ;
#1275 = DIRECTION ( 'NONE',  ( 1.000000000000000000, 0.0000000000000000000, -0.0000000000000000000 ) ) ;
#1276 =( LENGTH_UNIT ( ) NAMED_UNIT ( * ) SI_UNIT ( .MILLI., .METRE. ) );
#1277 = ORIENTED_EDGE ( 'NONE', *, *, #427, .T. ) ;
#1278 = CARTESIAN_POINT ( 'NONE',  ( 5.500000000000000000, 1.250000000000000666, -2.349999999999998757 ) ) ;
#1279 = SURFACE_STYLE_FILL_AREA ( #463 ) ;
#1280 = UNCERTAINTY_MEASURE_WITH_UNIT (LENGTH_MEASURE( 1.000000000000000082E-05 ), #1981, 'distance_accuracy_value', 'NONE');
#1281 = MECHANICAL_DESIGN_GEOMETRIC_PRESENTATION_REPRESENTATION (  '', ( #800 ), #1952 ) ;
#1282 = VERTEX_POINT ( 'NONE', #1869 ) ;
#1283 = PRESENTATION_STYLE_ASSIGNMENT (( #1208 ) ) ;
#1284 = CLOSED_SHELL ( 'NONE', ( #1626, #442, #426, #275, #1958, #862, #1500, #1179, #1799, #867 ) ) ;
#1285 = DIRECTION ( 'NONE',  ( -0.0000000000000000000, 1.000000000000000000, 0.0000000000000000000 ) ) ;
#1286 = CARTESIAN_POINT ( 'NONE',  ( 0.1499999999999999944, 1.250000000000000666, -2.349999999999998757 ) ) ;
#1287 = DIRECTION ( 'NONE',  ( 1.000000000000000000, 0.0000000000000000000, 0.0000000000000000000 ) ) ;
#1288 = CARTESIAN_POINT ( 'NONE',  ( 5.500000000000000888, -1.249999999999998890, 2.500000000000001332 ) ) ;
#1289 = STYLED_ITEM ( 'NONE', ( #992 ), #120 ) ;
#1290 =( LENGTH_UNIT ( ) NAMED_UNIT ( * ) SI_UNIT ( .MILLI., .METRE. ) );
#1291 = PRESENTATION_LAYER_ASSIGNMENT (  '', '', ( #793 ) ) ;
#1292 = CARTESIAN_POINT ( 'NONE',  ( 0.2000000000000000111, -1.249999999999999334, -2.499999999999998668 ) ) ;
#1293 = FILL_AREA_STYLE ('',( #281 ) ) ;
#1294 = EDGE_CURVE ( 'NONE', #1114, #1021, #1110, .T. ) ;
#1295 = SURFACE_STYLE_FILL_AREA ( #596 ) ;
#1296 = SURFACE_STYLE_FILL_AREA ( #828 ) ;
#1297 = VECTOR ( 'NONE', #902, 1000.000000000000000 ) ;
#1298 = SURFACE_SIDE_STYLE ('',( #869 ) ) ;
#1299 = FILL_AREA_STYLE_COLOUR ( '', #969 ) ;
#1300 = PRESENTATION_STYLE_ASSIGNMENT (( #1715 ) ) ;
#1301 = ORIENTED_EDGE ( 'NONE', *, *, #1367, .F. ) ;
#1302 = UNCERTAINTY_MEASURE_WITH_UNIT (LENGTH_MEASURE( 1.000000000000000082E-05 ), #1680, 'distance_accuracy_value', 'NONE');
#1303 = PRESENTATION_STYLE_ASSIGNMENT (( #1648 ) ) ;
#1304 = AXIS2_PLACEMENT_3D ( 'NONE', #406, #232, #87 ) ;
#1305 = ORIENTED_EDGE ( 'NONE', *, *, #1579, .T. ) ;
#1306 = EDGE_LOOP ( 'NONE', ( #1728, #1511, #1001, #1625 ) ) ;
#1307 = EDGE_CURVE ( 'NONE', #1423, #997, #827, .T. ) ;
#1308 = ORIENTED_EDGE ( 'NONE', *, *, #403, .T. ) ;
#1309 = PLANE ( 'NONE',  #19 ) ;
#1310 = AXIS2_PLACEMENT_3D ( 'NONE', #1647, #448, #1495 ) ;
#1311 =( GEOMETRIC_REPRESENTATION_CONTEXT ( 3 ) GLOBAL_UNCERTAINTY_ASSIGNED_CONTEXT ( ( #1476 ) ) GLOBAL_UNIT_ASSIGNED_CONTEXT ( ( #967, #1413, #507 ) ) REPRESENTATION_CONTEXT ( 'NONE', 'WORKASPACE' ) );
#1312 = LINE ( 'NONE', #358, #1824 ) ;
#1313 = DIRECTION ( 'NONE',  ( -1.000000000000000000, 0.0000000000000000000, 0.0000000000000000000 ) ) ;
#1314 = ADVANCED_FACE ( 'NONE', ( #183 ), #1252, .T. ) ;
#1315 = COLOUR_RGB ( '',0.9960784313725490335, 0.8705882352941176627, 0.7607843137254901578 ) ;
#1316 = CLOSED_SHELL ( 'NONE', ( #578, #435, #296, #1166, #719, #466, #1665, #1979, #1471, #1782, #1204, #1940, #103, #1480, #1332, #592, #1823, #729 ) ) ;
#1317 = FACE_OUTER_BOUND ( 'NONE', #1236, .T. ) ;
#1318 = LINE ( 'NONE', #342, #1797 ) ;
#1319 = FILL_AREA_STYLE ('',( #256 ) ) ;
#1320 = FACE_OUTER_BOUND ( 'NONE', #2, .T. ) ;
#1321 = EDGE_CURVE ( 'NONE', #1915, #322, #1631, .T. ) ;
#1322 = VERTEX_POINT ( 'NONE', #1226 ) ;
#1323 = FILL_AREA_STYLE ('',( #271 ) ) ;
#1324 = EDGE_CURVE ( 'NONE', #263, #650, #105, .T. ) ;
#1325 = STYLED_ITEM ( 'NONE', ( #603 ), #1965 ) ;
#1326 = FILL_AREA_STYLE_COLOUR ( '', #328 ) ;
#1327 = CARTESIAN_POINT ( 'NONE',  ( 0.2000000000000000111, 1.250000000000000666, -2.499999999999998668 ) ) ;
#1328 = MANIFOLD_SOLID_BREP ( 'Mirror1', #481 ) ;
#1329 = FILL_AREA_STYLE_COLOUR ( '', #1909 ) ;
#1330 = PRODUCT ( 'C5750X6S2W225K250KA', 'C5750X6S2W225K250KA', '', ( #900 ) ) ;
#1331 = FILL_AREA_STYLE_COLOUR ( '', #62 ) ;
#1332 = ADVANCED_FACE ( 'NONE', ( #503 ), #368, .T. ) ;
#1333 = AXIS2_PLACEMENT_3D ( 'NONE', #1689, #323, #939 ) ;
#1334 = PRESENTATION_STYLE_ASSIGNMENT (( #1854 ) ) ;
#1335 = AXIS2_PLACEMENT_3D ( 'NONE', #1029, #1615, #114 ) ;
#1336 = SURFACE_SIDE_STYLE ('',( #817 ) ) ;
#1337 = COLOUR_RGB ( '',1.000000000000000000, 1.000000000000000000, 1.000000000000000000 ) ;
#1338 =( LENGTH_UNIT ( ) NAMED_UNIT ( * ) SI_UNIT ( .MILLI., .METRE. ) );
#1339 = PRESENTATION_STYLE_ASSIGNMENT (( #1706 ) ) ;
#1340 =( LENGTH_UNIT ( ) NAMED_UNIT ( * ) SI_UNIT ( .MILLI., .METRE. ) );
#1341 = DIRECTION ( 'NONE',  ( -0.0000000000000000000, 1.000000000000000000, 0.0000000000000000000 ) ) ;
#1342 = CIRCLE ( 'NONE', #709, 0.1499999999999999667 ) ;
#1343 = ORIENTED_EDGE ( 'NONE', *, *, #276, .T. ) ;
#1344 = STYLED_ITEM ( 'NONE', ( #381 ), #453 ) ;
#1345 = DIRECTION ( 'NONE',  ( -1.000000000000000000, 0.0000000000000000000, 0.0000000000000000000 ) ) ;
#1346 = ORIENTED_EDGE ( 'NONE', *, *, #616, .F. ) ;
#1347 = APPLICATION_CONTEXT ( 'automotive_design' ) ;
#1348 = CARTESIAN_POINT ( 'NONE',  ( 5.549999999999999822, -1.249999999999998890, 2.350000000000001421 ) ) ;
#1349 = FILL_AREA_STYLE ('',( #1977 ) ) ;
#1350 = AXIS2_PLACEMENT_3D ( 'NONE', #1580, #1887, #1866 ) ;
#1351 = VERTEX_POINT ( 'NONE', #476 ) ;
#1352 = CARTESIAN_POINT ( 'NONE',  ( 0.2000000000000000111, 0.0000000000000000000, 0.0000000000000000000 ) ) ;
#1353 = DIRECTION ( 'NONE',  ( 1.000000000000000000, 0.0000000000000000000, 0.0000000000000000000 ) ) ;
#1354 = ADVANCED_FACE ( 'NONE', ( #1927 ), #576, .T. ) ;
#1355 = FILL_AREA_STYLE_COLOUR ( '', #611 ) ;
#1356 = DIRECTION ( 'NONE',  ( 0.0000000000000000000, 0.0000000000000000000, 1.000000000000000000 ) ) ;
#1357 = UNCERTAINTY_MEASURE_WITH_UNIT (LENGTH_MEASURE( 1.000000000000000082E-05 ), #1766, 'distance_accuracy_value', 'NONE');
#1358 = FILL_AREA_STYLE ('',( #1211 ) ) ;
#1359 = CIRCLE ( 'NONE', #440, 0.1499999999999999667 ) ;
#1360 =( NAMED_UNIT ( * ) SI_UNIT ( $, .STERADIAN. ) SOLID_ANGLE_UNIT ( ) );
#1361 = STYLED_ITEM ( 'NONE', ( #373 ), #103 ) ;
#1362 =( NAMED_UNIT ( * ) SI_UNIT ( $, .STERADIAN. ) SOLID_ANGLE_UNIT ( ) );
#1363 = AXIS2_PLACEMENT_3D ( 'NONE', #124, #907, #20 ) ;
#1364 = DIRECTION ( 'NONE',  ( 0.0000000000000000000, 0.0000000000000000000, 1.000000000000000000 ) ) ;
#1365 = FILL_AREA_STYLE_COLOUR ( '', #518 ) ;
#1366 =( NAMED_UNIT ( * ) SI_UNIT ( $, .STERADIAN. ) SOLID_ANGLE_UNIT ( ) );
#1367 = EDGE_CURVE ( 'NONE', #1763, #134, #1532, .T. ) ;
#1368 = DIRECTION ( 'NONE',  ( -0.0000000000000000000, -1.000000000000000000, -0.0000000000000000000 ) ) ;
#1369 = CYLINDRICAL_SURFACE ( 'NONE', #425, 0.1499999999999999667 ) ;
#1370 = DIRECTION ( 'NONE',  ( -1.000000000000000000, 0.0000000000000000000, 0.0000000000000000000 ) ) ;
#1371 = CIRCLE ( 'NONE', #553, 0.1499999999999999667 ) ;
#1372 = CARTESIAN_POINT ( 'NONE',  ( 0.1499999999999999944, 1.250000000000000666, -2.499999999999998668 ) ) ;
#1373 = CARTESIAN_POINT ( 'NONE',  ( 0.2000000000000000111, 1.400000000000000577, -2.349999999999998757 ) ) ;
#1374 = ORIENTED_EDGE ( 'NONE', *, *, #1920, .T. ) ;
#1375 = ORIENTED_EDGE ( 'NONE', *, *, #624, .F. ) ;
#1376 =( GEOMETRIC_REPRESENTATION_CONTEXT ( 3 ) GLOBAL_UNCERTAINTY_ASSIGNED_CONTEXT ( ( #1280 ) ) GLOBAL_UNIT_ASSIGNED_CONTEXT ( ( #1981, #1176, #1362 ) ) REPRESENTATION_CONTEXT ( 'NONE', 'WORKASPACE' ) );
#1377 = DIRECTION ( 'NONE',  ( 0.0000000000000000000, 1.000000000000000000, 0.0000000000000000000 ) ) ;
#1378 = FILL_AREA_STYLE ('',( #628 ) ) ;
#1379 =( NAMED_UNIT ( * ) SI_UNIT ( $, .STERADIAN. ) SOLID_ANGLE_UNIT ( ) );
#1380 = DIRECTION ( 'NONE',  ( 0.0000000000000000000, 0.0000000000000000000, -1.000000000000000000 ) ) ;
#1381 = MECHANICAL_DESIGN_GEOMETRIC_PRESENTATION_REPRESENTATION (  '', ( #428 ), #1231 ) ;
#1382 = DIRECTION ( 'NONE',  ( -0.0000000000000000000, -1.000000000000000000, -0.0000000000000000000 ) ) ;
#1383 = DIRECTION ( 'NONE',  ( 1.000000000000000000, 0.0000000000000000000, -0.0000000000000000000 ) ) ;
#1384 = CYLINDRICAL_SURFACE ( 'NONE', #728, 0.1499999999999999667 ) ;
#1385 = CARTESIAN_POINT ( 'NONE',  ( 5.500000000000000000, 1.250000000000000222, 2.500000000000001332 ) ) ;
#1386 = CIRCLE ( 'NONE', #1391, 0.1499999999999999667 ) ;
#1387 = CARTESIAN_POINT ( 'NONE',  ( 5.500000000000000000, 1.400000000000000133, 2.350000000000001421 ) ) ;
#1388 = DIRECTION ( 'NONE',  ( -0.0000000000000000000, -8.673617379884035472E-17, -1.000000000000000000 ) ) ;
#1389 = STYLED_ITEM ( 'NONE', ( #541 ), #296 ) ;
#1390 = FACE_OUTER_BOUND ( 'NONE', #720, .T. ) ;
#1391 = AXIS2_PLACEMENT_3D ( 'NONE', #621, #748, #1813 ) ;
#1392 = FILL_AREA_STYLE_COLOUR ( '', #953 ) ;
#1393 = SURFACE_STYLE_FILL_AREA ( #832 ) ;
#1394 = SURFACE_STYLE_USAGE ( .BOTH. , #806 ) ;
#1395 = FACE_OUTER_BOUND ( 'NONE', #247, .T. ) ;
#1396 = CARTESIAN_POINT ( 'NONE',  ( 5.549999999999999822, 1.250000000000000666, -2.349999999999998757 ) ) ;
#1397 = EDGE_CURVE ( 'NONE', #1915, #1485, #686, .T. ) ;
#1398 = FACE_OUTER_BOUND ( 'NONE', #203, .T. ) ;
#1399 = DIRECTION ( 'NONE',  ( 0.0000000000000000000, 0.0000000000000000000, -1.000000000000000000 ) ) ;
#1400 = UNCERTAINTY_MEASURE_WITH_UNIT (LENGTH_MEASURE( 1.000000000000000082E-05 ), #707, 'distance_accuracy_value', 'NONE');
#1401 = ORIENTED_EDGE ( 'NONE', *, *, #1230, .T. ) ;
#1402 = ORIENTED_EDGE ( 'NONE', *, *, #1307, .F. ) ;
#1403 = SURFACE_STYLE_FILL_AREA ( #1323 ) ;
#1404 = PRESENTATION_LAYER_ASSIGNMENT (  '', '', ( #462 ) ) ;
#1405 =( NAMED_UNIT ( * ) PLANE_ANGLE_UNIT ( ) SI_UNIT ( $, .RADIAN. ) );
#1406 = VERTEX_POINT ( 'NONE', #1452 ) ;
#1407 = DIRECTION ( 'NONE',  ( 0.0000000000000000000, -8.673617379884035472E-17, 1.000000000000000000 ) ) ;
#1408 = DIRECTION ( 'NONE',  ( 1.000000000000000000, 0.0000000000000000000, 0.0000000000000000000 ) ) ;
#1409 = EDGE_CURVE ( 'NONE', #322, #1980, #1876, .T. ) ;
#1410 = SURFACE_STYLE_FILL_AREA ( #1293 ) ;
#1411 = FILL_AREA_STYLE ('',( #1392 ) ) ;
#1412 =( NAMED_UNIT ( * ) SI_UNIT ( $, .STERADIAN. ) SOLID_ANGLE_UNIT ( ) );
#1413 =( NAMED_UNIT ( * ) PLANE_ANGLE_UNIT ( ) SI_UNIT ( $, .RADIAN. ) );
#1414 = MECHANICAL_DESIGN_GEOMETRIC_PRESENTATION_REPRESENTATION (  '', ( #542 ), #1450 ) ;
#1415 = CIRCLE ( 'NONE', #521, 0.1499999999999999667 ) ;
#1416 = PRESENTATION_LAYER_ASSIGNMENT (  '', '', ( #245 ) ) ;
#1417 = DIRECTION ( 'NONE',  ( 0.0000000000000000000, 0.0000000000000000000, -1.000000000000000000 ) ) ;
#1418 = DIRECTION ( 'NONE',  ( -1.000000000000000000, -0.0000000000000000000, -0.0000000000000000000 ) ) ;
#1419 = DIRECTION ( 'NONE',  ( 0.0000000000000000000, 8.673617379884035472E-17, 1.000000000000000000 ) ) ;
#1420 = UNCERTAINTY_MEASURE_WITH_UNIT (LENGTH_MEASURE( 1.000000000000000082E-05 ), #1672, 'distance_accuracy_value', 'NONE');
#1421 = ORIENTED_EDGE ( 'NONE', *, *, #921, .T. ) ;
#1422 = FACE_OUTER_BOUND ( 'NONE', #760, .T. ) ;
#1423 = VERTEX_POINT ( 'NONE', #491 ) ;
#1424 = DIRECTION ( 'NONE',  ( 1.000000000000000000, 0.0000000000000000000, 0.0000000000000000000 ) ) ;
#1425 = EDGE_CURVE ( 'NONE', #1322, #1423, #1434, .T. ) ;
#1426 =( NAMED_UNIT ( * ) PLANE_ANGLE_UNIT ( ) SI_UNIT ( $, .RADIAN. ) );
#1427 = PRESENTATION_LAYER_ASSIGNMENT (  '', '', ( #663 ) ) ;
#1428 = EDGE_CURVE ( 'NONE', #148, #1158, #1455, .T. ) ;
#1429 = PRESENTATION_LAYER_ASSIGNMENT (  '', '', ( #78 ) ) ;
#1430 = DIRECTION ( 'NONE',  ( 0.0000000000000000000, -1.000000000000000000, 0.0000000000000000000 ) ) ;
#1431 = PRESENTATION_STYLE_ASSIGNMENT (( #1051 ) ) ;
#1432 = PRESENTATION_STYLE_ASSIGNMENT (( #125 ) ) ;
#1433 = CARTESIAN_POINT ( 'NONE',  ( 0.1499999999999999944, -1.249999999999999334, -2.349999999999998757 ) ) ;
#1434 = CIRCLE ( 'NONE', #1563, 0.1499999999999999667 ) ;
#1435 = SURFACE_SIDE_STYLE ('',( #123 ) ) ;
#1436 = SURFACE_STYLE_FILL_AREA ( #1358 ) ;
#1437 =( NAMED_UNIT ( * ) PLANE_ANGLE_UNIT ( ) SI_UNIT ( $, .RADIAN. ) );
#1438 = ORIENTED_EDGE ( 'NONE', *, *, #36, .T. ) ;
#1439 = VECTOR ( 'NONE', #782, 1000.000000000000000 ) ;
#1440 = STYLED_ITEM ( 'NONE', ( #1974 ), #1171 ) ;
#1441 = AXIS2_PLACEMENT_3D ( 'NONE', #910, #1820, #1356 ) ;
#1442 = COLOUR_RGB ( '',1.000000000000000000, 1.000000000000000000, 1.000000000000000000 ) ;
#1443 = ORIENTED_EDGE ( 'NONE', *, *, #108, .F. ) ;
#1444 = DIRECTION ( 'NONE',  ( 1.000000000000000000, 0.0000000000000000000, 0.0000000000000000000 ) ) ;
#1445 = ORIENTED_EDGE ( 'NONE', *, *, #108, .T. ) ;
#1446 = DIRECTION ( 'NONE',  ( -1.000000000000000000, -0.0000000000000000000, -0.0000000000000000000 ) ) ;
#1447 =( NAMED_UNIT ( * ) PLANE_ANGLE_UNIT ( ) SI_UNIT ( $, .RADIAN. ) );
#1448 =( NAMED_UNIT ( * ) SI_UNIT ( $, .STERADIAN. ) SOLID_ANGLE_UNIT ( ) );
#1449 = CARTESIAN_POINT ( 'NONE',  ( 5.549999999999999822, -1.249999999999998890, 2.500000000000001332 ) ) ;
#1450 =( GEOMETRIC_REPRESENTATION_CONTEXT ( 3 ) GLOBAL_UNCERTAINTY_ASSIGNED_CONTEXT ( ( #251 ) ) GLOBAL_UNIT_ASSIGNED_CONTEXT ( ( #731, #420, #563 ) ) REPRESENTATION_CONTEXT ( 'NONE', 'WORKASPACE' ) );
#1451 = PRESENTATION_LAYER_ASSIGNMENT (  '', '', ( #1118 ) ) ;
#1452 = CARTESIAN_POINT ( 'NONE',  ( 5.500000000000000888, 1.400000000000000577, -2.349999999999998757 ) ) ;
#1453 = DIRECTION ( 'NONE',  ( -0.0000000000000000000, -1.000000000000000000, -0.0000000000000000000 ) ) ;
#1454 = PRODUCT_RELATED_PRODUCT_CATEGORY ( 'part', '', ( #433 ) ) ;
#1455 = CIRCLE ( 'NONE', #164, 0.1499999999999999667 ) ;
#1456 = ORIENTED_EDGE ( 'NONE', *, *, #1027, .F. ) ;
#1457 = PRESENTATION_STYLE_ASSIGNMENT (( #1844 ) ) ;
#1458 = MECHANICAL_DESIGN_GEOMETRIC_PRESENTATION_REPRESENTATION (  '', ( #1636 ), #789 ) ;
#1459 = LINE ( 'NONE', #973, #374 ) ;
#1460 = SURFACE_STYLE_FILL_AREA ( #1918 ) ;
#1461 = AXIS2_PLACEMENT_3D ( 'NONE', #1286, #1598, #226 ) ;
#1462 = ORIENTED_EDGE ( 'NONE', *, *, #1130, .T. ) ;
#1463 = ADVANCED_FACE ( 'NONE', ( #662 ), #1133, .F. ) ;
#1464 = ORIENTED_EDGE ( 'NONE', *, *, #1675, .F. ) ;
#1465 = FILL_AREA_STYLE_COLOUR ( '', #1784 ) ;
#1466 = ORIENTED_EDGE ( 'NONE', *, *, #376, .F. ) ;
#1467 = EDGE_CURVE ( 'NONE', #167, #1720, #706, .T. ) ;
#1468 = PRESENTATION_STYLE_ASSIGNMENT (( #112 ) ) ;
#1469 = VERTEX_POINT ( 'NONE', #683 ) ;
#1470 = DIRECTION ( 'NONE',  ( 0.0000000000000000000, 0.0000000000000000000, -1.000000000000000000 ) ) ;
#1471 = ADVANCED_FACE ( 'NONE', ( #301 ), #1772, .T. ) ;
#1472 = MECHANICAL_DESIGN_GEOMETRIC_PRESENTATION_REPRESENTATION (  '', ( #955 ), #1046 ) ;
#1473 =( GEOMETRIC_REPRESENTATION_CONTEXT ( 3 ) GLOBAL_UNCERTAINTY_ASSIGNED_CONTEXT ( ( #1910 ) ) GLOBAL_UNIT_ASSIGNED_CONTEXT ( ( #654, #23, #175 ) ) REPRESENTATION_CONTEXT ( 'NONE', 'WORKASPACE' ) );
#1474 = LINE ( 'NONE', #1798, #634 ) ;
#1475 =( NAMED_UNIT ( * ) PLANE_ANGLE_UNIT ( ) SI_UNIT ( $, .RADIAN. ) );
#1476 = UNCERTAINTY_MEASURE_WITH_UNIT (LENGTH_MEASURE( 1.000000000000000082E-05 ), #967, 'distance_accuracy_value', 'NONE');
#1477 = SURFACE_STYLE_FILL_AREA ( #1059 ) ;
#1478 =( NAMED_UNIT ( * ) SI_UNIT ( $, .STERADIAN. ) SOLID_ANGLE_UNIT ( ) );
#1479 = COLOUR_RGB ( '',1.000000000000000000, 1.000000000000000000, 1.000000000000000000 ) ;
#1480 = ADVANCED_FACE ( 'NONE', ( #1390 ), #914, .T. ) ;
#1481 = AXIS2_PLACEMENT_3D ( 'NONE', #1372, #145, #1834 ) ;
#1482 = FILL_AREA_STYLE ('',( #1809 ) ) ;
#1483 = LINE ( 'NONE', #1084, #1095 ) ;
#1484 =( NAMED_UNIT ( * ) PLANE_ANGLE_UNIT ( ) SI_UNIT ( $, .RADIAN. ) );
#1485 = VERTEX_POINT ( 'NONE', #1373 ) ;
#1486 = PRESENTATION_LAYER_ASSIGNMENT (  '', '', ( #1092 ) ) ;
#1487 = LINE ( 'NONE', #750, #762 ) ;
#1488 = ORIENTED_EDGE ( 'NONE', *, *, #376, .T. ) ;
#1489 = ORIENTED_EDGE ( 'NONE', *, *, #639, .F. ) ;
#1490 =( NAMED_UNIT ( * ) PLANE_ANGLE_UNIT ( ) SI_UNIT ( $, .RADIAN. ) );
#1491 = EDGE_CURVE ( 'NONE', #763, #1581, #824, .T. ) ;
#1492 =( NAMED_UNIT ( * ) SI_UNIT ( $, .STERADIAN. ) SOLID_ANGLE_UNIT ( ) );
#1493 = DIRECTION ( 'NONE',  ( 0.0000000000000000000, 0.0000000000000000000, 1.000000000000000000 ) ) ;
#1494 = CARTESIAN_POINT ( 'NONE',  ( 5.500000000000000888, -1.399999999999998801, 2.500000000000001332 ) ) ;
#1495 = DIRECTION ( 'NONE',  ( 0.0000000000000000000, 1.000000000000000000, 0.0000000000000000000 ) ) ;
#1496 = PRODUCT_CONTEXT ( 'NONE', #1347, 'mechanical' ) ;
#1497 = SURFACE_STYLE_FILL_AREA ( #797 ) ;
#1498 = FILL_AREA_STYLE_COLOUR ( '', #810 ) ;
#1499 = UNCERTAINTY_MEASURE_WITH_UNIT (LENGTH_MEASURE( 1.000000000000000082E-05 ), #850, 'distance_accuracy_value', 'NONE');
#1500 = ADVANCED_FACE ( 'NONE', ( #781 ), #571, .T. ) ;
#1501 = PLANE ( 'NONE',  #559 ) ;
#1502 = FACE_OUTER_BOUND ( 'NONE', #959, .T. ) ;
#1503 = EDGE_LOOP ( 'NONE', ( #380, #698, #1251, #1227 ) ) ;
#1504 =( NAMED_UNIT ( * ) SI_UNIT ( $, .STERADIAN. ) SOLID_ANGLE_UNIT ( ) );
#1505 = LINE ( 'NONE', #475, #1115 ) ;
#1506 = PRESENTATION_STYLE_ASSIGNMENT (( #1585 ) ) ;
#1507 = CARTESIAN_POINT ( 'NONE',  ( 5.500000000000000000, 1.400000000000000577, -2.349999999999998757 ) ) ;
#1508 = FILL_AREA_STYLE_COLOUR ( '', #211 ) ;
#1509 = PLANE ( 'NONE',  #1333 ) ;
#1510 = SURFACE_STYLE_USAGE ( .BOTH. , #1522 ) ;
#1511 = ORIENTED_EDGE ( 'NONE', *, *, #1153, .T. ) ;
#1512 = COLOUR_RGB ( '',1.000000000000000000, 1.000000000000000000, 1.000000000000000000 ) ;
#1513 = AXIS2_PLACEMENT_3D ( 'NONE', #896, #768, #1 ) ;
#1514 = ORIENTED_EDGE ( 'NONE', *, *, #527, .F. ) ;
#1515 = FILL_AREA_STYLE ('',( #458 ) ) ;
#1516 = ORIENTED_EDGE ( 'NONE', *, *, #868, .T. ) ;
#1517 = ORIENTED_EDGE ( 'NONE', *, *, #1807, .F. ) ;
#1518 =( NAMED_UNIT ( * ) PLANE_ANGLE_UNIT ( ) SI_UNIT ( $, .RADIAN. ) );
#1519 =( NAMED_UNIT ( * ) SI_UNIT ( $, .STERADIAN. ) SOLID_ANGLE_UNIT ( ) );
#1520 = SURFACE_SIDE_STYLE ('',( #1184 ) ) ;
#1521 = PRESENTATION_LAYER_ASSIGNMENT (  '', '', ( #1149 ) ) ;
#1522 = SURFACE_SIDE_STYLE ('',( #264 ) ) ;
#1523 = VERTEX_POINT ( 'NONE', #753 ) ;
#1524 = DIRECTION ( 'NONE',  ( 0.0000000000000000000, 0.0000000000000000000, 1.000000000000000000 ) ) ;
#1525 =( LENGTH_UNIT ( ) NAMED_UNIT ( * ) SI_UNIT ( .MILLI., .METRE. ) );
#1526 = CARTESIAN_POINT ( 'NONE',  ( 5.500000000000000888, 1.400000000000000133, 2.350000000000001421 ) ) ;
#1527 = MECHANICAL_DESIGN_GEOMETRIC_PRESENTATION_REPRESENTATION (  '', ( #1795 ), #757 ) ;
#1528 = VECTOR ( 'NONE', #894, 1000.000000000000000 ) ;
#1529 = FILL_AREA_STYLE ('',( #1233 ) ) ;
#1530 = VECTOR ( 'NONE', #402, 1000.000000000000000 ) ;
#1531 = AXIS2_PLACEMENT_3D ( 'NONE', #798, #1681, #630 ) ;
#1532 = CIRCLE ( 'NONE', #74, 0.1499999999999999944 ) ;
#1533 = CARTESIAN_POINT ( 'NONE',  ( 5.549999999999999822, 1.250000000000000666, -2.349999999999998757 ) ) ;
#1534 =( NAMED_UNIT ( * ) SI_UNIT ( $, .STERADIAN. ) SOLID_ANGLE_UNIT ( ) );
#1535 = ORIENTED_EDGE ( 'NONE', *, *, #257, .T. ) ;
#1536 = CARTESIAN_POINT ( 'NONE',  ( 0.2000000000000000111, -1.249999999999998890, 2.350000000000001421 ) ) ;
#1537 = EDGE_CURVE ( 'NONE', #266, #1576, #1386, .T. ) ;
#1538 = MECHANICAL_DESIGN_GEOMETRIC_PRESENTATION_REPRESENTATION (  '', ( #1758 ), #1473 ) ;
#1539 = EDGE_LOOP ( 'NONE', ( #29, #348, #792, #1262 ) ) ;
#1540 = CARTESIAN_POINT ( 'NONE',  ( 0.2000000000000000111, -1.399999999999999245, -2.349999999999998757 ) ) ;
#1541 = LINE ( 'NONE', #1691, #432 ) ;
#1542 = CARTESIAN_POINT ( 'NONE',  ( 5.500000000000000888, -1.249999999999998890, 2.350000000000001421 ) ) ;
#1543 = DIRECTION ( 'NONE',  ( 0.0000000000000000000, -9.227252531791526626E-17, 1.000000000000000000 ) ) ;
#1544 =( NAMED_UNIT ( * ) SI_UNIT ( $, .STERADIAN. ) SOLID_ANGLE_UNIT ( ) );
#1545 = ORIENTED_EDGE ( 'NONE', *, *, #1324, .T. ) ;
#1546 = DIRECTION ( 'NONE',  ( 0.0000000000000000000, 0.0000000000000000000, 1.000000000000000000 ) ) ;
#1547 = ORIENTED_EDGE ( 'NONE', *, *, #1643, .F. ) ;
#1548 =( GEOMETRIC_REPRESENTATION_CONTEXT ( 3 ) GLOBAL_UNCERTAINTY_ASSIGNED_CONTEXT ( ( #459 ) ) GLOBAL_UNIT_ASSIGNED_CONTEXT ( ( #166, #928, #16 ) ) REPRESENTATION_CONTEXT ( 'NONE', 'WORKASPACE' ) );
#1549 = SURFACE_STYLE_USAGE ( .BOTH. , #327 ) ;
#1550 = UNCERTAINTY_MEASURE_WITH_UNIT (LENGTH_MEASURE( 1.000000000000000082E-05 ), #180, 'distance_accuracy_value', 'NONE');
#1551 = DIRECTION ( 'NONE',  ( 1.000000000000000000, 0.0000000000000000000, -0.0000000000000000000 ) ) ;
#1552 = SURFACE_STYLE_USAGE ( .BOTH. , #498 ) ;
#1553 = AXIS2_PLACEMENT_3D ( 'NONE', #1278, #1897, #1735 ) ;
#1554 = SURFACE_SIDE_STYLE ('',( #306 ) ) ;
#1555 = SHAPE_DEFINITION_REPRESENTATION ( #283, #76 ) ;
#1556 = CARTESIAN_POINT ( 'NONE',  ( 0.2000000000000000111, 1.250000000000000666, -2.499999999999998668 ) ) ;
#1557 = FACE_OUTER_BOUND ( 'NONE', #1098, .T. ) ;
#1558 = SURFACE_STYLE_FILL_AREA ( #1646 ) ;
#1559 = AXIS2_PLACEMENT_3D ( 'NONE', #608, #756, #1062 ) ;
#1560 = COLOUR_RGB ( '',0.9960784313725490335, 0.8705882352941176627, 0.7607843137254901578 ) ;
#1561 = DIRECTION ( 'NONE',  ( -0.0000000000000000000, -8.673617379884035472E-17, -1.000000000000000000 ) ) ;
#1562 = DIRECTION ( 'NONE',  ( 1.000000000000000000, -0.0000000000000000000, -0.0000000000000000000 ) ) ;
#1563 = AXIS2_PLACEMENT_3D ( 'NONE', #1655, #1812, #1968 ) ;
#1564 =( LENGTH_UNIT ( ) NAMED_UNIT ( * ) SI_UNIT ( .MILLI., .METRE. ) );
#1565 = VERTEX_POINT ( 'NONE', #137 ) ;
#1566 = DIRECTION ( 'NONE',  ( 0.0000000000000000000, 0.0000000000000000000, -1.000000000000000000 ) ) ;
#1567 = CYLINDRICAL_SURFACE ( 'NONE', #1774, 0.1499999999999999667 ) ;
#1568 = FACE_OUTER_BOUND ( 'NONE', #385, .T. ) ;
#1569 = CARTESIAN_POINT ( 'NONE',  ( 5.500000000000000000, -1.249999999999999334, -2.499999999999998668 ) ) ;
#1570 =( GEOMETRIC_REPRESENTATION_CONTEXT ( 3 ) GLOBAL_UNCERTAINTY_ASSIGNED_CONTEXT ( ( #1702 ) ) GLOBAL_UNIT_ASSIGNED_CONTEXT ( ( #601, #452, #1504 ) ) REPRESENTATION_CONTEXT ( 'NONE', 'WORKASPACE' ) );
#1571 = CIRCLE ( 'NONE', #1618, 0.1499999999999999667 ) ;
#1572 = ORIENTED_EDGE ( 'NONE', *, *, #1367, .T. ) ;
#1573 = DIRECTION ( 'NONE',  ( 0.0000000000000000000, 0.0000000000000000000, 1.000000000000000000 ) ) ;
#1574 = VECTOR ( 'NONE', #739, 1000.000000000000000 ) ;
#1575 = SURFACE_STYLE_USAGE ( .BOTH. , #516 ) ;
#1576 = VERTEX_POINT ( 'NONE', #761 ) ;
#1577 = CARTESIAN_POINT ( 'NONE',  ( 0.2000000000000000111, -1.249999999999999334, -2.499999999999998668 ) ) ;
#1578 = EDGE_LOOP ( 'NONE', ( #515, #564, #790, #1077 ) ) ;
#1579 = EDGE_CURVE ( 'NONE', #1158, #617, #154, .T. ) ;
#1580 = CARTESIAN_POINT ( 'NONE',  ( 0.1499999999999999944, 1.250000000000000666, -2.349999999999998757 ) ) ;
#1581 = VERTEX_POINT ( 'NONE', #163 ) ;
#1582 = UNCERTAINTY_MEASURE_WITH_UNIT (LENGTH_MEASURE( 1.000000000000000082E-05 ), #557, 'distance_accuracy_value', 'NONE');
#1583 = AXIS2_PLACEMENT_3D ( 'NONE', #1756, #1867, #1764 ) ;
#1584 = ORIENTED_EDGE ( 'NONE', *, *, #624, .T. ) ;
#1585 = SURFACE_STYLE_USAGE ( .BOTH. , #1892 ) ;
#1586 = CARTESIAN_POINT ( 'NONE',  ( 5.500000000000000000, 1.250000000000000666, -2.349999999999998757 ) ) ;
#1587 = EDGE_CURVE ( 'NONE', #134, #873, #39, .T. ) ;
#1588 = SURFACE_STYLE_USAGE ( .BOTH. , #816 ) ;
#1589 = SURFACE_STYLE_FILL_AREA ( #586 ) ;
#1590 = VECTOR ( 'NONE', #1125, 1000.000000000000000 ) ;
#1591 =( NAMED_UNIT ( * ) PLANE_ANGLE_UNIT ( ) SI_UNIT ( $, .RADIAN. ) );
#1592 = PLANE ( 'NONE',  #104 ) ;
#1593 = PRESENTATION_LAYER_ASSIGNMENT (  '', '', ( #95 ) ) ;
#1594 = CIRCLE ( 'NONE', #319, 0.1499999999999999667 ) ;
#1595 = MECHANICAL_DESIGN_GEOMETRIC_PRESENTATION_REPRESENTATION (  '', ( #1142 ), #560 ) ;
#1596 = DIRECTION ( 'NONE',  ( 0.0000000000000000000, 0.0000000000000000000, -1.000000000000000000 ) ) ;
#1597 = PRESENTATION_STYLE_ASSIGNMENT (( #690 ) ) ;
#1598 = DIRECTION ( 'NONE',  ( 1.000000000000000000, -0.0000000000000000000, -0.0000000000000000000 ) ) ;
#1599 = ORIENTED_EDGE ( 'NONE', *, *, #1069, .T. ) ;
#1600 = CARTESIAN_POINT ( 'NONE',  ( 5.500000000000000888, -1.249999999999999334, -2.349999999999998757 ) ) ;
#1601 = ORIENTED_EDGE ( 'NONE', *, *, #177, .T. ) ;
#1602 = ORIENTED_EDGE ( 'NONE', *, *, #1194, .F. ) ;
#1603 =( NAMED_UNIT ( * ) SI_UNIT ( $, .STERADIAN. ) SOLID_ANGLE_UNIT ( ) );
#1604 =( GEOMETRIC_REPRESENTATION_CONTEXT ( 3 ) GLOBAL_UNCERTAINTY_ASSIGNED_CONTEXT ( ( #1181 ) ) GLOBAL_UNIT_ASSIGNED_CONTEXT ( ( #1224, #1191, #470 ) ) REPRESENTATION_CONTEXT ( 'NONE', 'WORKASPACE' ) );
#1605 = CARTESIAN_POINT ( 'NONE',  ( 0.0000000000000000000, 1.250000000000000666, -2.349999999999998757 ) ) ;
#1606 = PRESENTATION_LAYER_ASSIGNMENT (  '', '', ( #689 ) ) ;
#1607 = CARTESIAN_POINT ( 'NONE',  ( 5.500000000000000000, 1.400000000000000577, -2.349999999999998757 ) ) ;
#1608 = DIRECTION ( 'NONE',  ( 1.000000000000000000, 0.0000000000000000000, 0.0000000000000000000 ) ) ;
#1609 = SURFACE_SIDE_STYLE ('',( #1410 ) ) ;
#1610 = EDGE_CURVE ( 'NONE', #699, #134, #1708, .T. ) ;
#1611 = PRESENTATION_STYLE_ASSIGNMENT (( #81 ) ) ;
#1612 = VECTOR ( 'NONE', #351, 1000.000000000000000 ) ;
#1613 = VECTOR ( 'NONE', #369, 1000.000000000000000 ) ;
#1614 = UNCERTAINTY_MEASURE_WITH_UNIT (LENGTH_MEASURE( 1.000000000000000082E-05 ), #938, 'distance_accuracy_value', 'NONE');
#1615 = DIRECTION ( 'NONE',  ( -1.000000000000000000, -0.0000000000000000000, -0.0000000000000000000 ) ) ;
#1616 = DIRECTION ( 'NONE',  ( 1.000000000000000000, 0.0000000000000000000, 0.0000000000000000000 ) ) ;
#1617 = CIRCLE ( 'NONE', #71, 0.1499999999999999667 ) ;
#1618 = AXIS2_PLACEMENT_3D ( 'NONE', #801, #189, #1399 ) ;
#1619 = COLOUR_RGB ( '',0.9960784313725490335, 0.8705882352941176627, 0.7607843137254901578 ) ;
#1620 =( NAMED_UNIT ( * ) PLANE_ANGLE_UNIT ( ) SI_UNIT ( $, .RADIAN. ) );
#1621 = EDGE_LOOP ( 'NONE', ( #1699, #1662, #860 ) ) ;
#1622 = CIRCLE ( 'NONE', #1870, 0.1499999999999999667 ) ;
#1623 = ORIENTED_EDGE ( 'NONE', *, *, #40, .T. ) ;
#1624 = SURFACE_SIDE_STYLE ('',( #875 ) ) ;
#1625 = ORIENTED_EDGE ( 'NONE', *, *, #829, .F. ) ;
#1626 = ADVANCED_FACE ( 'NONE', ( #445 ), #331, .T. ) ;
#1627 = PRESENTATION_LAYER_ASSIGNMENT (  '', '', ( #1206 ) ) ;
#1628 = STYLED_ITEM ( 'NONE', ( #1334 ), #1463 ) ;
#1629 = DIRECTION ( 'NONE',  ( 1.000000000000000000, 0.0000000000000000000, -0.0000000000000000000 ) ) ;
#1630 = COLOUR_RGB ( '',1.000000000000000000, 1.000000000000000000, 1.000000000000000000 ) ;
#1631 = LINE ( 'NONE', #1507, #1221 ) ;
#1632 = ADVANCED_FACE ( 'NONE', ( #1557 ), #1128, .T. ) ;
#1633 = SURFACE_STYLE_USAGE ( .BOTH. , #1624 ) ;
#1634 = PRESENTATION_STYLE_ASSIGNMENT (( #218 ) ) ;
#1635 = MANIFOLD_SOLID_BREP ( 'Boss-Extrude2', #1284 ) ;
#1636 = STYLED_ITEM ( 'NONE', ( #1112 ), #143 ) ;
#1637 = LINE ( 'NONE', #788, #280 ) ;
#1638 = ORIENTED_EDGE ( 'NONE', *, *, #1294, .F. ) ;
#1639 = VECTOR ( 'NONE', #941, 1000.000000000000000 ) ;
#1640 = AXIS2_PLACEMENT_3D ( 'NONE', #22, #1214, #777 ) ;
#1641 = LINE ( 'NONE', #1219, #92 ) ;
#1642 = ORIENTED_EDGE ( 'NONE', *, *, #685, .T. ) ;
#1643 = EDGE_CURVE ( 'NONE', #423, #1351, #1359, .T. ) ;
#1644 = ORIENTED_EDGE ( 'NONE', *, *, #1409, .T. ) ;
#1645 = STYLED_ITEM ( 'NONE', ( #1611 ), #1823 ) ;
#1646 = FILL_AREA_STYLE ('',( #547 ) ) ;
#1647 = CARTESIAN_POINT ( 'NONE',  ( 0.1499999999999999944, -1.249999999999999334, -2.499999999999998668 ) ) ;
#1648 = SURFACE_STYLE_USAGE ( .BOTH. , #600 ) ;
#1649 = STYLED_ITEM ( 'NONE', ( #1634 ), #1179 ) ;
#1650 = MECHANICAL_DESIGN_GEOMETRIC_PRESENTATION_REPRESENTATION (  '', ( #178 ), #110 ) ;
#1651 = VECTOR ( 'NONE', #1883, 1000.000000000000000 ) ;
#1652 = CARTESIAN_POINT ( 'NONE',  ( 5.549999999999999822, -1.249999999999999334, -2.499999999999998668 ) ) ;
#1653 =( NAMED_UNIT ( * ) SI_UNIT ( $, .STERADIAN. ) SOLID_ANGLE_UNIT ( ) );
#1654 = CARTESIAN_POINT ( 'NONE',  ( 5.549999999999999822, -1.249999999999999334, -2.349999999999998757 ) ) ;
#1655 = CARTESIAN_POINT ( 'NONE',  ( 0.1499999999999999944, 1.250000000000000222, 2.350000000000001421 ) ) ;
#1656 = SURFACE_SIDE_STYLE ('',( #1792 ) ) ;
#1657 = PRESENTATION_STYLE_ASSIGNMENT (( #52 ) ) ;
#1658 = LINE ( 'NONE', #1229, #1439 ) ;
#1659 = UNCERTAINTY_MEASURE_WITH_UNIT (LENGTH_MEASURE( 1.000000000000000082E-05 ), #544, 'distance_accuracy_value', 'NONE');
#1660 = CYLINDRICAL_SURFACE ( 'NONE', #1676, 0.1499999999999999667 ) ;
#1661 = AXIS2_PLACEMENT_3D ( 'NONE', #1931, #1013, #1031 ) ;
#1662 = ORIENTED_EDGE ( 'NONE', *, *, #249, .F. ) ;
#1663 = CIRCLE ( 'NONE', #1690, 0.1499999999999999667 ) ;
#1664 = SURFACE_STYLE_USAGE ( .BOTH. , #1609 ) ;
#1665 = ADVANCED_FACE ( 'NONE', ( #86 ), #555, .T. ) ;
#1666 = DIRECTION ( 'NONE',  ( 1.000000000000000000, -0.0000000000000000000, -0.0000000000000000000 ) ) ;
#1667 = ORIENTED_EDGE ( 'NONE', *, *, #1893, .F. ) ;
#1668 = DIRECTION ( 'NONE',  ( 0.0000000000000000000, 1.000000000000000000, 0.0000000000000000000 ) ) ;
#1669 = MECHANICAL_DESIGN_GEOMETRIC_PRESENTATION_REPRESENTATION (  '', ( #1092 ), #60 ) ;
#1670 = ORIENTED_EDGE ( 'NONE', *, *, #799, .T. ) ;
#1671 =( NAMED_UNIT ( * ) SI_UNIT ( $, .STERADIAN. ) SOLID_ANGLE_UNIT ( ) );
#1672 =( LENGTH_UNIT ( ) NAMED_UNIT ( * ) SI_UNIT ( .MILLI., .METRE. ) );
#1673 =( NAMED_UNIT ( * ) PLANE_ANGLE_UNIT ( ) SI_UNIT ( $, .RADIAN. ) );
#1674 = ORIENTED_EDGE ( 'NONE', *, *, #1324, .F. ) ;
#1675 = EDGE_CURVE ( 'NONE', #740, #1423, #255, .T. ) ;
#1676 = AXIS2_PLACEMENT_3D ( 'NONE', #1600, #1287, #1750 ) ;
#1677 = CARTESIAN_POINT ( 'NONE',  ( 0.2000000000000000111, -1.249999999999999334, -2.349999999999998757 ) ) ;
#1678 = DIRECTION ( 'NONE',  ( -0.0000000000000000000, -1.000000000000000000, -0.0000000000000000000 ) ) ;
#1679 = FILL_AREA_STYLE ('',( #1241 ) ) ;
#1680 =( LENGTH_UNIT ( ) NAMED_UNIT ( * ) SI_UNIT ( .MILLI., .METRE. ) );
#1681 = DIRECTION ( 'NONE',  ( 1.000000000000000000, -0.0000000000000000000, -0.0000000000000000000 ) ) ;
#1682 = EDGE_CURVE ( 'NONE', #1201, #266, #366, .T. ) ;
#1683 = CARTESIAN_POINT ( 'NONE',  ( 5.700000000000000178, 0.0000000000000000000, 2.350000000000001421 ) ) ;
#1684 = SURFACE_STYLE_USAGE ( .BOTH. , #335 ) ;
#1685 = LINE ( 'NONE', #700, #1089 ) ;
#1686 =( LENGTH_UNIT ( ) NAMED_UNIT ( * ) SI_UNIT ( .MILLI., .METRE. ) );
#1687 = DIRECTION ( 'NONE',  ( 0.0000000000000000000, -1.000000000000000000, -0.0000000000000000000 ) ) ;
#1688 =( LENGTH_UNIT ( ) NAMED_UNIT ( * ) SI_UNIT ( .MILLI., .METRE. ) );
#1689 = CARTESIAN_POINT ( 'NONE',  ( 0.2000000000000000111, 1.400000000000000577, -2.499999999999998668 ) ) ;
#1690 = AXIS2_PLACEMENT_3D ( 'NONE', #293, #593, #1345 ) ;
#1691 = CARTESIAN_POINT ( 'NONE',  ( 5.500000000000000000, 1.250000000000000222, 2.500000000000001332 ) ) ;
#1692 = ORIENTED_EDGE ( 'NONE', *, *, #1055, .F. ) ;
#1693 = EDGE_LOOP ( 'NONE', ( #1024, #190, #1517, #1718 ) ) ;
#1694 = COLOUR_RGB ( '',1.000000000000000000, 1.000000000000000000, 1.000000000000000000 ) ;
#1695 = CARTESIAN_POINT ( 'NONE',  ( 5.700000000000000178, -1.249999999999998890, 2.350000000000001421 ) ) ;
#1696 = SURFACE_SIDE_STYLE ('',( #43 ) ) ;
#1697 = FILL_AREA_STYLE_COLOUR ( '', #297 ) ;
#1698 = STYLED_ITEM ( 'NONE', ( #1872 ), #1782 ) ;
#1699 = ORIENTED_EDGE ( 'NONE', *, *, #722, .F. ) ;
#1700 =( NAMED_UNIT ( * ) PLANE_ANGLE_UNIT ( ) SI_UNIT ( $, .RADIAN. ) );
#1701 = ORIENTED_EDGE ( 'NONE', *, *, #694, .F. ) ;
#1702 = UNCERTAINTY_MEASURE_WITH_UNIT (LENGTH_MEASURE( 1.000000000000000082E-05 ), #601, 'distance_accuracy_value', 'NONE');
#1703 =( NAMED_UNIT ( * ) SI_UNIT ( $, .STERADIAN. ) SOLID_ANGLE_UNIT ( ) );
#1704 =( LENGTH_UNIT ( ) NAMED_UNIT ( * ) SI_UNIT ( .MILLI., .METRE. ) );
#1705 = CARTESIAN_POINT ( 'NONE',  ( 0.2000000000000000111, -1.249999999999999334, -2.499999999999998668 ) ) ;
#1706 = SURFACE_STYLE_USAGE ( .BOTH. , #492 ) ;
#1707 =( GEOMETRIC_REPRESENTATION_CONTEXT ( 3 ) GLOBAL_UNCERTAINTY_ASSIGNED_CONTEXT ( ( #843 ) ) GLOBAL_UNIT_ASSIGNED_CONTEXT ( ( #365, #489, #653 ) ) REPRESENTATION_CONTEXT ( 'NONE', 'WORKASPACE' ) );
#1708 = LINE ( 'NONE', #1076, #1528 ) ;
#1709 = CARTESIAN_POINT ( 'NONE',  ( 5.500000000000000000, 1.250000000000000666, -2.499999999999998668 ) ) ;
#1710 = STYLED_ITEM ( 'NONE', ( #179 ), #1626 ) ;
#1711 = COLOUR_RGB ( '',1.000000000000000000, 1.000000000000000000, 1.000000000000000000 ) ;
#1712 = SURFACE_SIDE_STYLE ('',( #1061 ) ) ;
#1713 = DIRECTION ( 'NONE',  ( 0.0000000000000000000, 0.0000000000000000000, 1.000000000000000000 ) ) ;
#1714 = EDGE_CURVE ( 'NONE', #963, #1485, #1773, .T. ) ;
#1715 = SURFACE_STYLE_USAGE ( .BOTH. , #703 ) ;
#1716 = LINE ( 'NONE', #1862, #994 ) ;
#1717 = DIRECTION ( 'NONE',  ( 1.000000000000000000, 0.0000000000000000000, 0.0000000000000000000 ) ) ;
#1718 = ORIENTED_EDGE ( 'NONE', *, *, #548, .F. ) ;
#1719 = DIRECTION ( 'NONE',  ( -1.000000000000000000, 0.0000000000000000000, 0.0000000000000000000 ) ) ;
#1720 = VERTEX_POINT ( 'NONE', #330 ) ;
#1721 = STYLED_ITEM ( 'NONE', ( #1339 ), #1166 ) ;
#1722 = PRESENTATION_STYLE_ASSIGNMENT (( #1633 ) ) ;
#1723 = CARTESIAN_POINT ( 'NONE',  ( 5.500000000000000000, -1.249999999999999334, -2.349999999999998757 ) ) ;
#1724 = ORIENTED_EDGE ( 'NONE', *, *, #685, .F. ) ;
#1725 = DIRECTION ( 'NONE',  ( 1.000000000000000000, 0.0000000000000000000, 0.0000000000000000000 ) ) ;
#1726 = DIRECTION ( 'NONE',  ( -1.000000000000000000, 0.0000000000000000000, 0.0000000000000000000 ) ) ;
#1727 = SURFACE_SIDE_STYLE ('',( #237 ) ) ;
#1728 = ORIENTED_EDGE ( 'NONE', *, *, #962, .T. ) ;
#1729 = UNCERTAINTY_MEASURE_WITH_UNIT (LENGTH_MEASURE( 1.000000000000000082E-05 ), #1183, 'distance_accuracy_value', 'NONE');
#1730 = SURFACE_SIDE_STYLE ('',( #1858 ) ) ;
#1731 = FILL_AREA_STYLE_COLOUR ( '', #640 ) ;
#1732 = PRESENTATION_LAYER_ASSIGNMENT (  '', '', ( #955 ) ) ;
#1733 = ORIENTED_EDGE ( 'NONE', *, *, #1428, .F. ) ;
#1734 =( GEOMETRIC_REPRESENTATION_CONTEXT ( 3 ) GLOBAL_UNCERTAINTY_ASSIGNED_CONTEXT ( ( #308 ) ) GLOBAL_UNIT_ASSIGNED_CONTEXT ( ( #1688, #1426, #808 ) ) REPRESENTATION_CONTEXT ( 'NONE', 'WORKASPACE' ) );
#1735 = DIRECTION ( 'NONE',  ( 0.0000000000000000000, 0.0000000000000000000, -1.000000000000000000 ) ) ;
#1736 = CARTESIAN_POINT ( 'NONE',  ( 5.500000000000000000, 1.250000000000000222, 2.350000000000001421 ) ) ;
#1737 = CIRCLE ( 'NONE', #551, 0.1499999999999999667 ) ;
#1738 = FILL_AREA_STYLE ('',( #1731 ) ) ;
#1739 = PRODUCT_DEFINITION ( 'UNKNOWN', '', #209, #1942 ) ;
#1740 = LINE ( 'NONE', #1683, #1803 ) ;
#1741 = ORIENTED_EDGE ( 'NONE', *, *, #1182, .T. ) ;
#1742 = ORIENTED_EDGE ( 'NONE', *, *, #1902, .F. ) ;
#1743 = PRESENTATION_LAYER_ASSIGNMENT (  '', '', ( #1289 ) ) ;
#1744 = DIRECTION ( 'NONE',  ( -0.0000000000000000000, 8.673617379884035472E-17, -1.000000000000000000 ) ) ;
#1745 = AXIS2_PLACEMENT_3D ( 'NONE', #397, #1857, #590 ) ;
#1746 = EDGE_LOOP ( 'NONE', ( #1939, #27, #1755, #1896 ) ) ;
#1747 = EDGE_CURVE ( 'NONE', #53, #1523, #41, .T. ) ;
#1748 = MECHANICAL_DESIGN_GEOMETRIC_PRESENTATION_REPRESENTATION (  '', ( #78 ), #1853 ) ;
#1749 = FILL_AREA_STYLE_COLOUR ( '', #18 ) ;
#1750 = DIRECTION ( 'NONE',  ( 0.0000000000000000000, 0.0000000000000000000, 1.000000000000000000 ) ) ;
#1751 = CARTESIAN_POINT ( 'NONE',  ( 5.549999999999999822, -1.399999999999999245, -2.349999999999998757 ) ) ;
#1752 = COLOUR_RGB ( '',1.000000000000000000, 1.000000000000000000, 1.000000000000000000 ) ;
#1753 = CARTESIAN_POINT ( 'NONE',  ( 5.549999999999999822, 1.250000000000000666, -2.499999999999998668 ) ) ;
#1754 = MECHANICAL_DESIGN_GEOMETRIC_PRESENTATION_REPRESENTATION (  '', ( #1002 ), #618 ) ;
#1755 = ORIENTED_EDGE ( 'NONE', *, *, #1920, .F. ) ;
#1756 = CARTESIAN_POINT ( 'NONE',  ( 0.2000000000000000111, -1.249999999999998890, 2.350000000000001421 ) ) ;
#1757 = VECTOR ( 'NONE', #155, 1000.000000000000000 ) ;
#1758 = STYLED_ITEM ( 'NONE', ( #947 ), #1635 ) ;
#1759 = UNCERTAINTY_MEASURE_WITH_UNIT (LENGTH_MEASURE( 1.000000000000000082E-05 ), #856, 'distance_accuracy_value', 'NONE');
#1760 =( NAMED_UNIT ( * ) PLANE_ANGLE_UNIT ( ) SI_UNIT ( $, .RADIAN. ) );
#1761 = LINE ( 'NONE', #399, #852 ) ;
#1762 = DIRECTION ( 'NONE',  ( 1.000000000000000000, 0.0000000000000000000, -0.0000000000000000000 ) ) ;
#1763 = VERTEX_POINT ( 'NONE', #965 ) ;
#1764 = DIRECTION ( 'NONE',  ( 0.0000000000000000000, 0.0000000000000000000, -1.000000000000000000 ) ) ;
#1765 = ORIENTED_EDGE ( 'NONE', *, *, #562, .F. ) ;
#1766 =( LENGTH_UNIT ( ) NAMED_UNIT ( * ) SI_UNIT ( .MILLI., .METRE. ) );
#1767 = MECHANICAL_DESIGN_GEOMETRIC_PRESENTATION_REPRESENTATION (  '', ( #95 ), #204 ) ;
#1768 = MECHANICAL_DESIGN_GEOMETRIC_PRESENTATION_REPRESENTATION (  '', ( #1149 ), #651 ) ;
#1769 = ORIENTED_EDGE ( 'NONE', *, *, #1537, .T. ) ;
#1770 = DIRECTION ( 'NONE',  ( 0.0000000000000000000, 0.0000000000000000000, 1.000000000000000000 ) ) ;
#1771 = CYLINDRICAL_SURFACE ( 'NONE', #233, 0.1499999999999999667 ) ;
#1772 = CYLINDRICAL_SURFACE ( 'NONE', #1052, 0.1499999999999999667 ) ;
#1773 = CIRCLE ( 'NONE', #831, 0.1499999999999999667 ) ;
#1774 = AXIS2_PLACEMENT_3D ( 'NONE', #1542, #1725, #201 ) ;
#1775 = ORIENTED_EDGE ( 'NONE', *, *, #639, .T. ) ;
#1776 = ORIENTED_EDGE ( 'NONE', *, *, #177, .F. ) ;
#1777 = AXIS2_PLACEMENT_3D ( 'NONE', #696, #1906, #83 ) ;
#1778 = COLOUR_RGB ( '',1.000000000000000000, 1.000000000000000000, 1.000000000000000000 ) ;
#1779 = UNCERTAINTY_MEASURE_WITH_UNIT (LENGTH_MEASURE( 1.000000000000000082E-05 ), #477, 'distance_accuracy_value', 'NONE');
#1780 = LINE ( 'NONE', #1100, #1639 ) ;
#1781 = EDGE_CURVE ( 'NONE', #1888, #963, #705, .T. ) ;
#1782 = ADVANCED_FACE ( 'NONE', ( #1107 ), #970, .T. ) ;
#1783 = ORIENTED_EDGE ( 'NONE', *, *, #727, .T. ) ;
#1784 = COLOUR_RGB ( '',1.000000000000000000, 1.000000000000000000, 1.000000000000000000 ) ;
#1785 = ORIENTED_EDGE ( 'NONE', *, *, #77, .F. ) ;
#1786 = DIRECTION ( 'NONE',  ( 0.0000000000000000000, 1.000000000000000000, -8.673617379884035472E-17 ) ) ;
#1787 = MECHANICAL_DESIGN_GEOMETRIC_PRESENTATION_REPRESENTATION (  '', ( #1344 ), #734 ) ;
#1788 = SURFACE_STYLE_USAGE ( .BOTH. , #925 ) ;
#1789 = MECHANICAL_DESIGN_GEOMETRIC_PRESENTATION_REPRESENTATION (  '', ( #1325 ), #1901 ) ;
#1790 = DIRECTION ( 'NONE',  ( 1.000000000000000000, 0.0000000000000000000, 0.0000000000000000000 ) ) ;
#1791 = CARTESIAN_POINT ( 'NONE',  ( 0.1499999999999999944, 1.250000000000000666, -2.349999999999998757 ) ) ;
#1792 = SURFACE_STYLE_FILL_AREA ( #471 ) ;
#1793 = CARTESIAN_POINT ( 'NONE',  ( 0.0000000000000000000, 0.0000000000000000000, 2.350000000000001421 ) ) ;
#1794 = CIRCLE ( 'NONE', #141, 0.1499999999999999667 ) ;
#1795 = STYLED_ITEM ( 'NONE', ( #1457 ), #99 ) ;
#1796 = DIRECTION ( 'NONE',  ( -0.0000000000000000000, -1.000000000000000000, -0.0000000000000000000 ) ) ;
#1797 = VECTOR ( 'NONE', #1388, 1000.000000000000000 ) ;
#1798 = CARTESIAN_POINT ( 'NONE',  ( 5.500000000000000000, -1.399999999999998801, 2.350000000000001421 ) ) ;
#1799 = ADVANCED_FACE ( 'NONE', ( #538 ), #1136, .T. ) ;
#1800 = CIRCLE ( 'NONE', #858, 0.1499999999999999667 ) ;
#1801 = SURFACE_STYLE_FILL_AREA ( #1151 ) ;
#1802 =( GEOMETRIC_REPRESENTATION_CONTEXT ( 3 ) GLOBAL_UNCERTAINTY_ASSIGNED_CONTEXT ( ( #228 ) ) GLOBAL_UNIT_ASSIGNED_CONTEXT ( ( #1704, #13, #1519 ) ) REPRESENTATION_CONTEXT ( 'NONE', 'WORKASPACE' ) );
#1803 = VECTOR ( 'NONE', #132, 1000.000000000000000 ) ;
#1804 = ORIENTED_EDGE ( 'NONE', *, *, #574, .T. ) ;
#1805 = DIRECTION ( 'NONE',  ( -1.000000000000000000, 0.0000000000000000000, 0.0000000000000000000 ) ) ;
#1806 = ORIENTED_EDGE ( 'NONE', *, *, #680, .T. ) ;
#1807 = EDGE_CURVE ( 'NONE', #53, #1581, #572, .T. ) ;
#1808 = AXIS2_PLACEMENT_3D ( 'NONE', #1811, #704, #1818 ) ;
#1809 = FILL_AREA_STYLE_COLOUR ( '', #1442 ) ;
#1810 = ORIENTED_EDGE ( 'NONE', *, *, #822, .T. ) ;
#1811 = CARTESIAN_POINT ( 'NONE',  ( 0.0000000000000000000, 0.0000000000000000000, 0.0000000000000000000 ) ) ;
#1812 = DIRECTION ( 'NONE',  ( 0.0000000000000000000, -1.000000000000000000, 0.0000000000000000000 ) ) ;
#1813 = DIRECTION ( 'NONE',  ( 0.0000000000000000000, 0.0000000000000000000, -1.000000000000000000 ) ) ;
#1814 = PLANE ( 'NONE',  #1513 ) ;
#1815 = STYLED_ITEM ( 'NONE', ( #1657 ), #260 ) ;
#1816 = ORIENTED_EDGE ( 'NONE', *, *, #694, .T. ) ;
#1817 = DIRECTION ( 'NONE',  ( 1.000000000000000000, 0.0000000000000000000, 0.0000000000000000000 ) ) ;
#1818 = DIRECTION ( 'NONE',  ( 1.000000000000000000, 0.0000000000000000000, 0.0000000000000000000 ) ) ;
#1819 = PRESENTATION_LAYER_ASSIGNMENT (  '', '', ( #701 ) ) ;
#1820 = DIRECTION ( 'NONE',  ( -1.000000000000000000, -0.0000000000000000000, -0.0000000000000000000 ) ) ;
#1821 = COLOUR_RGB ( '',0.7921568627450980005, 0.8196078431372548767, 0.9333333333333333481 ) ;
#1822 = VECTOR ( 'NONE', #1868, 1000.000000000000000 ) ;
#1823 = ADVANCED_FACE ( 'NONE', ( #363 ), #1943, .T. ) ;
#1824 = VECTOR ( 'NONE', #972, 1000.000000000000000 ) ;
#1825 =( NAMED_UNIT ( * ) SI_UNIT ( $, .STERADIAN. ) SOLID_ANGLE_UNIT ( ) );
#1826 = DIRECTION ( 'NONE',  ( 0.0000000000000000000, -8.673617379884035472E-17, 1.000000000000000000 ) ) ;
#1827 = CARTESIAN_POINT ( 'NONE',  ( 5.500000000000000888, -1.399999999999999245, -2.499999999999998668 ) ) ;
#1828 = FACE_OUTER_BOUND ( 'NONE', #1890, .T. ) ;
#1829 = VERTEX_POINT ( 'NONE', #684 ) ;
#1830 = PLANE ( 'NONE',  #1559 ) ;
#1831 = CIRCLE ( 'NONE', #424, 0.1499999999999999667 ) ;
#1832 = SURFACE_STYLE_USAGE ( .BOTH. , #1435 ) ;
#1833 = COLOUR_RGB ( '',0.9960784313725490335, 0.8705882352941176627, 0.7607843137254901578 ) ;
#1834 = DIRECTION ( 'NONE',  ( 0.0000000000000000000, -1.000000000000000000, 0.0000000000000000000 ) ) ;
#1835 =( NAMED_UNIT ( * ) PLANE_ANGLE_UNIT ( ) SI_UNIT ( $, .RADIAN. ) );
#1836 = CARTESIAN_POINT ( 'NONE',  ( 5.549999999999999822, -1.249999999999999334, -2.349999999999998757 ) ) ;
#1837 = AXIS2_PLACEMENT_3D ( 'NONE', #472, #1382, #1985 ) ;
#1838 = CYLINDRICAL_SURFACE ( 'NONE', #1310, 0.1499999999999999667 ) ;
#1839 = EDGE_LOOP ( 'NONE', ( #1816, #511, #1141, #1644 ) ) ;
#1840 =( NAMED_UNIT ( * ) SI_UNIT ( $, .STERADIAN. ) SOLID_ANGLE_UNIT ( ) );
#1841 = DIRECTION ( 'NONE',  ( 0.0000000000000000000, 0.0000000000000000000, -1.000000000000000000 ) ) ;
#1842 = ORIENTED_EDGE ( 'NONE', *, *, #527, .T. ) ;
#1843 = CARTESIAN_POINT ( 'NONE',  ( 0.1499999999999999944, 1.400000000000000133, 2.350000000000001421 ) ) ;
#1844 = SURFACE_STYLE_USAGE ( .BOTH. , #320 ) ;
#1845 =( LENGTH_UNIT ( ) NAMED_UNIT ( * ) SI_UNIT ( .MILLI., .METRE. ) );
#1846 = DIRECTION ( 'NONE',  ( 0.0000000000000000000, 0.0000000000000000000, -1.000000000000000000 ) ) ;
#1847 = FILL_AREA_STYLE ('',( #764 ) ) ;
#1848 = CARTESIAN_POINT ( 'NONE',  ( 5.500000000000000888, -1.249999999999998890, 2.350000000000001421 ) ) ;
#1849 = PRESENTATION_LAYER_ASSIGNMENT (  '', '', ( #1636 ) ) ;
#1850 =( GEOMETRIC_REPRESENTATION_CONTEXT ( 3 ) GLOBAL_UNCERTAINTY_ASSIGNED_CONTEXT ( ( #897 ) ) GLOBAL_UNIT_ASSIGNED_CONTEXT ( ( #378, #1103, #59 ) ) REPRESENTATION_CONTEXT ( 'NONE', 'WORKASPACE' ) );
#1851 = CARTESIAN_POINT ( 'NONE',  ( 0.2000000000000000111, 1.400000000000000133, 2.350000000000001421 ) ) ;
#1852 = EDGE_CURVE ( 'NONE', #1138, #796, #1185, .T. ) ;
#1853 =( GEOMETRIC_REPRESENTATION_CONTEXT ( 3 ) GLOBAL_UNCERTAINTY_ASSIGNED_CONTEXT ( ( #787 ) ) GLOBAL_UNIT_ASSIGNED_CONTEXT ( ( #34, #1864, #1544 ) ) REPRESENTATION_CONTEXT ( 'NONE', 'WORKASPACE' ) );
#1854 = SURFACE_STYLE_USAGE ( .BOTH. , #1058 ) ;
#1855 = LINE ( 'NONE', #391, #642 ) ;
#1856 = SURFACE_STYLE_USAGE ( .BOTH. , #960 ) ;
#1857 = DIRECTION ( 'NONE',  ( -1.000000000000000000, 0.0000000000000000000, 0.0000000000000000000 ) ) ;
#1858 = SURFACE_STYLE_FILL_AREA ( #1113 ) ;
#1859 = PRESENTATION_LAYER_ASSIGNMENT (  '', '', ( #144 ) ) ;
#1860 = DIRECTION ( 'NONE',  ( -1.000000000000000000, -0.0000000000000000000, -0.0000000000000000000 ) ) ;
#1861 = ORIENTED_EDGE ( 'NONE', *, *, #1675, .T. ) ;
#1862 = CARTESIAN_POINT ( 'NONE',  ( 5.500000000000000888, 1.400000000000000577, -2.499999999999998668 ) ) ;
#1863 = EDGE_LOOP ( 'NONE', ( #1071, #566, #1917, #197 ) ) ;
#1864 =( NAMED_UNIT ( * ) PLANE_ANGLE_UNIT ( ) SI_UNIT ( $, .RADIAN. ) );
#1865 = MECHANICAL_DESIGN_GEOMETRIC_PRESENTATION_REPRESENTATION (  '', ( #1710 ), #1243 ) ;
#1866 = DIRECTION ( 'NONE',  ( 0.0000000000000000000, 0.0000000000000000000, -1.000000000000000000 ) ) ;
#1867 = DIRECTION ( 'NONE',  ( 1.000000000000000000, 0.0000000000000000000, -0.0000000000000000000 ) ) ;
#1868 = DIRECTION ( 'NONE',  ( 1.000000000000000000, -0.0000000000000000000, -0.0000000000000000000 ) ) ;
#1869 = CARTESIAN_POINT ( 'NONE',  ( 0.1499999999999999944, -1.249999999999999334, -2.499999999999998668 ) ) ;
#1870 = AXIS2_PLACEMENT_3D ( 'NONE', #1044, #130, #913 ) ;
#1871 = UNCERTAINTY_MEASURE_WITH_UNIT (LENGTH_MEASURE( 1.000000000000000082E-05 ), #1338, 'distance_accuracy_value', 'NONE');
#1872 = PRESENTATION_STYLE_ASSIGNMENT (( #1856 ) ) ;
#1873 = FILL_AREA_STYLE ('',( #805 ) ) ;
#1874 = DIRECTION ( 'NONE',  ( -0.0000000000000000000, -1.000000000000000000, -0.0000000000000000000 ) ) ;
#1875 = AXIS2_PLACEMENT_3D ( 'NONE', #1396, #655, #1719 ) ;
#1876 = LINE ( 'NONE', #1387, #1612 ) ;
#1877 = DIRECTION ( 'NONE',  ( 1.000000000000000000, -0.0000000000000000000, -0.0000000000000000000 ) ) ;
#1878 = PLANE ( 'NONE',  #97 ) ;
#1879 = ORIENTED_EDGE ( 'NONE', *, *, #1467, .F. ) ;
#1880 = CIRCLE ( 'NONE', #1126, 0.1499999999999999667 ) ;
#1881 = COLOUR_RGB ( '',1.000000000000000000, 1.000000000000000000, 1.000000000000000000 ) ;
#1882 =( NAMED_UNIT ( * ) SI_UNIT ( $, .STERADIAN. ) SOLID_ANGLE_UNIT ( ) );
#1883 = DIRECTION ( 'NONE',  ( 1.000000000000000000, 0.0000000000000000000, 0.0000000000000000000 ) ) ;
#1884 = VECTOR ( 'NONE', #948, 1000.000000000000000 ) ;
#1885 = EDGE_CURVE ( 'NONE', #763, #423, #1217, .T. ) ;
#1886 = VERTEX_POINT ( 'NONE', #1751 ) ;
#1887 = DIRECTION ( 'NONE',  ( -0.0000000000000000000, 1.000000000000000000, 0.0000000000000000000 ) ) ;
#1888 = VERTEX_POINT ( 'NONE', #1577 ) ;
#1889 =( GEOMETRIC_REPRESENTATION_CONTEXT ( 3 ) GLOBAL_UNCERTAINTY_ASSIGNED_CONTEXT ( ( #202 ) ) GLOBAL_UNIT_ASSIGNED_CONTEXT ( ( #657, #1620, #844 ) ) REPRESENTATION_CONTEXT ( 'NONE', 'WORKASPACE' ) );
#1890 = EDGE_LOOP ( 'NONE', ( #1724, #509, #73, #286 ) ) ;
#1891 = ORIENTED_EDGE ( 'NONE', *, *, #47, .T. ) ;
#1892 = SURFACE_SIDE_STYLE ('',( #259 ) ) ;
#1893 = EDGE_CURVE ( 'NONE', #766, #148, #474, .T. ) ;
#1894 = EDGE_LOOP ( 'NONE', ( #723, #1099, #1040, #1879 ) ) ;
#1895 = CARTESIAN_POINT ( 'NONE',  ( 0.1499999999999999944, 1.250000000000000666, -2.499999999999998668 ) ) ;
#1896 = ORIENTED_EDGE ( 'NONE', *, *, #853, .T. ) ;
#1897 = DIRECTION ( 'NONE',  ( 1.000000000000000000, 0.0000000000000000000, 0.0000000000000000000 ) ) ;
#1898 = SURFACE_SIDE_STYLE ('',( #1393 ) ) ;
#1899 = STYLED_ITEM ( 'NONE', ( #1283 ), #737 ) ;
#1900 = VECTOR ( 'NONE', #1418, 1000.000000000000000 ) ;
#1901 =( GEOMETRIC_REPRESENTATION_CONTEXT ( 3 ) GLOBAL_UNCERTAINTY_ASSIGNED_CONTEXT ( ( #1357 ) ) GLOBAL_UNIT_ASSIGNED_CONTEXT ( ( #1766, #1484, #1478 ) ) REPRESENTATION_CONTEXT ( 'NONE', 'WORKASPACE' ) );
#1902 = EDGE_CURVE ( 'NONE', #1829, #344, #845, .T. ) ;
#1903 = SPHERICAL_SURFACE ( 'NONE', #1837, 0.1499999999999999944 ) ;
#1904 = SURFACE_SIDE_STYLE ('',( #392 ) ) ;
#1905 = PRESENTATION_STYLE_ASSIGNMENT (( #682 ) ) ;
#1906 = DIRECTION ( 'NONE',  ( 0.0000000000000000000, 0.0000000000000000000, 1.000000000000000000 ) ) ;
#1907 = COLOUR_RGB ( '',0.9960784313725490335, 0.8705882352941176627, 0.7607843137254901578 ) ;
#1908 = FILL_AREA_STYLE_COLOUR ( '', #1881 ) ;
#1909 = COLOUR_RGB ( '',1.000000000000000000, 1.000000000000000000, 1.000000000000000000 ) ;
#1910 = UNCERTAINTY_MEASURE_WITH_UNIT (LENGTH_MEASURE( 1.000000000000000082E-05 ), #654, 'distance_accuracy_value', 'NONE');
#1911 = EDGE_LOOP ( 'NONE', ( #1572, #865, #1456, #674 ) ) ;
#1912 = CARTESIAN_POINT ( 'NONE',  ( 0.1499999999999999944, -1.399999999999999245, -2.349999999999998757 ) ) ;
#1913 = EDGE_CURVE ( 'NONE', #322, #1114, #332, .T. ) ;
#1914 = CARTESIAN_POINT ( 'NONE',  ( 5.700000000000000178, 1.250000000000000444, 1.084202172485504927E-16 ) ) ;
#1915 = VERTEX_POINT ( 'NONE', #520 ) ;
#1916 = AXIS2_PLACEMENT_3D ( 'NONE', #903, #589, #312 ) ;
#1917 = ORIENTED_EDGE ( 'NONE', *, *, #680, .F. ) ;
#1918 = FILL_AREA_STYLE ('',( #1908 ) ) ;
#1919 = SURFACE_STYLE_USAGE ( .BOTH. , #441 ) ;
#1920 = EDGE_CURVE ( 'NONE', #796, #1915, #1247, .T. ) ;
#1921 = PRODUCT_RELATED_PRODUCT_CATEGORY ( 'part', '', ( #1330 ) ) ;
#1922 =( LENGTH_UNIT ( ) NAMED_UNIT ( * ) SI_UNIT ( .MILLI., .METRE. ) );
#1923 = VECTOR ( 'NONE', #46, 1000.000000000000000 ) ;
#1924 = PRESENTATION_LAYER_ASSIGNMENT (  '', '', ( #102 ) ) ;
#1925 = DIRECTION ( 'NONE',  ( 0.0000000000000000000, 0.0000000000000000000, -1.000000000000000000 ) ) ;
#1926 = MECHANICAL_DESIGN_GEOMETRIC_PRESENTATION_REPRESENTATION (  '', ( #462 ), #725 ) ;
#1927 = FACE_OUTER_BOUND ( 'NONE', #93, .T. ) ;
#1928 =( NAMED_UNIT ( * ) PLANE_ANGLE_UNIT ( ) SI_UNIT ( $, .RADIAN. ) );
#1929 = ORIENTED_EDGE ( 'NONE', *, *, #883, .T. ) ;
#1930 = ORIENTED_EDGE ( 'NONE', *, *, #1885, .T. ) ;
#1931 = CARTESIAN_POINT ( 'NONE',  ( 5.500000000000000000, 1.400000000000000577, -2.349999999999998757 ) ) ;
#1932 = UNCERTAINTY_MEASURE_WITH_UNIT (LENGTH_MEASURE( 1.000000000000000082E-05 ), #871, 'distance_accuracy_value', 'NONE');
#1933 = VERTEX_POINT ( 'NONE', #222 ) ;
#1934 = EDGE_LOOP ( 'NONE', ( #1957, #1765, #468, #215 ) ) ;
#1935 = SURFACE_STYLE_FILL_AREA ( #861 ) ;
#1936 = AXIS2_PLACEMENT_3D ( 'NONE', #101, #1170, #1770 ) ;
#1937 = VERTEX_POINT ( 'NONE', #393 ) ;
#1938 = MECHANICAL_DESIGN_GEOMETRIC_PRESENTATION_REPRESENTATION (  '', ( #245 ), #1948 ) ;
#1939 = ORIENTED_EDGE ( 'NONE', *, *, #1714, .T. ) ;
#1940 = ADVANCED_FACE ( 'NONE', ( #945 ), #1148, .T. ) ;
#1941 = DIRECTION ( 'NONE',  ( 0.0000000000000000000, 0.0000000000000000000, 1.000000000000000000 ) ) ;
#1942 = PRODUCT_DEFINITION_CONTEXT ( 'detailed design', #752, 'design' ) ;
#1943 = CYLINDRICAL_SURFACE ( 'NONE', #387, 0.1499999999999999667 ) ;
#1944 = PLANE ( 'NONE',  #1661 ) ;
#1945 = AXIS2_PLACEMENT_3D ( 'NONE', #1348, #1678, #770 ) ;
#1946 = DIRECTION ( 'NONE',  ( -1.000000000000000000, -0.0000000000000000000, -0.0000000000000000000 ) ) ;
#1947 = FILL_AREA_STYLE_COLOUR ( '', #258 ) ;
#1948 =( GEOMETRIC_REPRESENTATION_CONTEXT ( 3 ) GLOBAL_UNCERTAINTY_ASSIGNED_CONTEXT ( ( #594 ) ) GLOBAL_UNIT_ASSIGNED_CONTEXT ( ( #153, #484, #636 ) ) REPRESENTATION_CONTEXT ( 'NONE', 'WORKASPACE' ) );
#1949 = FACE_OUTER_BOUND ( 'NONE', #1270, .T. ) ;
#1950 = SURFACE_SIDE_STYLE ('',( #1265 ) ) ;
#1951 = EDGE_CURVE ( 'NONE', #405, #1937, #1474, .T. ) ;
#1952 =( GEOMETRIC_REPRESENTATION_CONTEXT ( 3 ) GLOBAL_UNCERTAINTY_ASSIGNED_CONTEXT ( ( #1155 ) ) GLOBAL_UNIT_ASSIGNED_CONTEXT ( ( #980, #1591, #675 ) ) REPRESENTATION_CONTEXT ( 'NONE', 'WORKASPACE' ) );
#1953 = DIRECTION ( 'NONE',  ( 0.0000000000000000000, 0.0000000000000000000, -1.000000000000000000 ) ) ;
#1954 = COLOUR_RGB ( '',1.000000000000000000, 1.000000000000000000, 1.000000000000000000 ) ;
#1955 = DIRECTION ( 'NONE',  ( -1.000000000000000000, 0.0000000000000000000, 0.0000000000000000000 ) ) ;
#1956 = ORIENTED_EDGE ( 'NONE', *, *, #427, .F. ) ;
#1957 = ORIENTED_EDGE ( 'NONE', *, *, #1425, .T. ) ;
#1958 = ADVANCED_FACE ( 'NONE', ( #825 ), #631, .T. ) ;
#1959 = EDGE_LOOP ( 'NONE', ( #184, #221, #113, #718 ) ) ;
#1960 =( LENGTH_UNIT ( ) NAMED_UNIT ( * ) SI_UNIT ( .MILLI., .METRE. ) );
#1961 = SURFACE_SIDE_STYLE ('',( #1199 ) ) ;
#1962 = DIRECTION ( 'NONE',  ( 0.0000000000000000000, -1.000000000000000000, 0.0000000000000000000 ) ) ;
#1963 = DIRECTION ( 'NONE',  ( -0.0000000000000000000, 0.0000000000000000000, -1.000000000000000000 ) ) ;
#1964 =( NAMED_UNIT ( * ) PLANE_ANGLE_UNIT ( ) SI_UNIT ( $, .RADIAN. ) );
#1965 = ADVANCED_FACE ( 'NONE', ( #298 ), #1771, .T. ) ;
#1966 = COLOUR_RGB ( '',0.9960784313725490335, 0.8705882352941176627, 0.7607843137254901578 ) ;
#1967 =( NAMED_UNIT ( * ) SI_UNIT ( $, .STERADIAN. ) SOLID_ANGLE_UNIT ( ) );
#1968 = DIRECTION ( 'NONE',  ( 0.0000000000000000000, 0.0000000000000000000, -1.000000000000000000 ) ) ;
#1969 = UNCERTAINTY_MEASURE_WITH_UNIT (LENGTH_MEASURE( 1.000000000000000082E-05 ), #1290, 'distance_accuracy_value', 'NONE');
#1970 = SURFACE_STYLE_USAGE ( .BOTH. , #1520 ) ;
#1971 = SURFACE_SIDE_STYLE ('',( #1041 ) ) ;
#1972 = FACE_OUTER_BOUND ( 'NONE', #1143, .T. ) ;
#1973 = PRESENTATION_LAYER_ASSIGNMENT (  '', '', ( #542 ) ) ;
#1974 = PRESENTATION_STYLE_ASSIGNMENT (( #773 ) ) ;
#1975 = APPLICATION_PROTOCOL_DEFINITION ( 'draft international standard', 'automotive_design', 1998, #1057 ) ;
#1976 = FILL_AREA_STYLE_COLOUR ( '', #1196 ) ;
#1977 = FILL_AREA_STYLE_COLOUR ( '', #730 ) ;
#1978 = AXIS2_PLACEMENT_3D ( 'NONE', #329, #937, #771 ) ;
#1979 = ADVANCED_FACE ( 'NONE', ( #1008 ), #1384, .T. ) ;
#1980 = VERTEX_POINT ( 'NONE', #733 ) ;
#1981 =( LENGTH_UNIT ( ) NAMED_UNIT ( * ) SI_UNIT ( .MILLI., .METRE. ) );
#1982 = ORIENTED_EDGE ( 'NONE', *, *, #1164, .T. ) ;
#1983 =( LENGTH_UNIT ( ) NAMED_UNIT ( * ) SI_UNIT ( .MILLI., .METRE. ) );
#1984 = ORIENTED_EDGE ( 'NONE', *, *, #574, .F. ) ;
#1985 = DIRECTION ( 'NONE',  ( 0.0000000000000000000, 0.0000000000000000000, -1.000000000000000000 ) ) ;
ENDSEC;
END-ISO-10303-21;
